sample,x_grid,conditional_mean_128,drift_per_day_128,mean_abs_difference_64_128,mean_abs_difference_256_128,sign_match_anchor
baseline,-0.0015111411989516307,-0.0015329026364790414,-0.006267294007894282,4.272112121245534e-05,1.4215499034671156e-05,False
baseline,-0.0013008457330480696,-0.001262397435989238,0.011073109552943529,2.069953489344063e-06,2.032803301860696e-06,True
baseline,-0.001200720576518877,-0.0011618010856438144,0.01120881337201806,7.364256609150967e-06,1.3102842464621147e-06,True
baseline,-0.0011406502942706554,-0.0011348094778074688,0.0016821551413977315,3.7907142246122218e-06,1.1019163716180069e-06,True
baseline,-0.001070572858675662,-0.0010430389228322512,0.007929773522902292,4.188748537325895e-06,7.727149941316215e-07,True
baseline,-0.0009804805139614205,-0.0009493603347364356,0.00896261161679563,5.101277503983745e-07,6.311927398637432e-07,True
baseline,-0.0008703786696443615,-0.0008582005864609913,0.003507287956810646,5.550594490379341e-06,2.542729755892776e-07,True
baseline,-0.0008003201707691552,-0.0007774759662563912,0.006579130899676027,4.082027345543885e-06,5.917751167035506e-07,True
baseline,-0.0007102521693672204,-0.0007185309541765988,-0.0023842900251009845,1.5182442241682814e-06,1.4747555539351784e-06,False
baseline,-0.0006602178958794559,-0.0006536748329755353,0.0018844021163291307,6.8681627053663675e-06,1.856582888920457e-06,True
baseline,-0.0006001800720324606,-0.0005857529645327555,0.004155006959915074,6.318355872993349e-06,1.181338087065777e-06,True
baseline,-0.0005601568585632689,-0.0005517961731086248,0.0024078774109375055,3.956006156010869e-06,7.527059899620431e-07,True
baseline,-0.0005101300942339304,-0.0005109786850561536,-0.00024439415680027957,1.182664354127663e-06,4.4035864418248347e-07,False
baseline,-0.0004801152368773121,-0.0004678938361475071,0.0035197634101838404,2.518456786899394e-07,4.620806875504013e-07,True
baseline,-0.00043009247651092477,-0.00043068149877738266,-0.00016963841273987153,1.1954168021519333e-06,6.550200599558255e-07,False
baseline,-0.00040008002133969133,-0.0003863428540181528,0.0039563041886030905,2.2871954886856914e-06,7.591251131376479e-07,True
baseline,-0.0003600648155562272,-0.000355653753413224,0.0012703858971849242,1.8447556604433762e-06,6.669954076812183e-07,True
baseline,-0.00033005446198201805,-0.0003313109826430955,-0.0003618779503903047,8.673477329173749e-07,5.768681008404687e-07,False
baseline,-0.00030004500900199243,-0.00028502414792009933,0.004326007991585213,8.44332688197853e-07,6.994581879795833e-07,True
baseline,-0.00028003920731881727,-0.00026993745028677254,0.0029093060252288836,1.0245847562135799e-06,8.560717146364875e-07,True
baseline,-0.00025003125520928253,-0.00024869065329420615,0.0003860933515419992,9.10265353322936e-07,1.1308154811406337e-06,True
baseline,-0.0002100220530875298,-0.00021879362538024084,-0.002526212820300783,2.2170448973470665e-07,1.448397553041516e-06,False
baseline,-0.0002000200026670447,-0.00018399338156815947,0.004615666876478945,8.938197017166255e-07,1.378702307002714e-06,True
baseline,-0.00019001805228668268,-0.00017643318701867798,0.003912441197185355,1.1281214804341987e-06,1.285536411735409e-06,True
baseline,-0.0001600128013655462,-0.00015657105984525252,0.0009912215578445792,1.6611143256048063e-06,9.431355329759768e-07,True
baseline,-0.0001400098009147917,-0.00014314577197770795,-0.0009031596661198803,1.9298839686115944e-06,6.703175872187358e-07,False
baseline,-0.00011000605044375778,-0.0001221296410665799,-0.0034915940993727724,2.1895078916128426e-06,2.7080435020660734e-07,False
baseline,-0.00010000500033334732,-7.959331721085606e-05,0.005878564739277484,2.148492660540788e-06,4.058271962785226e-07,True
baseline,-0.00010000500033334732,-7.959331721085606e-05,0.005878564739277484,2.148492660540788e-06,4.058271962785226e-07,True
baseline,-0.00010000500033334732,-7.959331721085606e-05,0.005878564739277484,2.148492660540788e-06,4.058271962785226e-07,True
baseline,-9.00040502430509e-05,-7.325253993538432e-05,0.004824434968607976,2.0618681652863845e-06,5.236212601483959e-07,True
baseline,-8.000320017064589e-05,-6.709416471617529e-05,0.0037178022108875323,1.9628794314708215e-06,6.276599005108961e-07,True
baseline,-6.000180007195222e-05,-5.453668943938547e-05,0.001573951862179224,1.740690897650343e-06,7.685826534532594e-07,True
baseline,-4.000080002137398e-05,-4.0665818193914805e-05,-0.00019152523369175768,1.5095702345842852e-06,7.476981957359386e-07,False
baseline,-2.000020000268671e-05,-2.6781994282700735e-05,-0.0019531567526440397,1.3251832916608086e-06,4.828929011347439e-07,False
baseline,-1.0000050000287824e-05,-1.860368551755743e-05,-0.002477847028973647,1.2263005929260366e-06,1.9991626937362626e-07,False
baseline,0.0,2.0968727487732496e-05,0.006038993516466959,5.528990378805297e-07,2.518979772492808e-06,False
baseline,0.0,2.0968727487732496e-05,0.006038993516466959,5.528990378805297e-07,2.518979772492808e-06,False
baseline,0.0,2.0968727487732496e-05,0.006038993516466959,5.528990378805297e-07,2.518979772492808e-06,False
baseline,0.0,2.0968727487732496e-05,0.006038993516466959,5.528990378805297e-07,2.518979772492808e-06,False
baseline,0.0,2.0968727487732496e-05,0.006038993516466959,5.528990378805297e-07,2.518979772492808e-06,False
baseline,0.0,2.0968727487732496e-05,0.006038993516466959,5.528990378805297e-07,2.518979772492808e-06,False
baseline,9.999950000398841e-06,2.722203489952097e-05,0.004959960450947173,5.673819357750395e-07,2.8728667362325924e-06,False
baseline,1.9999800002575608e-05,3.293612141476698e-05,0.0037256605667111147,6.019558141391772e-07,3.1224034275625576e-06,False
baseline,3.9999200021372696e-05,4.542767648662375e-05,0.001563401221992303,7.325995800497184e-07,3.426868251727667e-06,False
baseline,5.999820007194575e-05,5.792570574607365e-05,-0.0005968783658511655,9.127815083638017e-07,3.3999041278378974e-06,True
baseline,6.999755011434183e-05,6.425258756128873e-05,-0.0016545492152792917,1.0086047427424155e-06,3.2531835000113463e-06,True
baseline,8.999595024290707e-05,7.681753703811021e-05,-0.003795383002981497,1.160092058276552e-06,2.6617577560921065e-06,True
baseline,9.999500033329732e-05,0.00012343710267450174,0.006751325474266874,6.783846678465625e-07,1.1829412702119913e-06,False
baseline,9.999500033329732e-05,0.00012343710267450174,0.006751325474266874,6.783846678465625e-07,1.1829412702119913e-06,False
baseline,9.999500033329732e-05,0.00012343710267450174,0.006751325474266874,6.783846678465625e-07,1.1829412702119913e-06,False
baseline,9.999500033329732e-05,0.00012343710267450174,0.006751325474266874,6.783846678465625e-07,1.1829412702119913e-06,False
baseline,9.999500033329732e-05,0.00012343710267450174,0.006751325474266874,6.783846678465625e-07,1.1829412702119913e-06,False
baseline,9.999500033329732e-05,0.00012343710267450174,0.006751325474266874,6.783846678465625e-07,1.1829412702119913e-06,False
baseline,0.00010999395044368456,0.0001293505614518057,0.005574703970338889,6.170966767257723e-07,1.2437772982294725e-06,False
baseline,0.00012999155073222543,0.00014107835414395181,0.0031929993825771984,4.796363298673046e-07,1.1277044292868114e-06,False
baseline,0.00013999020091459962,0.00014748667335144503,0.002158984061811477,3.9889987256842016e-07,9.694443315108451e-07,False
baseline,0.0001599872013651075,0.00015962698424164539,-0.00010374253155708956,2.5633256414800583e-07,5.561902774131827e-07,True
baseline,0.00017998380194380657,0.0001714603922028119,-0.002454742005406462,1.7191159603190532e-07,8.47307099661348e-08,True
baseline,0.0001999800026662447,0.00022246158665138784,0.00647469618772122,1.2323962212480765e-06,8.501063426393863e-07,False
baseline,0.0001999800026662447,0.00022246158665138784,0.00647469618772122,1.2323962212480765e-06,8.501063426393863e-07,False
baseline,0.0001999800026662447,0.00022246158665138784,0.00647469618772122,1.2323962212480765e-06,8.501063426393863e-07,False
baseline,0.0001999800026662447,0.00022246158665138784,0.00647469618772122,1.2323962212480765e-06,8.501063426393863e-07,False
baseline,0.0001999800026662447,0.00022246158665138784,0.00647469618772122,1.2323962212480765e-06,8.501063426393863e-07,False
baseline,0.0001999800026662447,0.00022246158665138784,0.00647469618772122,1.2323962212480765e-06,8.501063426393863e-07,False
baseline,0.00021997580354885676,0.00023376877924283327,0.003972376999865234,1.5063761086930405e-06,7.761662953982356e-07,False
baseline,0.00023997120460718868,0.0002460576585266584,0.0017528987288072742,1.7719556636489856e-06,7.054006850431291e-07,False
baseline,0.00025996620585745146,0.0002582196498633687,-0.0005030081262958341,1.9789290901925578e-06,6.727092619153766e-07,True
baseline,0.000279960807315855,0.00026959970822859917,-0.00298399653712968,2.067868871605651e-06,6.799685700591292e-07,True
baseline,0.00029995500899794244,0.0003235576495350354,0.006797560474682766,6.678521956288283e-07,3.105291127514448e-07,False
baseline,0.00029995500899794244,0.0003235576495350354,0.006797560474682766,6.678521956288283e-07,3.105291127514448e-07,False
baseline,0.00029995500899794244,0.0003235576495350354,0.006797560474682766,6.678521956288283e-07,3.105291127514448e-07,False
baseline,0.00029995500899794244,0.0003235576495350354,0.006797560474682766,6.678521956288283e-07,3.105291127514448e-07,False
baseline,0.00029995500899794244,0.0003235576495350354,0.006797560474682766,6.678521956288283e-07,3.105291127514448e-07,False
baseline,0.00032994556197597747,0.00034058387367790627,0.0030638337701554934,1.5479946860046416e-06,7.813939502740322e-08,False
baseline,0.0003499387642879886,0.00035232035617258745,0.0006858984627644751,1.9179480798915466e-06,3.818253778203797e-08,False
baseline,0.00037992781828550236,0.00036794497382996614,-0.0034510592031944294,2.107426480634064e-06,1.329961811040968e-07,True
baseline,0.0003999200213268913,0.0004255776000858367,0.007389382682576273,1.1651954968103836e-07,7.437398103762524e-08,False
baseline,0.0003999200213268913,0.0004255776000858367,0.007389382682576273,1.1651954968103836e-07,7.437398103762524e-08,False
baseline,0.0003999200213268913,0.0004255776000858367,0.007389382682576273,1.1651954968103836e-07,7.437398103762524e-08,False
baseline,0.0003999200213268913,0.0004255776000858367,0.007389382682576273,1.1651954968103836e-07,7.437398103762524e-08,False
baseline,0.00043990322838529565,0.00044560600395776367,0.001642399364870789,2.2696009889533204e-07,2.115998179338897e-08,False
baseline,0.00047988483685076997,0.0004649299028074165,-0.004307021004485802,1.7057907145817675e-08,2.7219401679432972e-09,True
baseline,0.0004998750416509929,0.0005291492523556771,0.00843097268294905,1.3298566996200988e-07,4.408016659682981e-07,False
baseline,0.0004998750416509929,0.0005291492523556771,0.00843097268294905,1.3298566996200988e-07,4.408016659682981e-07,False
baseline,0.0004998750416509929,0.0005291492523556771,0.00843097268294905,1.3298566996200988e-07,4.408016659682981e-07,False
baseline,0.0005498488054355172,0.0005508762009265753,0.00029588990142473404,1.333335522731515e-06,7.080589426140078e-07,False
baseline,0.0005998200719675495,0.0006288722387535184,0.008367024034359054,5.484528125648076e-06,1.3794670916133546e-06,False
baseline,0.0005998200719675495,0.0006288722387535184,0.008367024034359054,5.484528125648076e-06,1.3794670916133546e-06,False
baseline,0.0006298016333095459,0.0006416734724025706,0.0034190896587911017,5.597357218073786e-06,1.4395260485388197e-06,False
baseline,0.0006997551142732649,0.0007316305304343489,0.009180119854392193,8.467100050825005e-06,8.383948644889467e-08,False
baseline,0.0006997551142732649,0.0007316305304343489,0.009180119854392193,8.467100050825005e-06,8.383948644889467e-08,False
baseline,0.0007996801705642441,0.0008331633696883993,0.009643161347756685,2.3476620297708303e-06,2.228030152847619e-06,False
baseline,0.0008396473974435676,0.0008478772997522316,0.002370211864895229,5.504840785226523e-06,2.807006226903828e-06,False
baseline,0.0008995952428359939,0.0009375253947021883,0.010923883737463974,1.877365978074472e-05,4.379596877832634e-06,False
baseline,0.0009995003330834232,0.0010335450459874823,0.009804877316369032,1.4502606755336734e-05,3.3758388578387834e-06,False
baseline,0.001199280575482187,0.0012373631429714713,0.010967779436913891,2.1588026778014604e-05,1.4558961627729287e-06,False
baseline,0.0013990209137074087,0.0014408345192874236,0.012042318407044283,1.7850475551712836e-05,4.864671160757653e-06,False
baseline,0.0018981972830802655,0.0019132049894071497,0.004322219422142642,5.0551763336935786e-05,2.5864735176876633e-05,False
