specification,start_utc,end_utc,peak_utc,direction,start_price,peak_price,max_abs_deviation,recovery_minutes,censored,b_out,b_in
baseline_50_25bp,2021-01-04 06:50:00+00:00,2021-01-04 07:25:00+00:00,2021-01-04 06:50:00+00:00,premium,1.0051,1.0051,0.0051000000000001044,35.0,False,0.005,0.0025
baseline_50_25bp,2021-04-18 03:45:00+00:00,2021-04-18 04:50:00+00:00,2021-04-18 03:50:00+00:00,premium,1.0074,1.0076,0.007600000000000051,65.0,False,0.005,0.0025
baseline_50_25bp,2021-12-04 05:40:00+00:00,2021-12-04 05:50:00+00:00,2021-12-04 05:40:00+00:00,premium,1.0059,1.0059,0.005900000000000016,10.0,False,0.005,0.0025
baseline_50_25bp,2022-05-12 03:25:00+00:00,2022-05-12 16:30:00+00:00,2022-05-12 07:15:00+00:00,discount,0.995,0.9504,0.04959999999999998,785.0,False,0.005,0.0025
baseline_50_25bp,2022-11-10 11:00:00+00:00,2022-11-10 15:15:00+00:00,2022-11-10 12:20:00+00:00,discount,0.9931,0.9761,0.023900000000000032,255.0,False,0.005,0.0025
baseline_50_25bp,2023-03-11 00:45:00+00:00,2023-03-11 04:50:00+00:00,2023-03-11 02:15:00+00:00,premium,1.0051,1.0118,0.011800000000000033,245.0,False,0.005,0.0025
baseline_50_25bp,2023-03-14 05:40:00+00:00,2023-03-14 14:30:00+00:00,2023-03-14 12:55:00+00:00,premium,1.0053,1.0064,0.006399999999999961,530.0,False,0.005,0.0025
baseline_50_25bp,2025-10-10 22:30:00+00:00,2025-10-10 23:15:00+00:00,2025-10-10 22:35:00+00:00,premium,1.00538,1.00662,0.00662000000000007,45.0,False,0.005,0.0025
25_10bp,2021-01-02 02:00:00+00:00,2021-01-02 16:00:00+00:00,2021-01-02 02:25:00+00:00,premium,1.0026,1.0027,0.0026999999999999247,840.0,False,0.0025,0.001
25_10bp,2021-01-04 06:15:00+00:00,2021-01-04 08:00:00+00:00,2021-01-04 06:50:00+00:00,premium,1.0026,1.0051,0.0051000000000001044,105.0,False,0.0025,0.001
25_10bp,2021-01-05 19:10:00+00:00,2021-01-07 08:35:00+00:00,2021-01-06 07:15:00+00:00,premium,1.0026,1.0039,0.0039000000000000146,2245.0,False,0.0025,0.001
25_10bp,2021-01-12 13:15:00+00:00,2021-01-12 13:20:00+00:00,2021-01-12 13:15:00+00:00,discount,0.9974,0.9974,0.0026000000000000467,5.0,False,0.0025,0.001
25_10bp,2021-02-08 13:00:00+00:00,2021-02-08 16:05:00+00:00,2021-02-08 13:00:00+00:00,premium,1.0029,1.0029,0.0028999999999999027,185.0,False,0.0025,0.001
25_10bp,2021-02-10 12:45:00+00:00,2021-02-10 13:30:00+00:00,2021-02-10 12:45:00+00:00,premium,1.0029,1.0029,0.0028999999999999027,45.0,False,0.0025,0.001
25_10bp,2021-02-23 11:20:00+00:00,2021-02-23 11:25:00+00:00,2021-02-23 11:20:00+00:00,premium,1.003,1.003,0.0029999999999998916,5.0,False,0.0025,0.001
25_10bp,2021-04-16 14:45:00+00:00,2021-04-16 23:30:00+00:00,2021-04-16 14:45:00+00:00,premium,1.0026,1.0026,0.0025999999999999357,525.0,False,0.0025,0.001
25_10bp,2021-04-18 03:40:00+00:00,2021-04-19 11:10:00+00:00,2021-04-18 03:50:00+00:00,premium,1.0045,1.0076,0.007600000000000051,1890.0,False,0.0025,0.001
25_10bp,2021-05-19 13:25:00+00:00,2021-05-20 01:10:00+00:00,2021-05-19 14:05:00+00:00,premium,1.0035,1.0046,0.0045999999999999375,705.0,False,0.0025,0.001
25_10bp,2021-05-20 14:10:00+00:00,2021-05-21 09:00:00+00:00,2021-05-20 14:10:00+00:00,premium,1.0027,1.0027,0.0026999999999999247,1130.0,False,0.0025,0.001
25_10bp,2021-05-21 14:35:00+00:00,2021-05-21 19:30:00+00:00,2021-05-21 14:35:00+00:00,premium,1.0028,1.0028,0.0027999999999999137,295.0,False,0.0025,0.001
25_10bp,2021-12-04 05:25:00+00:00,2021-12-04 21:35:00+00:00,2021-12-04 05:40:00+00:00,premium,1.003,1.0059,0.005900000000000016,970.0,False,0.0025,0.001
25_10bp,2022-05-11 13:35:00+00:00,2022-05-11 14:40:00+00:00,2022-05-11 13:35:00+00:00,discount,0.9972,0.9972,0.0028000000000000247,65.0,False,0.0025,0.001
25_10bp,2022-06-13 11:00:00+00:00,2022-06-21 07:20:00+00:00,2022-06-13 11:25:00+00:00,discount,0.9974,0.9969,0.0030999999999999917,11300.0,False,0.0025,0.001
25_10bp,2022-11-10 02:45:00+00:00,2022-11-10 22:00:00+00:00,2022-11-10 12:20:00+00:00,discount,0.9974,0.9761,0.023900000000000032,1155.0,False,0.0025,0.001
25_10bp,2023-02-13 10:35:00+00:00,2023-02-13 11:20:00+00:00,2023-02-13 10:35:00+00:00,premium,1.0027,1.0027,0.0026999999999999247,45.0,False,0.0025,0.001
25_10bp,2023-03-10 22:15:00+00:00,2023-03-17 15:25:00+00:00,2023-03-12 19:45:00+00:00,premium,1.003,1.0186,0.01859999999999995,9670.0,False,0.0025,0.001
25_10bp,2023-03-21 06:10:00+00:00,2023-03-21 11:05:00+00:00,2023-03-21 07:10:00+00:00,premium,1.0026,1.00298,0.0029799999999999827,295.0,False,0.0025,0.001
25_10bp,2023-06-15 06:05:00+00:00,2023-06-15 18:45:00+00:00,2023-06-15 09:00:00+00:00,discount,0.99748,0.9956,0.0043999999999999595,760.0,False,0.0025,0.001
25_10bp,2024-03-08 20:30:00+00:00,2024-03-10 23:50:00+00:00,2024-03-08 21:50:00+00:00,premium,1.00271,1.00351,0.003509999999999902,3080.0,False,0.0025,0.001
25_10bp,2024-06-30 08:10:00+00:00,2024-07-01 19:05:00+00:00,2024-06-30 08:40:00+00:00,discount,0.99726,0.99716,0.0028399999999999537,2095.0,False,0.0025,0.001
25_10bp,2024-10-14 14:40:00+00:00,2024-10-14 14:50:00+00:00,2024-10-14 14:40:00+00:00,discount,0.99745,0.99745,0.0025500000000000522,10.0,False,0.0025,0.001
25_10bp,2024-10-25 20:35:00+00:00,2024-10-28 13:50:00+00:00,2024-10-25 20:40:00+00:00,discount,0.99734,0.99725,0.00275000000000003,3915.0,False,0.0025,0.001
25_10bp,2024-11-13 16:00:00+00:00,2024-11-13 19:05:00+00:00,2024-11-13 16:00:00+00:00,premium,1.00251,1.00251,0.0025100000000000122,185.0,False,0.0025,0.001
25_10bp,2024-11-23 16:20:00+00:00,2024-11-23 20:20:00+00:00,2024-11-23 16:20:00+00:00,premium,1.00266,1.00266,0.0026600000000001067,240.0,False,0.0025,0.001
25_10bp,2024-12-04 20:55:00+00:00,2024-12-05 02:40:00+00:00,2024-12-04 20:55:00+00:00,premium,1.00251,1.00251,0.0025100000000000122,345.0,False,0.0025,0.001
25_10bp,2024-12-30 15:05:00+00:00,2024-12-30 18:20:00+00:00,2024-12-30 15:05:00+00:00,discount,0.99736,0.99736,0.0026399999999999757,195.0,False,0.0025,0.001
25_10bp,2025-10-10 22:20:00+00:00,2025-10-11 00:25:00+00:00,2025-10-10 22:35:00+00:00,premium,1.00341,1.00662,0.00662000000000007,125.0,False,0.0025,0.001
100_50bp,2022-05-12 05:40:00+00:00,2022-05-12 15:05:00+00:00,2022-05-12 07:15:00+00:00,discount,0.9897,0.9504,0.04959999999999998,565.0,False,0.01,0.005
100_50bp,2022-11-10 11:55:00+00:00,2022-11-10 13:50:00+00:00,2022-11-10 12:20:00+00:00,discount,0.9882,0.9761,0.023900000000000032,115.0,False,0.01,0.005
100_50bp,2023-03-11 02:10:00+00:00,2023-03-11 03:10:00+00:00,2023-03-11 02:15:00+00:00,premium,1.0102,1.0118,0.011800000000000033,60.0,False,0.01,0.005
100_50bp,2023-03-11 16:00:00+00:00,2023-03-13 03:30:00+00:00,2023-03-12 19:45:00+00:00,premium,1.0104,1.0186,0.01859999999999995,2130.0,False,0.01,0.005
