refit_utc,fit_start_utc,fit_end_exclusive_utc,forecast_end_exclusive_utc,model,theta,kappa,sigma,lambda,slow_mean,rw_step_sd,fit_nobs,no_lookahead
2024-01-01 00:00:00+00:00,2023-01-01 00:00:00+00:00,2024-01-01 00:00:00+00:00,2024-01-31 00:00:00+00:00,RandomWalk,0.0,0.0,0.0,0.0,,7.011483279395522e-05,105027,True
2024-01-01 00:00:00+00:00,2023-01-01 00:00:00+00:00,2024-01-01 00:00:00+00:00,2024-01-31 00:00:00+00:00,NestedOU_proxy,2.4860448485323127e-05,1.116536416682548,0.001190894279703385,0.0,0.00012616669240153908,,105027,True
2024-01-01 00:00:00+00:00,2023-01-01 00:00:00+00:00,2024-01-01 00:00:00+00:00,2024-01-31 00:00:00+00:00,OUF,0.0001622493569427828,0.8255595458804871,0.0011903293861777085,0.0,,,105027,True
2024-01-01 00:00:00+00:00,2023-01-01 00:00:00+00:00,2024-01-01 00:00:00+00:00,2024-01-31 00:00:00+00:00,MOUF,0.0001622493569427828,0.8255595458804871,0.0011903293861777085,0.9745951117354448,,,105027,True
2024-01-31 00:00:00+00:00,2023-01-31 00:00:00+00:00,2024-01-31 00:00:00+00:00,2024-03-01 00:00:00+00:00,RandomWalk,0.0,0.0,0.0,0.0,,6.905028029585758e-05,104920,True
2024-01-31 00:00:00+00:00,2023-01-31 00:00:00+00:00,2024-01-31 00:00:00+00:00,2024-03-01 00:00:00+00:00,NestedOU_proxy,-6.165676688067604e-06,1.0505547379271403,0.0011727454488461558,0.0,-0.00016935927520366967,,104920,True
2024-01-31 00:00:00+00:00,2023-01-31 00:00:00+00:00,2024-01-31 00:00:00+00:00,2024-03-01 00:00:00+00:00,OUF,0.00016041551259177568,0.7772864740520169,0.0011720700425711344,0.0,,,104920,True
2024-01-31 00:00:00+00:00,2023-01-31 00:00:00+00:00,2024-01-31 00:00:00+00:00,2024-03-01 00:00:00+00:00,MOUF,0.00016041551259177568,0.7772864740520169,0.0011720700425711344,1.124025973862738,,,104920,True
2024-03-01 00:00:00+00:00,2023-03-02 00:00:00+00:00,2024-03-01 00:00:00+00:00,2024-03-31 00:00:00+00:00,RandomWalk,0.0,0.0,0.0,0.0,,6.782107223814748e-05,104936,True
2024-03-01 00:00:00+00:00,2023-03-02 00:00:00+00:00,2024-03-01 00:00:00+00:00,2024-03-31 00:00:00+00:00,NestedOU_proxy,1.1789285643014575e-06,0.9903423379586875,0.0011518085259771208,0.0,9.396548022602194e-05,,104936,True
2024-03-01 00:00:00+00:00,2023-03-02 00:00:00+00:00,2024-03-01 00:00:00+00:00,2024-03-31 00:00:00+00:00,OUF,0.0001537151353113269,0.7347871117789001,0.0011511384089226,0.0,,,104936,True
2024-03-01 00:00:00+00:00,2023-03-02 00:00:00+00:00,2024-03-01 00:00:00+00:00,2024-03-31 00:00:00+00:00,MOUF,0.0001537151353113269,0.7347871117789001,0.0011511384089226,1.2543954278838456,,,104936,True
2024-03-31 00:00:00+00:00,2023-04-01 00:00:00+00:00,2024-03-31 00:00:00+00:00,2024-04-30 00:00:00+00:00,RandomWalk,0.0,0.0,0.0,0.0,,4.5001351803750104e-05,104935,True
2024-03-31 00:00:00+00:00,2023-04-01 00:00:00+00:00,2024-03-31 00:00:00+00:00,2024-04-30 00:00:00+00:00,NestedOU_proxy,6.432334015900084e-06,1.5806859735744967,0.0007646525086886486,0.0,0.00023863166323506002,,104935,True
2024-03-31 00:00:00+00:00,2023-04-01 00:00:00+00:00,2024-03-31 00:00:00+00:00,2024-04-30 00:00:00+00:00,OUF,4.959811366890465e-05,1.1137006651833998,0.0007634367911286216,0.0,,,104935,True
2024-03-31 00:00:00+00:00,2023-04-01 00:00:00+00:00,2024-03-31 00:00:00+00:00,2024-04-30 00:00:00+00:00,MOUF,4.959811366890465e-05,1.1137006651833998,0.0007634367911286216,2.501765921352948,,,104935,True
2024-04-30 00:00:00+00:00,2023-05-01 00:00:00+00:00,2024-04-30 00:00:00+00:00,2024-05-30 00:00:00+00:00,RandomWalk,0.0,0.0,0.0,0.0,,4.621684058980842e-05,104850,True
2024-04-30 00:00:00+00:00,2023-05-01 00:00:00+00:00,2024-04-30 00:00:00+00:00,2024-05-30 00:00:00+00:00,NestedOU_proxy,-8.092050839572311e-06,1.6315357946114424,0.0007853409886866748,0.0,9.898448919469047e-05,,104850,True
2024-04-30 00:00:00+00:00,2023-05-01 00:00:00+00:00,2024-04-30 00:00:00+00:00,2024-05-30 00:00:00+00:00,OUF,3.4437988905560286e-05,1.1745418343447738,0.0007841419160308388,0.0,,,104850,True
2024-04-30 00:00:00+00:00,2023-05-01 00:00:00+00:00,2024-04-30 00:00:00+00:00,2024-05-30 00:00:00+00:00,MOUF,3.4437988905560286e-05,1.1745418343447738,0.0007841419160308388,2.4971955099341194,,,104850,True
2024-05-30 00:00:00+00:00,2023-05-31 00:00:00+00:00,2024-05-30 00:00:00+00:00,2024-06-29 00:00:00+00:00,RandomWalk,0.0,0.0,0.0,0.0,,4.6423101673039636e-05,104861,True
2024-05-30 00:00:00+00:00,2023-05-31 00:00:00+00:00,2024-05-30 00:00:00+00:00,2024-06-29 00:00:00+00:00,NestedOU_proxy,-1.6407466250556668e-05,1.608858185952647,0.0007888343792616196,0.0,-0.00026552492197389697,,104861,True
2024-05-30 00:00:00+00:00,2023-05-31 00:00:00+00:00,2024-05-30 00:00:00+00:00,2024-06-29 00:00:00+00:00,OUF,-1.2151147010643665e-05,1.1748895956939711,0.0007876408722205445,0.0,,,104861,True
2024-05-30 00:00:00+00:00,2023-05-31 00:00:00+00:00,2024-05-30 00:00:00+00:00,2024-06-29 00:00:00+00:00,MOUF,-1.2151147010643665e-05,1.1748895956939711,0.0007876408722205445,2.3867347331357216,,,104861,True
2024-06-29 00:00:00+00:00,2023-06-30 00:00:00+00:00,2024-06-29 00:00:00+00:00,2024-07-29 00:00:00+00:00,RandomWalk,0.0,0.0,0.0,0.0,,4.622877860314477e-05,104864,True
2024-06-29 00:00:00+00:00,2023-06-30 00:00:00+00:00,2024-06-29 00:00:00+00:00,2024-07-29 00:00:00+00:00,NestedOU_proxy,-1.838074319490078e-05,1.6312295955870215,0.0007855501501055855,0.0,-0.0005245903578014344,,104864,True
2024-06-29 00:00:00+00:00,2023-06-30 00:00:00+00:00,2024-06-29 00:00:00+00:00,2024-07-29 00:00:00+00:00,OUF,-4.67127726456802e-05,1.0942522692319854,0.0007848288334367005,0.0,,,104864,True
2024-06-29 00:00:00+00:00,2023-06-30 00:00:00+00:00,2024-06-29 00:00:00+00:00,2024-07-29 00:00:00+00:00,MOUF,-4.67127726456802e-05,1.0942522692319854,0.0007848288334367005,2.3077837227713456,,,104864,True
2024-07-29 00:00:00+00:00,2023-07-30 00:00:00+00:00,2024-07-29 00:00:00+00:00,2024-08-28 00:00:00+00:00,RandomWalk,0.0,0.0,0.0,0.0,,4.6788754724028946e-05,104868,True
2024-07-29 00:00:00+00:00,2023-07-30 00:00:00+00:00,2024-07-29 00:00:00+00:00,2024-08-28 00:00:00+00:00,NestedOU_proxy,-2.475240693083891e-06,1.4719711939700713,0.0007949484087852132,0.0,-6.246315013838294e-05,,104868,True
2024-07-29 00:00:00+00:00,2023-07-30 00:00:00+00:00,2024-07-29 00:00:00+00:00,2024-08-28 00:00:00+00:00,OUF,-5.4417549310798444e-05,1.022377318436156,0.0007942783680919492,0.0,,,104868,True
2024-07-29 00:00:00+00:00,2023-07-30 00:00:00+00:00,2024-07-29 00:00:00+00:00,2024-08-28 00:00:00+00:00,MOUF,-5.4417549310798444e-05,1.022377318436156,0.0007942783680919492,2.3203213063133172,,,104868,True
2024-08-28 00:00:00+00:00,2023-08-29 00:00:00+00:00,2024-08-28 00:00:00+00:00,2024-09-27 00:00:00+00:00,RandomWalk,0.0,0.0,0.0,0.0,,4.7215629752877797e-05,104882,True
2024-08-28 00:00:00+00:00,2023-08-29 00:00:00+00:00,2024-08-28 00:00:00+00:00,2024-09-27 00:00:00+00:00,NestedOU_proxy,3.288493684506135e-05,1.627958256722155,0.0008023099417887334,0.0,0.00016969498976652212,,104882,True
2024-08-28 00:00:00+00:00,2023-08-29 00:00:00+00:00,2024-08-28 00:00:00+00:00,2024-09-27 00:00:00+00:00,OUF,1.5699771596141418e-05,1.2202883128719237,0.0008017744130354846,0.0,,,104882,True
2024-08-28 00:00:00+00:00,2023-08-29 00:00:00+00:00,2024-08-28 00:00:00+00:00,2024-09-27 00:00:00+00:00,MOUF,1.5699771596141418e-05,1.2202883128719237,0.0008017744130354846,2.5561090382356384,,,104882,True
2024-09-27 00:00:00+00:00,2023-09-28 00:00:00+00:00,2024-09-27 00:00:00+00:00,2024-10-27 00:00:00+00:00,RandomWalk,0.0,0.0,0.0,0.0,,4.7062348889624565e-05,104874,True
2024-09-27 00:00:00+00:00,2023-09-28 00:00:00+00:00,2024-09-27 00:00:00+00:00,2024-10-27 00:00:00+00:00,NestedOU_proxy,2.686096699365537e-05,1.598338667276421,0.0007996846661687429,0.0,4.598637744297294e-05,,104874,True
2024-09-27 00:00:00+00:00,2023-09-28 00:00:00+00:00,2024-09-27 00:00:00+00:00,2024-10-27 00:00:00+00:00,OUF,3.115456929509078e-05,1.2491502226063793,0.0007991732410890297,0.0,,,104874,True
2024-09-27 00:00:00+00:00,2023-09-28 00:00:00+00:00,2024-09-27 00:00:00+00:00,2024-10-27 00:00:00+00:00,MOUF,3.115456929509078e-05,1.2491502226063793,0.0007991732410890297,2.4080717604091997,,,104874,True
2024-10-27 00:00:00+00:00,2023-10-28 00:00:00+00:00,2024-10-27 00:00:00+00:00,2024-11-26 00:00:00+00:00,RandomWalk,0.0,0.0,0.0,0.0,,4.8116843114761984e-05,104865,True
2024-10-27 00:00:00+00:00,2023-10-28 00:00:00+00:00,2024-10-27 00:00:00+00:00,2024-11-26 00:00:00+00:00,NestedOU_proxy,-2.7269187117667494e-05,1.680224313306384,0.0008176638536868501,0.0,-0.0004582925365229448,,104865,True
2024-10-27 00:00:00+00:00,2023-10-28 00:00:00+00:00,2024-10-27 00:00:00+00:00,2024-11-26 00:00:00+00:00,OUF,-1.5997859794381273e-05,1.203844393105782,0.0008170749735206445,0.0,,,104865,True
2024-10-27 00:00:00+00:00,2023-10-28 00:00:00+00:00,2024-10-27 00:00:00+00:00,2024-11-26 00:00:00+00:00,MOUF,-1.5997859794381273e-05,1.203844393105782,0.0008170749735206445,2.304023569451372,,,104865,True
2024-11-26 00:00:00+00:00,2023-11-27 00:00:00+00:00,2024-11-26 00:00:00+00:00,2024-12-26 00:00:00+00:00,RandomWalk,0.0,0.0,0.0,0.0,,5.064578754299682e-05,104865,True
2024-11-26 00:00:00+00:00,2023-11-27 00:00:00+00:00,2024-11-26 00:00:00+00:00,2024-12-26 00:00:00+00:00,NestedOU_proxy,5.5745891552400395e-06,1.53441007262391,0.0008605286127874128,0.0,0.0004054452828118659,,104865,True
2024-11-26 00:00:00+00:00,2023-11-27 00:00:00+00:00,2024-11-26 00:00:00+00:00,2024-12-26 00:00:00+00:00,OUF,-2.125652252959786e-05,1.1608256020988643,0.0008600331678023032,0.0,,,104865,True
2024-11-26 00:00:00+00:00,2023-11-27 00:00:00+00:00,2024-11-26 00:00:00+00:00,2024-12-26 00:00:00+00:00,MOUF,-2.125652252959786e-05,1.1608256020988643,0.0008600331678023032,2.3008344131294574,,,104865,True
2024-12-26 00:00:00+00:00,2023-12-27 00:00:00+00:00,2024-12-26 00:00:00+00:00,2025-01-25 00:00:00+00:00,RandomWalk,0.0,0.0,0.0,0.0,,5.234560113153984e-05,104865,True
2024-12-26 00:00:00+00:00,2023-12-27 00:00:00+00:00,2024-12-26 00:00:00+00:00,2025-01-25 00:00:00+00:00,NestedOU_proxy,-1.0778987513072929e-05,1.5060280387894747,0.0008893880281730561,0.0,-0.00013218294637345993,,104865,True
2024-12-26 00:00:00+00:00,2023-12-27 00:00:00+00:00,2024-12-26 00:00:00+00:00,2025-01-25 00:00:00+00:00,OUF,-2.0084544454469566e-05,1.1395301393090849,0.0008890110681752297,0.0,,,104865,True
2024-12-26 00:00:00+00:00,2023-12-27 00:00:00+00:00,2024-12-26 00:00:00+00:00,2025-01-25 00:00:00+00:00,MOUF,-2.0084544454469566e-05,1.1395301393090849,0.0008890110681752297,2.22597634246204,,,104865,True
2025-01-25 00:00:00+00:00,2024-01-26 00:00:00+00:00,2025-01-25 00:00:00+00:00,2025-02-24 00:00:00+00:00,RandomWalk,0.0,0.0,0.0,0.0,,5.1827520444490107e-05,104965,True
2025-01-25 00:00:00+00:00,2024-01-26 00:00:00+00:00,2025-01-25 00:00:00+00:00,2025-02-24 00:00:00+00:00,NestedOU_proxy,-2.4568271542812026e-06,1.368026242282794,0.000880478846015707,0.0,-0.000469697262421238,,104965,True
2025-01-25 00:00:00+00:00,2024-01-26 00:00:00+00:00,2025-01-25 00:00:00+00:00,2025-02-24 00:00:00+00:00,OUF,-7.322136938356294e-05,1.0009074114266439,0.0008801675537298195,0.0,,,104965,True
2025-01-25 00:00:00+00:00,2024-01-26 00:00:00+00:00,2025-01-25 00:00:00+00:00,2025-02-24 00:00:00+00:00,MOUF,-7.322136938356294e-05,1.0009074114266439,0.0008801675537298195,2.122331120894426,,,104965,True
2025-02-24 00:00:00+00:00,2024-02-25 00:00:00+00:00,2025-02-24 00:00:00+00:00,2025-03-26 00:00:00+00:00,RandomWalk,0.0,0.0,0.0,0.0,,5.1916696989424884e-05,104919,True
2025-02-24 00:00:00+00:00,2024-02-25 00:00:00+00:00,2025-02-24 00:00:00+00:00,2025-03-26 00:00:00+00:00,NestedOU_proxy,-8.104185326615722e-07,1.396964877261948,0.0008820154582720905,0.0,-3.21684732044565e-05,,104919,True
2025-02-24 00:00:00+00:00,2024-02-25 00:00:00+00:00,2025-02-24 00:00:00+00:00,2025-03-26 00:00:00+00:00,OUF,-6.754169142620037e-05,1.0238202346350658,0.0008816997716579189,0.0,,,104919,True
2025-02-24 00:00:00+00:00,2024-02-25 00:00:00+00:00,2025-02-24 00:00:00+00:00,2025-03-26 00:00:00+00:00,MOUF,-6.754169142620037e-05,1.0238202346350658,0.0008816997716579189,2.096308321991944,,,104919,True
2025-03-26 00:00:00+00:00,2024-03-26 00:00:00+00:00,2025-03-26 00:00:00+00:00,2025-04-25 00:00:00+00:00,RandomWalk,0.0,0.0,0.0,0.0,,4.652203993709442e-05,104919,True
2025-03-26 00:00:00+00:00,2024-03-26 00:00:00+00:00,2025-03-26 00:00:00+00:00,2025-04-25 00:00:00+00:00,NestedOU_proxy,-1.8336277319049186e-05,1.278478065154288,0.0007902843426207721,0.0,-0.00019272649603211946,,104919,True
2025-03-26 00:00:00+00:00,2024-03-26 00:00:00+00:00,2025-03-26 00:00:00+00:00,2025-04-25 00:00:00+00:00,OUF,-0.00013006922497174148,0.9610830015250628,0.0007899836793325221,0.0,,,104919,True
2025-03-26 00:00:00+00:00,2024-03-26 00:00:00+00:00,2025-03-26 00:00:00+00:00,2025-04-25 00:00:00+00:00,MOUF,-0.00013006922497174148,0.9610830015250628,0.0007899836793325221,2.29616296819022,,,104919,True
2025-04-25 00:00:00+00:00,2024-04-25 00:00:00+00:00,2025-04-25 00:00:00+00:00,2025-05-25 00:00:00+00:00,RandomWalk,0.0,0.0,0.0,0.0,,4.476026099394254e-05,105004,True
2025-04-25 00:00:00+00:00,2024-04-25 00:00:00+00:00,2025-04-25 00:00:00+00:00,2025-05-25 00:00:00+00:00,NestedOU_proxy,1.1806062106102064e-05,1.2233110803597478,0.0007603204172089586,0.0,-0.00012085808375412545,,105004,True
2025-04-25 00:00:00+00:00,2024-04-25 00:00:00+00:00,2025-04-25 00:00:00+00:00,2025-05-25 00:00:00+00:00,OUF,-0.00016448174225004703,0.9319361820264088,0.000760040124170006,0.0,,,105004,True
2025-04-25 00:00:00+00:00,2024-04-25 00:00:00+00:00,2025-04-25 00:00:00+00:00,2025-05-25 00:00:00+00:00,MOUF,-0.00016448174225004703,0.9319361820264088,0.000760040124170006,2.3282612558728717,,,105004,True
2025-05-25 00:00:00+00:00,2024-05-25 00:00:00+00:00,2025-05-25 00:00:00+00:00,2025-06-24 00:00:00+00:00,RandomWalk,0.0,0.0,0.0,0.0,,4.4503924166125975e-05,105011,True
2025-05-25 00:00:00+00:00,2024-05-25 00:00:00+00:00,2025-05-25 00:00:00+00:00,2025-06-24 00:00:00+00:00,NestedOU_proxy,1.3292271466492447e-05,1.2533775185684144,0.0007559850922854757,0.0,0.00010825329679081741,,105011,True
2025-05-25 00:00:00+00:00,2024-05-25 00:00:00+00:00,2025-05-25 00:00:00+00:00,2025-06-24 00:00:00+00:00,OUF,-0.00013695869492664592,0.9266684447436354,0.0007556976044660228,0.0,,,105011,True
2025-05-25 00:00:00+00:00,2024-05-25 00:00:00+00:00,2025-05-25 00:00:00+00:00,2025-06-24 00:00:00+00:00,MOUF,-0.00013695869492664592,0.9266684447436354,0.0007556976044660228,2.401814439196436,,,105011,True
2025-06-24 00:00:00+00:00,2024-06-24 00:00:00+00:00,2025-06-24 00:00:00+00:00,2025-07-24 00:00:00+00:00,RandomWalk,0.0,0.0,0.0,0.0,,4.4402793057769865e-05,105017,True
2025-06-24 00:00:00+00:00,2024-06-24 00:00:00+00:00,2025-06-24 00:00:00+00:00,2025-07-24 00:00:00+00:00,NestedOU_proxy,3.790797475742566e-05,1.283769167584129,0.0007542875495371336,0.0,0.0001712159117714123,,105017,True
2025-06-24 00:00:00+00:00,2024-06-24 00:00:00+00:00,2025-06-24 00:00:00+00:00,2025-07-24 00:00:00+00:00,OUF,-7.69614741448274e-05,0.9457353577911052,0.0007539862482135871,0.0,,,105017,True
2025-06-24 00:00:00+00:00,2024-06-24 00:00:00+00:00,2025-06-24 00:00:00+00:00,2025-07-24 00:00:00+00:00,MOUF,-7.69614741448274e-05,0.9457353577911052,0.0007539862482135871,2.352908349062343,,,105017,True
2025-07-24 00:00:00+00:00,2024-07-24 00:00:00+00:00,2025-07-24 00:00:00+00:00,2025-08-23 00:00:00+00:00,RandomWalk,0.0,0.0,0.0,0.0,,4.408928909632913e-05,105021,True
2025-07-24 00:00:00+00:00,2024-07-24 00:00:00+00:00,2025-07-24 00:00:00+00:00,2025-08-23 00:00:00+00:00,NestedOU_proxy,5.332271012390176e-06,1.445744788995058,0.0007490670178849917,0.0,0.00025479855327825707,,105021,True
2025-07-24 00:00:00+00:00,2024-07-24 00:00:00+00:00,2025-07-24 00:00:00+00:00,2025-08-23 00:00:00+00:00,OUF,-3.610745952410772e-05,1.0420091393406719,0.0007487232077968719,0.0,,,105021,True
2025-07-24 00:00:00+00:00,2024-07-24 00:00:00+00:00,2025-07-24 00:00:00+00:00,2025-08-23 00:00:00+00:00,MOUF,-3.610745952410772e-05,1.0420091393406719,0.0007487232077968719,2.4692477863573994,,,105021,True
2025-08-23 00:00:00+00:00,2024-08-23 00:00:00+00:00,2025-08-23 00:00:00+00:00,2025-09-22 00:00:00+00:00,RandomWalk,0.0,0.0,0.0,0.0,,4.382432206578321e-05,105024,True
2025-08-23 00:00:00+00:00,2024-08-23 00:00:00+00:00,2025-08-23 00:00:00+00:00,2025-09-22 00:00:00+00:00,NestedOU_proxy,-3.999071930195911e-06,1.452852429568435,0.0007445705534624202,0.0,0.00011159304992745532,,105024,True
2025-08-23 00:00:00+00:00,2024-08-23 00:00:00+00:00,2025-08-23 00:00:00+00:00,2025-09-22 00:00:00+00:00,OUF,-3.650693073524277e-05,1.0465589579554258,0.0007442517800837179,0.0,,,105024,True
2025-08-23 00:00:00+00:00,2024-08-23 00:00:00+00:00,2025-08-23 00:00:00+00:00,2025-09-22 00:00:00+00:00,MOUF,-3.650693073524277e-05,1.0465589579554258,0.0007442517800837179,2.2482448184388586,,,105024,True
2025-09-22 00:00:00+00:00,2024-09-22 00:00:00+00:00,2025-09-22 00:00:00+00:00,2025-10-22 00:00:00+00:00,RandomWalk,0.0,0.0,0.0,0.0,,4.4307123693727225e-05,104998,True
2025-09-22 00:00:00+00:00,2024-09-22 00:00:00+00:00,2025-09-22 00:00:00+00:00,2025-10-22 00:00:00+00:00,NestedOU_proxy,-7.2293502261383224e-06,1.4611376761165062,0.0007527780881943041,0.0,0.00015821718527271107,,104998,True
2025-09-22 00:00:00+00:00,2024-09-22 00:00:00+00:00,2025-09-22 00:00:00+00:00,2025-10-22 00:00:00+00:00,OUF,-3.447258397333493e-05,1.0697543057705652,0.0007524633120016074,0.0,,,104998,True
2025-09-22 00:00:00+00:00,2024-09-22 00:00:00+00:00,2025-09-22 00:00:00+00:00,2025-10-22 00:00:00+00:00,MOUF,-3.447258397333493e-05,1.0697543057705652,0.0007524633120016074,2.2133808605681047,,,104998,True
2025-10-22 00:00:00+00:00,2024-10-22 00:00:00+00:00,2025-10-22 00:00:00+00:00,2025-11-21 00:00:00+00:00,RandomWalk,0.0,0.0,0.0,0.0,,4.665358829833358e-05,105018,True
2025-10-22 00:00:00+00:00,2024-10-22 00:00:00+00:00,2025-10-22 00:00:00+00:00,2025-11-21 00:00:00+00:00,NestedOU_proxy,3.3923154817250295e-05,1.6630275565679882,0.000792783503697787,0.0,0.00031564693704481234,,105018,True
2025-10-22 00:00:00+00:00,2024-10-22 00:00:00+00:00,2025-10-22 00:00:00+00:00,2025-11-21 00:00:00+00:00,OUF,1.1391081459861436e-05,1.163564680863858,0.0007924030901709815,0.0,,,105018,True
2025-10-22 00:00:00+00:00,2024-10-22 00:00:00+00:00,2025-10-22 00:00:00+00:00,2025-11-21 00:00:00+00:00,MOUF,1.1391081459861436e-05,1.163564680863858,0.0007924030901709815,1.8871513338870523,,,105018,True
2025-11-21 00:00:00+00:00,2024-11-21 00:00:00+00:00,2025-11-21 00:00:00+00:00,2025-12-21 00:00:00+00:00,RandomWalk,0.0,0.0,0.0,0.0,,4.410099210810675e-05,104920,True
2025-11-21 00:00:00+00:00,2024-11-21 00:00:00+00:00,2025-11-21 00:00:00+00:00,2025-12-21 00:00:00+00:00,NestedOU_proxy,-5.193695266683572e-05,1.7584541957259556,0.0007494721204410181,0.0,-0.0004124457070620328,,104920,True
2025-11-21 00:00:00+00:00,2024-11-21 00:00:00+00:00,2025-11-21 00:00:00+00:00,2025-12-21 00:00:00+00:00,OUF,-1.9176229461551587e-05,1.2001555879310606,0.0007490632520213231,0.0,,,104920,True
2025-11-21 00:00:00+00:00,2024-11-21 00:00:00+00:00,2025-11-21 00:00:00+00:00,2025-12-21 00:00:00+00:00,MOUF,-1.9176229461551587e-05,1.2001555879310606,0.0007490632520213231,1.7660861976684163,,,104920,True
2025-12-21 00:00:00+00:00,2024-12-21 00:00:00+00:00,2025-12-21 00:00:00+00:00,2026-01-01 00:00:00+00:00,RandomWalk,0.0,0.0,0.0,0.0,,4.0200487396164906e-05,104923,True
2025-12-21 00:00:00+00:00,2024-12-21 00:00:00+00:00,2025-12-21 00:00:00+00:00,2026-01-01 00:00:00+00:00,NestedOU_proxy,5.082277449418447e-06,1.8982390379741567,0.0006832658822709903,0.0,-0.00020958862476868102,,104923,True
2025-12-21 00:00:00+00:00,2024-12-21 00:00:00+00:00,2025-12-21 00:00:00+00:00,2026-01-01 00:00:00+00:00,OUF,-6.069484109433683e-05,1.1664249337330628,0.000682789163591081,0.0,,,104923,True
2025-12-21 00:00:00+00:00,2024-12-21 00:00:00+00:00,2025-12-21 00:00:00+00:00,2026-01-01 00:00:00+00:00,MOUF,-6.069484109433683e-05,1.1664249337330628,0.000682789163591081,1.9242364813576929,,,104923,True
