period,model,horizon_minutes,nobs,MAE,RMSE,NLS,CRPS,direction_accuracy,threshold,Brier,event_log_score,AUC
validation_2024,RandomWalk,5,105119,2.815652103522683e-05,5.238727045549106e-05,-8.462272877500935,2.4502782426045923e-05,0.2309002178483433,0.001,0.00897789212884028,0.038155140238127945,0.9982309675378517
validation_2024,RandomWalk,5,105119,2.815652103522683e-05,5.238727045549106e-05,-8.462272877500935,2.4502782426045923e-05,0.2309002178483433,0.0025,0.0002708848869103895,0.002587554259701838,0.9996195324269007
validation_2024,RandomWalk,5,105119,2.815652103522683e-05,5.238727045549106e-05,-8.462272877500935,2.4502782426045923e-05,0.2309002178483433,0.005,1.0000000000000001e-24,1.0000000000005004e-12,
validation_2024,RandomWalk,5,105119,2.815652103522683e-05,5.238727045549106e-05,-8.462272877500935,2.4502782426045923e-05,0.2309002178483433,0.01,1.0000000000000001e-24,1.0000000000005004e-12,
validation_2024,NestedOU_proxy,5,105119,2.8613327439455628e-05,5.237421306479453e-05,-8.462379294598136,2.4523125717976694e-05,0.39143256690037004,0.001,0.009067325780763478,0.038268284559268,0.9982220769253706
validation_2024,NestedOU_proxy,5,105119,2.8613327439455628e-05,5.237421306479453e-05,-8.462379294598136,2.4523125717976694e-05,0.39143256690037004,0.0025,0.0002597451891118437,0.0025969107833916333,0.9996159303670371
validation_2024,NestedOU_proxy,5,105119,2.8613327439455628e-05,5.237421306479453e-05,-8.462379294598136,2.4523125717976694e-05,0.39143256690037004,0.005,1.0000000000000001e-24,1.0000000000005004e-12,
validation_2024,NestedOU_proxy,5,105119,2.8613327439455628e-05,5.237421306479453e-05,-8.462379294598136,2.4523125717976694e-05,0.39143256690037004,0.01,1.0000000000000001e-24,1.0000000000005004e-12,
validation_2024,OUF,5,105119,2.8460111217918608e-05,5.23473568780633e-05,-8.463053625549515,2.449431527814156e-05,0.3912137672542547,0.001,0.009040164981096162,0.03824467705696791,0.9982231831857922
validation_2024,OUF,5,105119,2.8460111217918608e-05,5.23473568780633e-05,-8.463053625549515,2.449431527814156e-05,0.3912137672542547,0.0025,0.00026229070936190216,0.002593001916029199,0.9996160590120321
validation_2024,OUF,5,105119,2.8460111217918608e-05,5.23473568780633e-05,-8.463053625549515,2.449431527814156e-05,0.3912137672542547,0.005,1.0000000000000001e-24,1.0000000000005004e-12,
validation_2024,OUF,5,105119,2.8460111217918608e-05,5.23473568780633e-05,-8.463053625549515,2.449431527814156e-05,0.3912137672542547,0.01,1.0000000000000001e-24,1.0000000000005004e-12,
validation_2024,MOUF,5,105119,2.9203634897619346e-05,5.2559347985260056e-05,-8.559786877029527,2.454480233028125e-05,0.3912137672542547,0.001,0.009045789980799374,0.03323267700091867,0.9975908485053359
validation_2024,MOUF,5,105119,2.9203634897619346e-05,5.2559347985260056e-05,-8.559786877029527,2.454480233028125e-05,0.3912137672542547,0.0025,0.00026097494054194486,0.001743752588213954,0.9749912199790823
validation_2024,MOUF,5,105119,2.9203634897619346e-05,5.2559347985260056e-05,-8.559786877029527,2.454480233028125e-05,0.3912137672542547,0.005,1.0763189576042797e-19,1.5433631469225532e-10,
validation_2024,MOUF,5,105119,2.9203634897619346e-05,5.2559347985260056e-05,-8.559786877029527,2.454480233028125e-05,0.3912137672542547,0.01,1.0000000000000001e-24,1.0000000000005004e-12,
validation_2024,RandomWalk,60,105056,9.078998217321923e-05,0.00014034918801351544,-7.414949953530739,7.46790267462078e-05,0.06633604934511118,0.001,0.025781455723324815,0.09507889275460701,0.9867643918508678
validation_2024,RandomWalk,60,105056,9.078998217321923e-05,0.00014034918801351544,-7.414949953530739,7.46790267462078e-05,0.06633604934511118,0.0025,0.0007047525137560395,0.004057244974249624,0.9880400990234105
validation_2024,RandomWalk,60,105056,9.078998217321923e-05,0.00014034918801351544,-7.414949953530739,7.46790267462078e-05,0.06633604934511118,0.005,1.184219913278338e-24,1.001630828602002e-12,
validation_2024,RandomWalk,60,105056,9.078998217321923e-05,0.00014034918801351544,-7.414949953530739,7.46790267462078e-05,0.06633604934511118,0.01,1e-24,1.0000000000005004e-12,
validation_2024,NestedOU_proxy,60,105056,9.42127206559339e-05,0.00014210879502629878,-7.415934205325101,7.536793055861152e-05,0.49123324703015536,0.001,0.026755873209890826,0.09606673450462017,0.9859226151404732
validation_2024,NestedOU_proxy,60,105056,9.42127206559339e-05,0.00014210879502629878,-7.415934205325101,7.536793055861152e-05,0.49123324703015536,0.0025,0.0005694649625559988,0.0039808305320384275,0.9875373744894236
validation_2024,NestedOU_proxy,60,105056,9.42127206559339e-05,0.00014210879502629878,-7.415934205325101,7.536793055861152e-05,0.49123324703015536,0.005,1e-24,1.0000000000005004e-12,
validation_2024,NestedOU_proxy,60,105056,9.42127206559339e-05,0.00014210879502629878,-7.415934205325101,7.536793055861152e-05,0.49123324703015536,0.01,1e-24,1.0000000000005004e-12,
validation_2024,OUF,60,105056,9.18076970870385e-05,0.00014013261441673437,-7.42377451422038,7.439091186304658e-05,0.4937842674383186,0.001,0.026006248488430004,0.09423920753561647,0.9864188013290212
validation_2024,OUF,60,105056,9.18076970870385e-05,0.00014013261441673437,-7.42377451422038,7.439091186304658e-05,0.4937842674383186,0.0025,0.0005905983869924886,0.003950668225317731,0.9877156547300001
validation_2024,OUF,60,105056,9.18076970870385e-05,0.00014013261441673437,-7.42377451422038,7.439091186304658e-05,0.4937842674383186,0.005,1.0001246556954585e-24,1.0000262187905017e-12,
validation_2024,OUF,60,105056,9.18076970870385e-05,0.00014013261441673437,-7.42377451422038,7.439091186304658e-05,0.4937842674383186,0.01,1e-24,1.0000000000005004e-12,
validation_2024,MOUF,60,105056,0.00010415484670720021,0.0001524875704130131,-7.392373506967695,7.815182408617514e-05,0.4937842674383186,0.001,0.026959598606244046,0.09673046983495308,0.9853228452741332
validation_2024,MOUF,60,105056,0.00010415484670720021,0.0001524875704130131,-7.392373506967695,7.815182408617514e-05,0.4937842674383186,0.0025,0.0005712140122875743,0.003376813163063548,0.9249902299853718
validation_2024,MOUF,60,105056,0.00010415484670720021,0.0001524875704130131,-7.392373506967695,7.815182408617514e-05,0.4937842674383186,0.005,1.481927867133768e-17,1.8038053830551824e-09,
validation_2024,MOUF,60,105056,0.00010415484670720021,0.0001524875704130131,-7.392373506967695,7.815182408617514e-05,0.4937842674383186,0.01,1e-24,1.0000000000005004e-12,
validation_2024,RandomWalk,360,104909,0.0001845016758597707,0.0002674087235317162,-6.630829495810541,0.0001583440261951637,0.025183730661811666,0.001,0.056878382238195184,0.2090257360017978,0.9400931143818059
validation_2024,RandomWalk,360,104909,0.0001845016758597707,0.0002674087235317162,-6.630829495810541,0.0001583440261951637,0.025183730661811666,0.0025,0.001284598068999406,0.0061927708551835865,0.958205171833731
validation_2024,RandomWalk,360,104909,0.0001845016758597707,0.0002674087235317162,-6.630829495810541,0.0001583440261951637,0.025183730661811666,0.005,4.894296053945684e-10,1.957425224252647e-07,
validation_2024,RandomWalk,360,104909,0.0001845016758597707,0.0002674087235317162,-6.630829495810541,0.0001583440261951637,0.025183730661811666,0.01,1.0000000000000001e-24,1.0000000000005004e-12,
validation_2024,NestedOU_proxy,360,104909,0.00022168554519950333,0.00030550815487732084,-6.632299460165798,0.00016949549549812775,0.5353592160825096,0.001,0.06084155277484547,0.21175112721880915,0.9058892290805196
validation_2024,NestedOU_proxy,360,104909,0.00022168554519950333,0.00030550815487732084,-6.632299460165798,0.00016949549549812775,0.5353592160825096,0.0025,0.0006331532346537727,0.004306950893698447,0.9528854867172223
validation_2024,NestedOU_proxy,360,104909,0.00022168554519950333,0.00030550815487732084,-6.632299460165798,0.00016949549549812775,0.5353592160825096,0.005,6.872636717079548e-16,1.796456470748292e-10,
validation_2024,NestedOU_proxy,360,104909,0.00022168554519950333,0.00030550815487732084,-6.632299460165798,0.00016949549549812775,0.5353592160825096,0.01,1.0000000000000001e-24,1.0000000000005004e-12,
validation_2024,OUF,360,104909,0.00019550685708896113,0.00027785105742532027,-6.6805665818744115,0.0001570290536335576,0.5388956142942931,0.001,0.05633111176162265,0.19386160618876488,0.9297887527841493
validation_2024,OUF,360,104909,0.00019550685708896113,0.00027785105742532027,-6.6805665818744115,0.0001570290536335576,0.5388956142942931,0.0025,0.0006659445711858201,0.004141184777765542,0.9545336365124603
validation_2024,OUF,360,104909,0.00019550685708896113,0.00027785105742532027,-6.6805665818744115,0.0001570290536335576,0.5388956142942931,0.005,4.493307933659185e-14,1.521299611587819e-09,
validation_2024,OUF,360,104909,0.00019550685708896113,0.00027785105742532027,-6.6805665818744115,0.0001570290536335576,0.5388956142942931,0.01,1.0000000000000001e-24,1.0000000000005004e-12,
validation_2024,MOUF,360,104909,0.00027710510356410834,0.0003823483688443672,-6.487248080708966,0.00020205240078278265,0.5388956142942931,0.001,0.06933420059116334,0.2359196620752901,0.9021012026284577
validation_2024,MOUF,360,104909,0.00027710510356410834,0.0003823483688443672,-6.487248080708966,0.00020205240078278265,0.5388956142942931,0.0025,0.0006429756391974249,0.004227379094579492,0.917895238205726
validation_2024,MOUF,360,104909,0.00027710510356410834,0.0003823483688443672,-6.487248080708966,0.00020205240078278265,0.5388956142942931,0.005,2.4540573155998632e-14,1.0729087610859678e-08,
validation_2024,MOUF,360,104909,0.00027710510356410834,0.0003823483688443672,-6.487248080708966,0.00020205240078278265,0.5388956142942931,0.01,1.0000000000000001e-24,1.0000000000005004e-12,
validation_2024,RandomWalk,1440,104898,0.00029405434105046085,0.0003964806309497578,-6.017729123309711,0.0002736433609551779,0.013441629011039295,0.001,0.13210947250645863,0.4382333188761611,0.8436155283663019
validation_2024,RandomWalk,1440,104898,0.00029405434105046085,0.0003964806309497578,-6.017729123309711,0.0002736433609551779,0.013441629011039295,0.0025,0.003641437513733541,0.03047669333962874,0.9418953964369841
validation_2024,RandomWalk,1440,104898,0.00029405434105046085,0.0003964806309497578,-6.017729123309711,0.0002736433609551779,0.013441629011039295,0.005,1.118828204689081e-06,8.839284235314224e-05,
validation_2024,RandomWalk,1440,104898,0.00029405434105046085,0.0003964806309497578,-6.017729123309711,0.0002736433609551779,0.013441629011039295,0.01,2.3407404085000032e-21,1.510175968258193e-12,
validation_2024,NestedOU_proxy,1440,104898,0.0004151213918432552,0.0005554866955802423,-6.009614061894645,0.00030922570927057564,0.5548723521897462,0.001,0.09790117788139494,0.35224949980339143,0.6378991707390913
validation_2024,NestedOU_proxy,1440,104898,0.0004151213918432552,0.0005554866955802423,-6.009614061894645,0.00030922570927057564,0.5548723521897462,0.0025,0.000689929081100253,0.004911921597042022,0.91194005665019
validation_2024,NestedOU_proxy,1440,104898,0.0004151213918432552,0.0005554866955802423,-6.009614061894645,0.00030922570927057564,0.5548723521897462,0.005,4.4602125699084257e-17,3.3420518202508896e-10,
validation_2024,NestedOU_proxy,1440,104898,0.0004151213918432552,0.0005554866955802423,-6.009614061894645,0.00030922570927057564,0.5548723521897462,0.01,1.0000000000000001e-24,1.0000000000005004e-12,
validation_2024,OUF,1440,104898,0.00034563166456553194,0.00047634330107409784,-6.182976314054893,0.000267721027157363,0.5682567827794619,0.001,0.09801440186051857,0.3351787143654599,0.7202539732286555
validation_2024,OUF,1440,104898,0.00034563166456553194,0.00047634330107409784,-6.182976314054893,0.000267721027157363,0.5682567827794619,0.0025,0.0006947163618711101,0.004908749666488337,0.9292559353652042
validation_2024,OUF,1440,104898,0.00034563166456553194,0.00047634330107409784,-6.182976314054893,0.000267721027157363,0.5682567827794619,0.005,1.5933415919844598e-13,1.965590227165964e-08,
validation_2024,OUF,1440,104898,0.00034563166456553194,0.00047634330107409784,-6.182976314054893,0.000267721027157363,0.5682567827794619,0.01,1.0000000000000001e-24,1.0000000000005004e-12,
validation_2024,MOUF,1440,104898,0.00044243022447330377,0.0005995932641073805,-5.977542087048415,0.00033152116971038245,0.5682567827794619,0.001,0.10792120370247048,0.3787020148559154,0.6292505151434061
validation_2024,MOUF,1440,104898,0.00044243022447330377,0.0005995932641073805,-5.977542087048415,0.00033152116971038245,0.5682567827794619,0.0025,0.000696169238585615,0.005707102062750486,0.9103641751255354
validation_2024,MOUF,1440,104898,0.00044243022447330377,0.0005995932641073805,-5.977542087048415,0.00033152116971038245,0.5682567827794619,0.005,1.7656483894637355e-14,3.198077856933266e-08,
validation_2024,MOUF,1440,104898,0.00044243022447330377,0.0005995932641073805,-5.977542087048415,0.00033152116971038245,0.5682567827794619,0.01,1.0000000000000001e-24,1.0000000000005004e-12,
test_2025,RandomWalk,5,104900,2.1714339642508385e-05,3.936134972444931e-05,-8.70146203033198,1.943830912520263e-05,0.2695614871306006,0.001,0.002366584530046049,0.00921522718759589,0.9995546125524666
test_2025,RandomWalk,5,104900,2.1714339642508385e-05,3.936134972444931e-05,-8.70146203033198,1.943830912520263e-05,0.2695614871306006,0.0025,2.18744174530452e-05,0.0005182269557590282,0.9545051521998581
test_2025,RandomWalk,5,104900,2.1714339642508385e-05,3.936134972444931e-05,-8.70146203033198,1.943830912520263e-05,0.2695614871306006,0.005,1.9065776930371784e-05,0.0005268070968419438,0.8333285667527829
test_2025,RandomWalk,5,104900,2.1714339642508385e-05,3.936134972444931e-05,-8.70146203033198,1.943830912520263e-05,0.2695614871306006,0.01,1.0000000000000001e-24,1.0000000000005004e-12,
test_2025,NestedOU_proxy,5,104900,2.209551832548098e-05,3.933572583450032e-05,-8.702313232374099,1.943482059414655e-05,0.37816015252621543,0.001,0.002395608936277393,0.009258214686052084,0.9995535792975816
test_2025,NestedOU_proxy,5,104900,2.209551832548098e-05,3.933572583450032e-05,-8.702313232374099,1.943482059414655e-05,0.37816015252621543,0.0025,2.082699583878825e-05,0.0004963427487752935,0.9545073189926321
test_2025,NestedOU_proxy,5,104900,2.209551832548098e-05,3.933572583450032e-05,-8.702313232374099,1.943482059414655e-05,0.37816015252621543,0.005,1.9065776930371784e-05,0.0005268070968419438,0.8333285667527829
test_2025,NestedOU_proxy,5,104900,2.209551832548098e-05,3.933572583450032e-05,-8.702313232374099,1.943482059414655e-05,0.37816015252621543,0.01,1.0000000000000001e-24,1.0000000000005004e-12,
test_2025,OUF,5,104900,2.1964881656857217e-05,3.932128414915653e-05,-8.702481772976409,1.9423822685695094e-05,0.3773307912297426,0.001,0.0023833309922817844,0.009232172036857915,0.9995543249454366
test_2025,OUF,5,104900,2.1964881656857217e-05,3.932128414915653e-05,-8.702481772976409,1.9423822685695094e-05,0.3773307912297426,0.0025,2.1012245005146198e-05,0.0005009188543459626,0.9545073189926321
test_2025,OUF,5,104900,2.1964881656857217e-05,3.932128414915653e-05,-8.702481772976409,1.9423822685695094e-05,0.3773307912297426,0.005,1.9065776930371784e-05,0.0005268070968419438,0.8333285667527829
test_2025,OUF,5,104900,2.1964881656857217e-05,3.932128414915653e-05,-8.702481772976409,1.9423822685695094e-05,0.3773307912297426,0.01,1.0000000000000001e-24,1.0000000000005004e-12,
test_2025,MOUF,5,104900,2.251740503155705e-05,3.942622291635476e-05,-8.763179086386076,1.9481589273117205e-05,0.3773307912297426,0.001,0.0023870544718333116,0.008942378652751682,0.9991097723571983
test_2025,MOUF,5,104900,2.251740503155705e-05,3.942622291635476e-05,-8.763179086386076,1.9481589273117205e-05,0.3773307912297426,0.0025,2.0842584627997704e-05,0.00023122585991736943,0.9230615221805908
test_2025,MOUF,5,104900,2.251740503155705e-05,3.942622291635476e-05,-8.763179086386076,1.9481589273117205e-05,0.3773307912297426,0.005,1.8921487619416617e-05,0.00030999686813845776,0.8333269778925995
test_2025,MOUF,5,104900,2.251740503155705e-05,3.942622291635476e-05,-8.763179086386076,1.9481589273117205e-05,0.3773307912297426,0.01,1.0000000000000001e-24,1.0000000000005004e-12,
test_2025,RandomWalk,60,104836,5.760528893209422e-05,9.435363845094989e-05,-7.650482328594078,5.290367278985919e-05,0.08829028196421077,0.001,0.006529101045440049,0.025692047115534942,0.9961933877102066
test_2025,RandomWalk,60,104836,5.760528893209422e-05,9.435363845094989e-05,-7.650482328594078,5.290367278985919e-05,0.08829028196421077,0.0025,0.00022218164538594822,0.004197904816890321,0.7671014461331657
test_2025,RandomWalk,60,104836,5.760528893209422e-05,9.435363845094989e-05,-7.650482328594078,5.290367278985919e-05,0.08829028196421077,0.005,5.710129105594299e-05,0.0013653047448481453,0.4999856915284309
test_2025,RandomWalk,60,104836,5.760528893209422e-05,9.435363845094989e-05,-7.650482328594078,5.290367278985919e-05,0.08829028196421077,0.01,1e-24,1.0000000000005004e-12,
test_2025,NestedOU_proxy,60,104836,6.0479371426344096e-05,9.56992960075026e-05,-7.663453305612869,5.3007378218583117e-05,0.4865599603189744,0.001,0.0069278066702378235,0.0257899651305484,0.996156276857066
test_2025,NestedOU_proxy,60,104836,6.0479371426344096e-05,9.56992960075026e-05,-7.663453305612869,5.3007378218583117e-05,0.4865599603189744,0.0025,0.00020659717768304115,0.003981935763334959,0.6778774147388505
test_2025,NestedOU_proxy,60,104836,6.0479371426344096e-05,9.56992960075026e-05,-7.663453305612869,5.3007378218583117e-05,0.4865599603189744,0.005,5.211378630325661e-05,0.0012113499785863693,0.4999856915284309
test_2025,NestedOU_proxy,60,104836,6.0479371426344096e-05,9.56992960075026e-05,-7.663453305612869,5.3007378218583117e-05,0.4865599603189744,0.01,1e-24,1.0000000000005004e-12,
test_2025,OUF,60,104836,5.850346972841777e-05,9.415626685910549e-05,-7.664401869137908,5.2506133160504245e-05,0.48362203823114197,0.001,0.006601555737829493,0.025171200817248295,0.9961909318252757
test_2025,OUF,60,104836,5.850346972841777e-05,9.415626685910549e-05,-7.664401869137908,5.2506133160504245e-05,0.48362203823114197,0.0025,0.00020877833416240428,0.004031494732902257,0.6775556663703577
test_2025,OUF,60,104836,5.850346972841777e-05,9.415626685910549e-05,-7.664401869137908,5.2506133160504245e-05,0.48362203823114197,0.005,5.424544036438097e-05,0.0012444939025829862,0.4999856915284309
test_2025,OUF,60,104836,5.850346972841777e-05,9.415626685910549e-05,-7.664401869137908,5.2506133160504245e-05,0.48362203823114197,0.01,1e-24,1.0000000000005004e-12,
test_2025,MOUF,60,104836,6.803853410042886e-05,0.00010323372733317326,-7.6373735665750955,5.6284095062048164e-05,0.48362203823114197,0.001,0.0070351203366537055,0.030735069225980936,0.9947396828781796
test_2025,MOUF,60,104836,6.803853410042886e-05,0.00010323372733317326,-7.6373735665750955,5.6284095062048164e-05,0.48362203823114197,0.0025,0.00019128068991451871,0.0018143543927755196,0.3404301541530256
test_2025,MOUF,60,104836,6.803853410042886e-05,0.00010323372733317326,-7.6373735665750955,5.6284095062048164e-05,0.48362203823114197,0.005,4.992851122532027e-05,0.0008504832868800207,0.4999856915284309
test_2025,MOUF,60,104836,6.803853410042886e-05,0.00010323372733317326,-7.6373735665750955,5.6284095062048164e-05,0.48362203823114197,0.01,1e-24,1.0000000000005004e-12,
test_2025,RandomWalk,360,104662,0.00011303160959285175,0.00017262800415606566,-6.833116286068678,0.00011673190062056756,0.040205614263056313,0.001,0.018089107557553136,0.08474502304059497,0.9770359141116253
test_2025,RandomWalk,360,104662,0.00011303160959285175,0.00017262800415606566,-6.833116286068678,0.00011673190062056756,0.040205614263056313,0.0025,0.00032493486993630564,0.0038877000882570323,0.4859333316538695
test_2025,RandomWalk,360,104662,0.00011303160959285175,0.00017262800415606566,-6.833116286068678,0.00011673190062056756,0.040205614263056313,0.005,5.452571089603789e-05,0.0009816536981398834,0.49835656751927687
test_2025,RandomWalk,360,104662,0.00011303160959285175,0.00017262800415606566,-6.833116286068678,0.00011673190062056756,0.040205614263056313,0.01,1e-24,1.0000000000005006e-12,
test_2025,NestedOU_proxy,360,104662,0.00014099153532081928,0.0002024873458367632,-6.90857133092973,0.00011846962081562716,0.5356767499187862,0.001,0.02001419734313145,0.07224315600269489,0.9695285949573382
test_2025,NestedOU_proxy,360,104662,0.00014099153532081928,0.0002024873458367632,-6.90857133092973,0.00011846962081562716,0.5356767499187862,0.0025,0.00014174302280037427,0.003400323396967112,0.40471228611810167
test_2025,NestedOU_proxy,360,104662,0.00014099153532081928,0.0002024873458367632,-6.90857133092973,0.00011846962081562716,0.5356767499187862,0.005,2.881834108067902e-05,0.0007934185660373924,0.4999856677399937
test_2025,NestedOU_proxy,360,104662,0.00014099153532081928,0.0002024873458367632,-6.90857133092973,0.00011846962081562716,0.5356767499187862,0.01,1e-24,1.0000000000005006e-12,
test_2025,OUF,360,104662,0.00012296819243129818,0.00018094731219613208,-6.915553719489721,0.00011244891107721738,0.535103475951157,0.001,0.01717514886126516,0.06469176307322008,0.9766002212878884
test_2025,OUF,360,104662,0.00012296819243129818,0.00018094731219613208,-6.915553719489721,0.00011244891107721738,0.535103475951157,0.0025,0.00015303424306985865,0.0034559401975487024,0.4071793606628439
test_2025,OUF,360,104662,0.00012296819243129818,0.00018094731219613208,-6.915553719489721,0.00011244891107721738,0.535103475951157,0.005,3.1949028330943537e-05,0.0008016252763728818,0.4999808903199916
test_2025,OUF,360,104662,0.00012296819243129818,0.00018094731219613208,-6.915553719489721,0.00011244891107721738,0.535103475951157,0.01,1e-24,1.0000000000005006e-12,
test_2025,MOUF,360,104662,0.0001913792380374101,0.00026167553154619183,-6.718203663268134,0.00014777814057673856,0.535103475951157,0.001,0.022035554764777816,0.0954219529836695,0.9721668952644631
test_2025,MOUF,360,104662,0.0001913792380374101,0.00026167553154619183,-6.718203663268134,0.00014777814057673856,0.535103475951157,0.0025,0.00012094925327645371,0.0015944628858364852,0.1571183353153903
test_2025,MOUF,360,104662,0.0001913792380374101,0.00026167553154619183,-6.718203663268134,0.00014777814057673856,0.535103475951157,0.005,2.974999754648308e-05,0.0007966839495283328,0.4999808903199916
test_2025,MOUF,360,104662,0.0001913792380374101,0.00026167553154619183,-6.718203663268134,0.00014777814057673856,0.535103475951157,0.01,1e-24,1.0000000000005006e-12,
test_2025,RandomWalk,1440,104439,0.0001832033333033087,0.00026939885280025843,-6.177580527086975,0.00021615034964615634,0.02404274265360641,0.001,0.07273068942524154,0.30398552144199315,0.9319536153868738
test_2025,RandomWalk,1440,104439,0.0001832033333033087,0.00026939885280025843,-6.177580527086975,0.00021615034964615634,0.02404274265360641,0.0025,0.0007237318978131615,0.00809578333821145,0.4887303823077753
test_2025,RandomWalk,1440,104439,0.0001832033333033087,0.00026939885280025843,-6.177580527086975,0.00021615034964615634,0.02404274265360641,0.005,5.087058536639668e-05,0.0007097357291316902,0.46847989837476217
test_2025,RandomWalk,1440,104439,0.0001832033333033087,0.00026939885280025843,-6.177580527086975,0.00021615034964615634,0.02404274265360641,0.01,1.6381551692268118e-16,4.1957760212238844e-11,
test_2025,NestedOU_proxy,1440,104439,0.00026851055085383847,0.0003689564987289085,-6.434499582755355,0.00020437796422185806,0.5837474506649815,0.001,0.031592944107019794,0.14727831908183903,0.5169271283160375
test_2025,NestedOU_proxy,1440,104439,0.00026851055085383847,0.0003689564987289085,-6.434499582755355,0.00020437796422185806,0.5837474506649815,0.0025,0.00010533150684825488,0.0018023587761452967,0.2596817467972714
test_2025,NestedOU_proxy,1440,104439,0.00026851055085383847,0.0003689564987289085,-6.434499582755355,0.00020437796422185806,0.5837474506649815,0.005,2.8724901617154514e-05,0.000793698364138125,0.5
test_2025,NestedOU_proxy,1440,104439,0.00026851055085383847,0.0003689564987289085,-6.434499582755355,0.00020437796422185806,0.5837474506649815,0.01,1.0000000000000001e-24,1.0000000000005004e-12,
test_2025,OUF,1440,104439,0.0002293918979640477,0.00031398067705669646,-6.469366048594852,0.00018656212412741492,0.5797068145041603,0.001,0.029750265909859887,0.13460955833848473,0.8220846850281559
test_2025,OUF,1440,104439,0.0002293918979640477,0.00031398067705669646,-6.469366048594852,0.00018656212412741492,0.5797068145041603,0.0025,0.00010657508271857277,0.001577859012244347,0.26567717818627534
test_2025,OUF,1440,104439,0.0002293918979640477,0.00031398067705669646,-6.469366048594852,0.00018656212412741492,0.5797068145041603,0.005,2.8724901617154514e-05,0.0007936983642086851,0.49998563713661953
test_2025,OUF,1440,104439,0.0002293918979640477,0.00031398067705669646,-6.469366048594852,0.00018656212412741492,0.5797068145041603,0.01,1.0000000000000001e-24,1.0000000000005004e-12,
test_2025,MOUF,1440,104439,0.0003055377392390291,0.00040316396211031584,-6.317942720271268,0.00022964678073494289,0.5797068145041603,0.001,0.03341387736305703,0.15979013578443443,0.556314349123005
test_2025,MOUF,1440,104439,0.0003055377392390291,0.00040316396211031584,-6.317942720271268,0.00022964678073494289,0.5797068145041603,0.0025,0.00010533996252861626,0.0014575432110627883,0.2071235683916191
test_2025,MOUF,1440,104439,0.0003055377392390291,0.00040316396211031584,-6.317942720271268,0.00022964678073494289,0.5797068145041603,0.005,2.8724901617154514e-05,0.0007936983641458139,0.49998563713661953
test_2025,MOUF,1440,104439,0.0003055377392390291,0.00040316396211031584,-6.317942720271268,0.00022964678073494289,0.5797068145041603,0.01,1.0000000000000001e-24,1.0000000000005004e-12,
