period,model,horizon_minutes,threshold,bin,mean_predicted_probability,observed_frequency,nobs
validation_2024,RandomWalk,5,0.001,0,4.898755745121321e-09,0.00011890889200694428,84098
validation_2024,RandomWalk,5,0.001,1,0.12229367402315601,0.12931116389548694,10525
validation_2024,RandomWalk,5,0.001,2,0.9817461041728053,0.975514481707317,10496
validation_2024,RandomWalk,5,0.0025,0,0.0008255450567309757,0.0007039640788059247,105119
validation_2024,NestedOU_proxy,5,0.001,0,3.5572173505517045e-09,0.00011889192723814053,84110
validation_2024,NestedOU_proxy,5,0.001,1,0.11136459859329932,0.12915515763406038,10499
validation_2024,NestedOU_proxy,5,0.001,2,0.9781284906943244,0.9746907706945765,10510
validation_2024,NestedOU_proxy,5,0.0025,0,0.0007868631884580923,0.0007039640788059247,105119
validation_2024,OUF,5,0.001,0,3.7802444483043856e-09,0.00011890747809129716,84099
validation_2024,OUF,5,0.001,1,0.11482473545439359,0.12932345115925503,10524
validation_2024,OUF,5,0.001,2,0.9794981018842429,0.975514481707317,10496
validation_2024,OUF,5,0.0025,0,0.0007966450188656145,0.0007039640788059247,105119
validation_2024,MOUF,5,0.001,0,0.000413731745340088,7.499062617172853e-05,13335
validation_2024,MOUF,5,0.001,1,0.00043928813695857103,0.0,8743
validation_2024,MOUF,5,0.001,2,0.00045088270409160126,0.0001161642562583493,17217
validation_2024,MOUF,5,0.001,3,0.0004593906981738697,0.00024295432458697764,4116
validation_2024,MOUF,5,0.001,4,0.0005311584566627028,0.0004929751047572097,16228
validation_2024,MOUF,5,0.001,5,0.0006082171574262593,0.0005390835579514825,5565
validation_2024,MOUF,5,0.001,6,0.0008956392381592388,0.0014292520247737017,8396
validation_2024,MOUF,5,0.001,7,0.001199571462156649,0.00025233409033560434,11889
validation_2024,MOUF,5,0.001,8,0.1329956774670325,0.1481683980317113,9145
validation_2024,MOUF,5,0.001,9,0.9734439057293222,0.9752026704816404,10485
validation_2024,MOUF,5,0.0025,0,8.096275592632672e-09,5.801810164771409e-05,17236
validation_2024,MOUF,5,0.0025,1,9.46101689641114e-09,0.0,8629
validation_2024,MOUF,5,0.0025,2,9.964760224386361e-09,0.0,8624
validation_2024,MOUF,5,0.0025,3,1.0029999909224665e-08,0.0,8548
validation_2024,MOUF,5,0.0025,4,1.8797525056450542e-08,0.0,17243
validation_2024,MOUF,5,0.0025,5,5.92743566431375e-08,0.00011576753878212549,8638
validation_2024,MOUF,5,0.0025,6,7.606408894793082e-08,0.0,8615
validation_2024,MOUF,5,0.0025,7,2.212979740298214e-05,0.0001948747929455325,10263
validation_2024,MOUF,5,0.0025,8,3.4165823018255797e-05,0.0,8640
validation_2024,MOUF,5,0.0025,9,0.009638359827378389,0.008061729816883566,8683
validation_2024,MOUF,5,0.005,0,3.585249139794264e-11,0.0,87845
validation_2024,MOUF,5,0.005,1,6.222726223066141e-10,0.0,8638
validation_2024,MOUF,5,0.005,2,8.915037100673133e-10,0.0,8636
validation_2024,RandomWalk,60,0.001,0,1.737496875782949e-09,9.44733112895607e-05,10585
validation_2024,RandomWalk,60,0.001,1,2.771582325880591e-08,0.0,10563
validation_2024,RandomWalk,60,0.001,2,4.2211812890232864e-07,9.643201542912247e-05,10370
validation_2024,RandomWalk,60,0.001,3,8.614161756987392e-06,0.0009463423866754992,10567
validation_2024,RandomWalk,60,0.001,4,7.109017264175842e-05,0.0006676204101096805,10485
validation_2024,RandomWalk,60,0.001,5,0.0005540926252211333,0.0015261350629530714,10484
validation_2024,RandomWalk,60,0.001,6,0.0043975826942022995,0.004958047292143402,10488
validation_2024,RandomWalk,60,0.001,7,0.03406725426797314,0.017507136060894386,10510
validation_2024,RandomWalk,60,0.001,8,0.26850676143236346,0.20011418783899515,10509
validation_2024,RandomWalk,60,0.001,9,0.8909032470137895,0.881086231538828,10495
validation_2024,RandomWalk,60,0.0025,0,0.0013092367352504155,0.0007043862321047822,105056
validation_2024,RandomWalk,60,0.005,0,1.0016308286014092e-12,0.0,105056
validation_2024,NestedOU_proxy,60,0.001,0,4.395484774267244e-10,9.462528387585163e-05,10568
validation_2024,NestedOU_proxy,60,0.001,1,7.55136271426124e-09,0.0,10466
validation_2024,NestedOU_proxy,60,0.001,2,1.3308990880550453e-07,0.00018968133535660092,10544
validation_2024,NestedOU_proxy,60,0.001,3,2.770130298683096e-06,0.0004756016360696281,10513
validation_2024,NestedOU_proxy,60,0.001,4,3.284717432134495e-05,0.0010518263530311723,10458
validation_2024,NestedOU_proxy,60,0.001,5,0.00025283666949799734,0.00181142148917914,10489
validation_2024,NestedOU_proxy,60,0.001,6,0.0022871250089303162,0.0054213429712763935,10514
validation_2024,NestedOU_proxy,60,0.001,7,0.0204768543584279,0.019311263318112632,10512
validation_2024,NestedOU_proxy,60,0.001,8,0.18745489563286638,0.20430927638478405,10489
validation_2024,NestedOU_proxy,60,0.001,9,0.8309537790967062,0.8740359897172236,10503
validation_2024,NestedOU_proxy,60,0.0025,0,0.0008333824953533244,0.0007043862321047822,105056
validation_2024,OUF,60,0.001,0,6.50936751639527e-10,9.51022349025202e-05,10515
validation_2024,OUF,60,0.001,1,1.0478738063960057e-08,0.0,10517
validation_2024,OUF,60,0.001,2,1.6888420333690808e-07,9.46790380609733e-05,10562
validation_2024,OUF,60,0.001,3,3.6510214311524123e-06,0.0009541074324968991,10481
validation_2024,OUF,60,0.001,4,3.8718198946402766e-05,0.0008573061535530577,10498
validation_2024,OUF,60,0.001,5,0.0003106964300179978,0.0016229116945107398,10475
validation_2024,OUF,60,0.001,6,0.002680558031528713,0.004643229413436937,10553
validation_2024,OUF,60,0.001,7,0.023299392585119167,0.018225190839694656,10480
validation_2024,OUF,60,0.001,8,0.20852944158578732,0.20326367019753794,10479
validation_2024,OUF,60,0.001,9,0.8492359177304277,0.8777629573170732,10496
validation_2024,OUF,60,0.0025,0,0.0009367051421013035,0.0007043862321047822,105056
validation_2024,OUF,60,0.005,0,1.000026218790001e-12,0.0,105056
validation_2024,MOUF,60,0.001,0,0.004760950351546929,0.0,10525
validation_2024,MOUF,60,0.001,1,0.005088235045066498,0.000284846183061147,10532
validation_2024,MOUF,60,0.001,2,0.005194477132679425,0.0006674294431731503,10488
validation_2024,MOUF,60,0.001,3,0.005457906607959831,0.0014291158536585366,10496
validation_2024,MOUF,60,0.001,4,0.00660013233115311,0.000665019950598518,10526
validation_2024,MOUF,60,0.001,5,0.008826986117886942,0.004005722460658083,10485
validation_2024,MOUF,60,0.001,6,0.01452567601553584,0.0022811519817507843,10521
validation_2024,MOUF,60,0.001,7,0.03171258713736,0.018218237314002288,10484
validation_2024,MOUF,60,0.001,8,0.20192727865257704,0.2037725064304087,10497
validation_2024,MOUF,60,0.001,9,0.7872941763087485,0.875357074842887,10502
validation_2024,MOUF,60,0.0025,0,9.267420597762579e-08,0.00017637721206420132,17009
validation_2024,MOUF,60,0.0025,1,1.084888366884097e-07,0.0,8583
validation_2024,MOUF,60,0.0025,2,1.1386171160501712e-07,0.0,8738
validation_2024,MOUF,60,0.0025,3,1.1479634837558261e-07,0.0,8515
validation_2024,MOUF,60,0.0025,4,2.143606523640659e-07,0.00012344916980433306,16201
validation_2024,MOUF,60,0.0025,5,6.39040890880578e-07,0.0003134141245298788,9572
validation_2024,MOUF,60,0.0025,6,8.729045886220736e-07,0.0,7875
validation_2024,MOUF,60,0.0025,7,0.00021031005371489677,0.0001322401481089659,7562
validation_2024,MOUF,60,0.0025,8,0.00037190745811855187,0.0,10521
validation_2024,MOUF,60,0.0025,9,0.009323343668192157,0.006202290076335878,10480
validation_2024,MOUF,60,0.005,0,4.1182459542783154e-10,0.0,87782
validation_2024,MOUF,60,0.005,1,7.309352197479825e-09,0.0,8638
validation_2024,MOUF,60,0.005,2,1.0445994282786184e-08,0.0,8636
validation_2024,RandomWalk,360,0.001,0,0.011750729290817991,0.0,10522
validation_2024,RandomWalk,360,0.001,1,0.015456181958181006,0.0015275921329005156,10474
validation_2024,RandomWalk,360,0.001,2,0.02290805173335626,0.008476190476190476,10500
validation_2024,RandomWalk,360,0.001,3,0.03826905930691697,0.008403361344537815,10472
validation_2024,RandomWalk,360,0.001,4,0.07006328155395129,0.014015151515151515,10560
validation_2024,RandomWalk,360,0.001,5,0.10031749694703408,0.016121293541886576,10421
validation_2024,RandomWalk,360,0.001,6,0.14291642094704765,0.03447619047619047,10500
validation_2024,RandomWalk,360,0.001,7,0.2232122213869755,0.06847877920839295,10485
validation_2024,RandomWalk,360,0.001,8,0.3920657144386793,0.24076190476190476,10500
validation_2024,RandomWalk,360,0.001,9,0.7689298873894462,0.7217183770883054,10475
validation_2024,RandomWalk,360,0.0025,0,3.112541827858573e-10,0.0,10559
validation_2024,RandomWalk,360,0.0025,1,9.484653009957283e-10,0.0,10477
validation_2024,RandomWalk,360,0.0025,2,3.5959060721994926e-09,0.0,10603
validation_2024,RandomWalk,360,0.0025,3,1.538649000510889e-08,0.0,10329
validation_2024,RandomWalk,360,0.0025,4,9.707545045871701e-08,0.0,10511
validation_2024,RandomWalk,360,0.0025,5,1.2060195660691844e-06,0.000286368843069874,10476
validation_2024,RandomWalk,360,0.0025,6,1.9141342860674522e-05,0.00019022256039566293,10514
validation_2024,RandomWalk,360,0.0025,7,8.536295507501532e-05,0.0,10462
validation_2024,RandomWalk,360,0.0025,8,0.0005147616721742073,0.0001905850962454736,10494
validation_2024,RandomWalk,360,0.0025,9,0.036276407789302995,0.006390690576115987,10484
validation_2024,RandomWalk,360,0.005,0,1.954971558653603e-07,0.0,104909
validation_2024,NestedOU_proxy,360,0.001,0,0.0024351661610085814,0.0,10533
validation_2024,NestedOU_proxy,360,0.001,1,0.0033986899494397858,0.005835087048019896,10454
validation_2024,NestedOU_proxy,360,0.001,2,0.005307106050224062,0.006993006993006993,10582
validation_2024,NestedOU_proxy,360,0.001,3,0.008771819961132351,0.016127483920514545,10417
validation_2024,NestedOU_proxy,360,0.001,4,0.017751294948477683,0.030788294728815176,10491
validation_2024,NestedOU_proxy,360,0.001,5,0.04095010694838043,0.0497810774795355,10506
validation_2024,NestedOU_proxy,360,0.001,6,0.06278016635625369,0.044571428571428574,10500
validation_2024,NestedOU_proxy,360,0.001,7,0.09738677806697077,0.09304986175993898,10489
validation_2024,NestedOU_proxy,360,0.001,8,0.17595906270549264,0.22146817052188875,10462
validation_2024,NestedOU_proxy,360,0.001,9,0.5100386575598792,0.6460143198090692,10475
validation_2024,NestedOU_proxy,360,0.0025,0,1.0004113737453934e-12,0.0,31587
validation_2024,NestedOU_proxy,360,0.0025,1,2.6063711180750452e-12,0.0,10395
validation_2024,NestedOU_proxy,360,0.0025,2,1.9017763582401853e-11,9.533797311469158e-05,10489
validation_2024,NestedOU_proxy,360,0.0025,3,3.534469632481085e-10,0.00028590488897360146,10493
validation_2024,NestedOU_proxy,360,0.0025,4,4.260208166556262e-08,0.0002864235249188467,10474
validation_2024,NestedOU_proxy,360,0.0025,5,2.0286281084777798e-06,0.0,10510
validation_2024,NestedOU_proxy,360,0.0025,6,1.4940867129466287e-05,0.0,10492
validation_2024,NestedOU_proxy,360,0.0025,7,0.005731466649581627,0.006399847167828828,10469
validation_2024,NestedOU_proxy,360,0.005,0,1.7964530344177256e-10,0.0,104909
validation_2024,OUF,360,0.001,0,0.003739291243934243,0.0,10562
validation_2024,OUF,360,0.001,1,0.00491862685606535,0.0010535389330523896,10441
validation_2024,OUF,360,0.001,2,0.007448687148271935,0.007446300715990454,10475
validation_2024,OUF,360,0.001,3,0.012448523532814136,0.010501419110690633,10570
validation_2024,OUF,360,0.001,4,0.024093945029180355,0.01824116743471582,10416
validation_2024,OUF,360,0.001,5,0.05069804788563171,0.03195827406353722,10545
validation_2024,OUF,360,0.001,6,0.07460034098432114,0.03264407428680835,10446
validation_2024,OUF,360,0.001,7,0.12149474012072839,0.0739399714149595,10495
validation_2024,OUF,360,0.001,8,0.2223645741811671,0.24670738690589808,10478
validation_2024,OUF,360,0.001,9,0.555570037070822,0.6915370670737525,10481
validation_2024,OUF,360,0.0025,0,1.2134968767256297e-12,0.0,21021
validation_2024,OUF,360,0.0025,1,5.641941518056074e-12,0.0,10510
validation_2024,OUF,360,0.0025,2,2.740895332148914e-11,0.0,10482
validation_2024,OUF,360,0.0025,3,1.8493368223215795e-10,0.0,10473
validation_2024,OUF,360,0.0025,4,2.57799280065918e-09,0.0003812428516965307,10492
validation_2024,OUF,360,0.0025,5,3.6415902661949455e-07,0.00019124115509657678,10458
validation_2024,OUF,360,0.0025,6,4.851663196558748e-06,9.513842641042717e-05,10511
validation_2024,OUF,360,0.0025,7,3.540169465253619e-05,9.550186228631458e-05,10471
validation_2024,OUF,360,0.0025,8,0.009095372043130405,0.0062911066628538745,10491
validation_2024,OUF,360,0.005,0,1.5212771444173916e-09,0.0,104909
validation_2024,MOUF,360,0.001,0,0.025444704749159993,0.0,10742
validation_2024,MOUF,360,0.001,1,0.02707599127017607,0.0018394810727079098,10329
validation_2024,MOUF,360,0.001,2,0.029404632987439144,0.007005085884272143,10421
validation_2024,MOUF,360,0.001,3,0.0346676344302963,0.00945000945000945,10582
validation_2024,MOUF,360,0.001,4,0.04098166259651838,0.02131131803782279,10417
validation_2024,MOUF,360,0.001,5,0.05689084552872976,0.05109628217349857,10490
validation_2024,MOUF,360,0.001,6,0.10675593653204603,0.08775783040488923,10472
validation_2024,MOUF,360,0.001,7,0.14037308483766692,0.09182797749594736,10487
validation_2024,MOUF,360,0.001,8,0.2015193649310181,0.2262188722450148,10481
validation_2024,MOUF,360,0.001,9,0.39973107460303864,0.6172768878718535,10488
validation_2024,MOUF,360,0.0025,0,4.033749112410836e-07,0.0003811701924909472,10494
validation_2024,MOUF,360,0.0025,1,5.122191505682014e-07,0.0,10527
validation_2024,MOUF,360,0.0025,2,5.292583903912669e-07,0.0,10480
validation_2024,MOUF,360,0.0025,3,5.580324578114128e-07,0.0,10503
validation_2024,MOUF,360,0.0025,4,1.0183347049065753e-06,0.0,10525
validation_2024,MOUF,360,0.0025,5,2.352573079281319e-06,0.0001919938561966017,10417
validation_2024,MOUF,360,0.0025,6,3.898702446093138e-06,9.51022349025202e-05,10515
validation_2024,MOUF,360,0.0025,7,0.0009076589501071983,0.0002860411899313501,10488
validation_2024,MOUF,360,0.0025,8,0.002114725088252821,0.0,10469
validation_2024,MOUF,360,0.0025,9,0.008805820018957395,0.006100467067009818,10491
validation_2024,MOUF,360,0.005,0,1.5857225048581562e-09,0.0,85066
validation_2024,MOUF,360,0.005,1,3.49718504330847e-08,0.0,9926
validation_2024,MOUF,360,0.005,2,6.489411181618965e-08,0.0,9917
validation_2024,RandomWalk,1440,0.001,0,0.20290629708695337,0.0031309297912713472,10540
validation_2024,RandomWalk,1440,0.001,1,0.21325240481766325,0.005717552887364208,10494
validation_2024,RandomWalk,1440,0.001,2,0.2225881058436216,0.018739352640545145,10566
validation_2024,RandomWalk,1440,0.001,3,0.24158192788672456,0.02584378013500482,10370
validation_2024,RandomWalk,1440,0.001,4,0.2710712802368932,0.04360630818924568,10526
validation_2024,RandomWalk,1440,0.001,5,0.3273107496265648,0.11317325169807711,10453
validation_2024,RandomWalk,1440,0.001,6,0.3942411067378038,0.07587123729940176,10531
validation_2024,RandomWalk,1440,0.001,7,0.42205423838305534,0.12290929943610819,10463
validation_2024,RandomWalk,1440,0.001,8,0.4832752567048306,0.21876491362031117,10477
validation_2024,RandomWalk,1440,0.001,9,0.672516817617148,0.5056308455812177,10478
validation_2024,RandomWalk,1440,0.0025,0,0.0014595576717756288,0.0,10541
validation_2024,RandomWalk,1440,0.0025,1,0.0018500821852781935,0.0,10510
validation_2024,RandomWalk,1440,0.0025,2,0.002224232958088964,0.0,10455
validation_2024,RandomWalk,1440,0.0025,3,0.003089297656909458,0.0,10544
validation_2024,RandomWalk,1440,0.0025,4,0.004726924621645905,9.581297307655457e-05,10437
validation_2024,RandomWalk,1440,0.0025,5,0.008784817023683765,0.00038193449823355295,10473
validation_2024,RandomWalk,1440,0.0025,6,0.024022503091133227,9.527439024390244e-05,10496
validation_2024,RandomWalk,1440,0.0025,7,0.03682677978528562,0.0,10467
validation_2024,RandomWalk,1440,0.0025,8,0.052433912385618266,0.0,10486
validation_2024,RandomWalk,1440,0.0025,9,0.13745730703354841,0.006387644198684336,10489
validation_2024,RandomWalk,1440,0.005,0,1.9930919691434266e-10,0.0,10543
validation_2024,RandomWalk,1440,0.005,1,4.4303865908369e-10,0.0,10508
validation_2024,RandomWalk,1440,0.005,2,7.454048541985725e-10,0.0,10441
validation_2024,RandomWalk,1440,0.005,3,1.5922422140054656e-09,0.0,10485
validation_2024,RandomWalk,1440,0.005,4,5.093943267039433e-09,0.0,10493
validation_2024,RandomWalk,1440,0.005,5,2.4475566100722456e-08,0.0,10507
validation_2024,RandomWalk,1440,0.005,6,3.90570434007211e-07,0.0,10465
validation_2024,RandomWalk,1440,0.005,7,1.4983335304437477e-05,0.0,10548
validation_2024,RandomWalk,1440,0.005,8,4.319377093984839e-05,0.0,10430
validation_2024,RandomWalk,1440,0.005,9,0.0008206584779418955,0.0,10478
validation_2024,RandomWalk,1440,0.01,0,1.5101759670878226e-12,0.0,104898
validation_2024,NestedOU_proxy,1440,0.001,0,0.020828670877888394,0.04693896981814719,10503
validation_2024,NestedOU_proxy,1440,0.001,1,0.025118388087798652,0.0855808634327647,10493
validation_2024,NestedOU_proxy,1440,0.001,2,0.02891445152163104,0.024758902077151337,10784
validation_2024,NestedOU_proxy,1440,0.001,3,0.03595207318643379,0.11149312377210216,10180
validation_2024,NestedOU_proxy,1440,0.001,4,0.04868793104979723,0.15928360483947795,10497
validation_2024,NestedOU_proxy,1440,0.001,5,0.06976253425308161,0.04770468528159016,10565
validation_2024,NestedOU_proxy,1440,0.001,6,0.1034105538432234,0.1342281879194631,10430
validation_2024,NestedOU_proxy,1440,0.001,7,0.17763364505295606,0.15945765301250836,10473
validation_2024,NestedOU_proxy,1440,0.001,8,0.19645846635094494,0.08261076703191997,10495
validation_2024,NestedOU_proxy,1440,0.001,9,0.24931443086058747,0.2834510402748616,10478
validation_2024,NestedOU_proxy,1440,0.0025,0,7.760901197998143e-09,9.480470231323473e-05,10548
validation_2024,NestedOU_proxy,1440,0.0025,1,1.9132575287459808e-08,0.0002829921705499481,10601
validation_2024,NestedOU_proxy,1440,0.0025,2,3.425675624462689e-08,0.0,10324
validation_2024,NestedOU_proxy,1440,0.0025,3,5.926899474764199e-08,9.487666034155598e-05,10540
validation_2024,NestedOU_proxy,1440,0.0025,4,1.504319277382527e-07,9.539254030334828e-05,10483
validation_2024,NestedOU_proxy,1440,0.0025,5,4.2502665890762697e-07,0.0,10477
validation_2024,NestedOU_proxy,1440,0.0025,6,2.7994097233842095e-06,0.0,10462
validation_2024,NestedOU_proxy,1440,0.0025,7,0.0004430083612492271,0.00038146099561319857,10486
validation_2024,NestedOU_proxy,1440,0.0025,8,0.0011355148901779956,0.0,10502
validation_2024,NestedOU_proxy,1440,0.0025,9,0.003190670303617648,0.006014319809069212,10475
validation_2024,NestedOU_proxy,1440,0.005,0,3.2018249902646543e-12,0.0,83950
validation_2024,NestedOU_proxy,1440,0.005,1,7.119167297923685e-11,0.0,10483
validation_2024,NestedOU_proxy,1440,0.005,2,3.2529725111281515e-09,0.0,10465
validation_2024,OUF,1440,0.001,0,0.03976816081081842,0.011553030303030303,10560
validation_2024,OUF,1440,0.001,1,0.041738706793788376,0.0103359173126615,10449
validation_2024,OUF,1440,0.001,2,0.04474845001835952,0.027261462205700124,10491
validation_2024,OUF,1440,0.001,3,0.04905837203864561,0.05268190075533034,10459
validation_2024,OUF,1440,0.001,4,0.05508954737432063,0.06634350346925197,10521
validation_2024,OUF,1440,0.001,5,0.06339084626522362,0.07626956853760977,10476
validation_2024,OUF,1440,0.001,6,0.0851372533492827,0.2869556913674561,10472
validation_2024,OUF,1440,0.001,7,0.19379964305497122,0.31304595518420053,10532
validation_2024,OUF,1440,0.001,8,0.2410629495170323,0.08085350684145058,10451
validation_2024,OUF,1440,0.001,9,0.30462537318039695,0.2064460760942119,10487
validation_2024,OUF,1440,0.0025,0,2.739098641270336e-07,0.0,10505
validation_2024,OUF,1440,0.0025,1,3.540610585133723e-07,9.503896597605019e-05,10522
validation_2024,OUF,1440,0.0025,2,5.008490357922324e-07,0.0,10462
validation_2024,OUF,1440,0.0025,3,7.434574123339749e-07,0.00028647822765469827,10472
validation_2024,OUF,1440,0.0025,4,1.327385394208504e-06,0.0,10488
validation_2024,OUF,1440,0.0025,5,2.5330578064178346e-06,0.0,10500
validation_2024,OUF,1440,0.0025,6,7.36738134625893e-06,0.00028625954198473283,10480
validation_2024,OUF,1440,0.0025,7,0.0012938761998328168,0.00028598665395614874,10490
validation_2024,OUF,1440,0.0025,8,0.0033057579466845614,0.0,10537
validation_2024,OUF,1440,0.0025,9,0.009594825097977329,0.006033326948860372,10442
validation_2024,OUF,1440,0.005,0,1.216973264467039e-10,0.0,83925
validation_2024,OUF,1440,0.005,1,3.95865450374539e-09,0.0,10520
validation_2024,OUF,1440,0.005,2,1.9228910225946293e-07,0.0,10453
validation_2024,MOUF,1440,0.001,0,0.04857061257278029,0.08246060949146146,10599
validation_2024,MOUF,1440,0.001,1,0.05062632230264295,0.009118832789402957,10418
validation_2024,MOUF,1440,0.001,2,0.050914670166910383,0.02793456423993112,10453
validation_2024,MOUF,1440,0.001,3,0.0522364719699262,0.09886655871987808,10499
validation_2024,MOUF,1440,0.001,4,0.05800686962425285,0.11004739336492891,10550
validation_2024,MOUF,1440,0.001,5,0.06498858420804053,0.17847619047619048,10500
validation_2024,MOUF,1440,0.001,6,0.07396279023873192,0.09150201419528103,10426
validation_2024,MOUF,1440,0.001,7,0.16828649091254874,0.3016387195121951,10496
validation_2024,MOUF,1440,0.001,8,0.2772300134495128,0.06194774346793349,10525
validation_2024,MOUF,1440,0.001,9,0.2972998094480298,0.169670245398773,10432
validation_2024,MOUF,1440,0.0025,0,8.394534889359483e-07,0.00037968675842429994,10535
validation_2024,MOUF,1440,0.0025,1,1.0563992728743024e-06,0.0,10491
validation_2024,MOUF,1440,0.0025,2,1.0827362455189918e-06,0.0,10530
validation_2024,MOUF,1440,0.0025,3,1.1644971607614277e-06,0.0,10421
validation_2024,MOUF,1440,0.0025,4,2.158521086348063e-06,9.493070058857034e-05,10534
validation_2024,MOUF,1440,0.0025,5,4.237451195153945e-06,9.583133684714902e-05,10435
validation_2024,MOUF,1440,0.0025,6,8.007427333056122e-06,0.0002860411899313501,10488
validation_2024,MOUF,1440,0.0025,7,0.0027368216968663836,9.518370454978108e-05,10506
validation_2024,MOUF,1440,0.0025,8,0.006977299540832335,0.0,10476
validation_2024,MOUF,1440,0.0025,9,0.009103946886652465,0.006010303377218088,10482
validation_2024,MOUF,1440,0.005,0,3.793278194820634e-09,0.0,83921
validation_2024,MOUF,1440,0.005,1,9.63971386989098e-08,0.0,10488
validation_2024,MOUF,1440,0.005,2,1.9309466052391924e-07,0.0,10489
test_2025,RandomWalk,5,0.001,0,0.03526713515174907,0.0353765490943756,104900
test_2025,RandomWalk,5,0.0025,0,0.00011307330354211483,0.00010486177311725453,104900
test_2025,RandomWalk,5,0.005,0,2.859866639555769e-05,2.859866539561487e-05,104900
test_2025,NestedOU_proxy,5,0.001,0,0.03480518038193487,0.0353765490943756,104900
test_2025,NestedOU_proxy,5,0.0025,0,0.00011093630865320836,0.00010486177311725453,104900
test_2025,NestedOU_proxy,5,0.005,0,2.859866639555769e-05,2.859866539561487e-05,104900
test_2025,OUF,5,0.001,0,0.034943614433981585,0.0353765490943756,104900
test_2025,OUF,5,0.0025,0,0.00011133625756607695,0.00010486177311725453,104900
test_2025,OUF,5,0.005,0,2.859866639555769e-05,2.859866539561487e-05,104900
test_2025,MOUF,5,0.001,0,0.00022493752222273148,0.0,10496
test_2025,MOUF,5,0.001,1,0.00037764748590401017,0.00013081300281247955,15289
test_2025,MOUF,5,0.001,2,0.0004078092905807848,0.0,8978
test_2025,MOUF,5,0.001,3,0.00046422744558210143,0.00011734334663224596,8522
test_2025,MOUF,5,0.001,4,0.0006188513721515833,0.0,17449
test_2025,MOUF,5,0.001,5,0.0006829705979388863,0.0,8694
test_2025,MOUF,5,0.001,6,0.0006902410491166427,0.0,4913
test_2025,MOUF,5,0.001,7,0.0007283451054273883,0.0,16184
test_2025,MOUF,5,0.001,8,0.0008081719412108089,0.0,8514
test_2025,MOUF,5,0.001,9,0.621489087398014,0.6326565432520048,5861
test_2025,MOUF,5,0.0025,0,1.1099382867706288e-09,0.0,11807
test_2025,MOUF,5,0.0025,1,9.512267571694573e-09,5.803493703209332e-05,17231
test_2025,MOUF,5,0.0025,2,9.80802429085446e-09,0.0,8535
test_2025,MOUF,5,0.0025,3,1.2841959396334748e-08,0.0,8640
test_2025,MOUF,5,0.0025,4,5.000995601773844e-08,0.0,8638
test_2025,MOUF,5,0.0025,5,9.256945358604735e-08,0.0,8638
test_2025,MOUF,5,0.0025,6,1.2691508976580585e-07,0.0,17278
test_2025,MOUF,5,0.0025,7,1.6937343656069808e-07,0.0,6737
test_2025,MOUF,5,0.0025,8,3.912406859185222e-07,0.0,8763
test_2025,MOUF,5,0.0025,9,0.0013429671514302757,0.0011583458820803893,8633
test_2025,MOUF,5,0.005,0,2.83797180614602e-05,2.859866539561487e-05,104900
test_2025,RandomWalk,60,0.001,0,1.2348756882554587e-10,0.0,10595
test_2025,RandomWalk,60,0.001,1,1.117450507588898e-09,0.0,10415
test_2025,RandomWalk,60,0.001,2,1.2243036800741287e-08,9.511128019783147e-05,10514
test_2025,RandomWalk,60,0.001,3,6.550360679962847e-08,0.00047076546464551363,10621
test_2025,RandomWalk,60,0.001,4,3.350146640296949e-07,0.0,10275
test_2025,RandomWalk,60,0.001,5,1.8637385770975713e-06,0.000189000189000189,10582
test_2025,RandomWalk,60,0.001,6,1.1194038985567582e-05,0.0001919201612129354,10421
test_2025,RandomWalk,60,0.001,7,0.00011305973013479979,0.0002867520550563946,10462
test_2025,RandomWalk,60,0.001,8,0.0026916042908471886,0.000477190303493033,10478
test_2025,RandomWalk,60,0.001,9,0.38223786518945807,0.3515707056239855,10473
test_2025,RandomWalk,60,0.0025,0,0.0001966688011153824,0.000104925788851158,104836
test_2025,RandomWalk,60,0.005,0,2.855042023175648e-05,2.8616124232133998e-05,104836
test_2025,NestedOU_proxy,60,0.001,0,3.118242132119731e-11,0.0,10550
test_2025,NestedOU_proxy,60,0.001,1,3.3885355127127643e-10,0.0,10621
test_2025,NestedOU_proxy,60,0.001,2,4.291458641827217e-09,9.584970765839164e-05,10433
test_2025,NestedOU_proxy,60,0.001,3,2.3344666269378114e-08,0.0004786062984588877,10447
test_2025,NestedOU_proxy,60,0.001,4,1.199397788150136e-07,0.0,10438
test_2025,NestedOU_proxy,60,0.001,5,6.852499310607114e-07,0.00019149751053236308,10444
test_2025,NestedOU_proxy,60,0.001,6,4.407313218926079e-06,9.551098376313276e-05,10470
test_2025,NestedOU_proxy,60,0.001,7,4.82173335170098e-05,0.00038095238095238096,10500
test_2025,NestedOU_proxy,60,0.001,8,0.0012418769103839241,0.0005736137667304016,10460
test_2025,NestedOU_proxy,60,0.001,9,0.3214403092248779,0.3514752219994271,10473
test_2025,NestedOU_proxy,60,0.0025,0,0.00012194484527714743,0.000104925788851158,104836
test_2025,NestedOU_proxy,60,0.005,0,2.557075591373268e-05,2.8616124232133998e-05,104836
test_2025,OUF,60,0.001,0,4.853427314818749e-11,0.0,10605
test_2025,OUF,60,0.001,1,4.3924282388181383e-10,0.0,10418
test_2025,OUF,60,0.001,2,4.957855864851409e-09,9.551098376313276e-05,10470
test_2025,OUF,60,0.001,3,2.7355307985637456e-08,0.000478148608587549,10457
test_2025,OUF,60,0.001,4,1.449337585571715e-07,0.0,10593
test_2025,OUF,60,0.001,5,8.089399892655655e-07,0.00019147917663954044,10445
test_2025,OUF,60,0.001,6,4.979647727038019e-06,0.00019206760779794487,10413
test_2025,OUF,60,0.001,7,5.4965726402466755e-05,0.0002838221381267739,10570
test_2025,OUF,60,0.001,8,0.0014132003736490371,0.0004816027740319784,10382
test_2025,OUF,60,0.001,9,0.3383592126564275,0.35123533339692836,10483
test_2025,OUF,60,0.0025,0,0.0001306688934711605,0.000104925788851158,104836
test_2025,OUF,60,0.005,0,2.6982900165578718e-05,2.8616124232133998e-05,104836
test_2025,MOUF,60,0.001,0,0.003026587964603869,0.0,10500
test_2025,MOUF,60,0.001,1,0.00444506020323262,0.001143946615824595,10490
test_2025,MOUF,60,0.001,2,0.004764255876724196,0.0001908761213972132,10478
test_2025,MOUF,60,0.001,3,0.005669712068921013,9.553835865099838e-05,10467
test_2025,MOUF,60,0.001,4,0.007046525493026684,0.0,10624
test_2025,MOUF,60,0.001,5,0.007767287067155651,0.0,10510
test_2025,MOUF,60,0.001,6,0.007922331381644875,0.0,10386
test_2025,MOUF,60,0.001,7,0.008616717400876904,0.0,10496
test_2025,MOUF,60,0.001,8,0.009583428196731796,0.0001920860545524395,10412
test_2025,MOUF,60,0.001,9,0.3165237880918209,0.35166618924854387,10473
test_2025,MOUF,60,0.0025,0,1.287848844484846e-08,0.0,11764
test_2025,MOUF,60,0.0025,1,1.0925316570191878e-07,0.00046395638809951863,17243
test_2025,MOUF,60,0.0025,2,1.1355916458904849e-07,0.0,8447
test_2025,MOUF,60,0.0025,3,1.4681569772883347e-07,0.0,8706
test_2025,MOUF,60,0.0025,4,5.739364991338832e-07,0.0,8639
test_2025,MOUF,60,0.0025,5,1.0613963456240362e-06,0.00011574074074074075,8640
test_2025,MOUF,60,0.0025,6,1.4577897760147532e-06,0.0,17277
test_2025,MOUF,60,0.0025,7,1.9485264680241997e-06,0.0,5897
test_2025,MOUF,60,0.0025,8,4.3637740081988946e-06,0.00011321181931393638,8833
test_2025,MOUF,60,0.0025,9,0.001335514878347618,0.00010649627263045793,9390
test_2025,MOUF,60,0.005,0,2.4605724994698704e-05,2.8616124232133998e-05,104836
test_2025,RandomWalk,360,0.001,0,0.007757525156047406,0.00019083969465648855,10480
test_2025,RandomWalk,360,0.001,1,0.009586774835151687,0.0012317604699639947,10554
test_2025,RandomWalk,360,0.001,2,0.012884114507226605,0.001238095238095238,10500
test_2025,RandomWalk,360,0.001,3,0.018222231713303397,0.0012508419128259406,10393
test_2025,RandomWalk,360,0.001,4,0.024518729105104112,0.00047614512903533,10501
test_2025,RandomWalk,360,0.001,5,0.030770393960838072,0.0009550186228631458,10471
test_2025,RandomWalk,360,0.001,6,0.04164964112453083,0.001348098218584497,10385
test_2025,RandomWalk,360,0.001,7,0.06361296041158532,0.0019078508060669656,10483
test_2025,RandomWalk,360,0.001,8,0.11823684189133798,0.008715640264342496,10441
test_2025,RandomWalk,360,0.001,9,0.44318304353902666,0.3308781327721446,10454
test_2025,RandomWalk,360,0.0025,0,2.8518701675033672e-11,0.0,10508
test_2025,RandomWalk,360,0.0025,1,7.697549156337802e-11,0.0,10577
test_2025,RandomWalk,360,0.0025,2,2.627707773218468e-10,0.0,10326
test_2025,RandomWalk,360,0.0025,3,6.960697957257421e-10,0.0002866424613032677,10466
test_2025,RandomWalk,360,0.0025,4,2.3531090264051016e-09,0.00018800526414739614,10638
test_2025,RandomWalk,360,0.0025,5,8.944291059333234e-09,0.0004804458537522821,10407
test_2025,RandomWalk,360,0.0025,6,2.302322511823004e-08,9.668374746205163e-05,10343
test_2025,RandomWalk,360,0.0025,7,7.049055546031808e-08,0.0,10502
test_2025,RandomWalk,360,0.0025,8,4.985763202057251e-07,0.0,10464
test_2025,RandomWalk,360,0.0025,9,0.007922796480675027,0.0,10431
test_2025,RandomWalk,360,0.005,0,2.7146581238897013e-05,2.86636983814565e-05,104662
test_2025,NestedOU_proxy,360,0.001,0,0.0016921193626114066,0.00018934014957871817,10563
test_2025,NestedOU_proxy,360,0.001,1,0.002456876765043514,0.0006698564593301435,10450
test_2025,NestedOU_proxy,360,0.001,2,0.0034238996674962317,0.0009512937595129375,10512
test_2025,NestedOU_proxy,360,0.001,3,0.0050785003455021465,0.002109300095877277,10430
test_2025,NestedOU_proxy,360,0.001,4,0.007451701075770069,0.0006739193222297102,10387
test_2025,NestedOU_proxy,360,0.001,5,0.009558978424535134,0.0009505703422053232,10520
test_2025,NestedOU_proxy,360,0.001,6,0.013309313802340673,0.0007662101331290107,10441
test_2025,NestedOU_proxy,360,0.001,7,0.02097113048347387,0.006388862401067989,10487
test_2025,NestedOU_proxy,360,0.001,8,0.03921313084986423,0.019101555000959877,10418
test_2025,NestedOU_proxy,360,0.001,9,0.19897602453988938,0.31643390089917733,10454
test_2025,NestedOU_proxy,360,0.0025,0,1.0121491566500327e-12,0.00013356739429094794,52408
test_2025,NestedOU_proxy,360,0.0025,1,3.253489648072875e-12,0.0002886002886002886,10395
test_2025,NestedOU_proxy,360,0.0025,2,1.9179108066365134e-11,9.519276534983341e-05,10505
test_2025,NestedOU_proxy,360,0.0025,3,6.674626619575583e-11,0.0,10499
test_2025,NestedOU_proxy,360,0.0025,4,4.817863121204147e-10,0.0,10431
test_2025,NestedOU_proxy,360,0.0025,5,0.0006120271253559473,0.0,10424
test_2025,NestedOU_proxy,360,0.005,0,1.3268315837236489e-06,2.86636983814565e-05,104662
test_2025,OUF,360,0.001,0,0.0024165061807186437,0.000285932138772398,10492
test_2025,OUF,360,0.001,1,0.0032710318576953655,0.0011401425178147269,10525
test_2025,OUF,360,0.001,2,0.004343142454050007,0.0019133263178035013,10453
test_2025,OUF,360,0.001,3,0.005916502729663801,0.000764306869207987,10467
test_2025,OUF,360,0.001,4,0.008973585394546858,0.00123774159763877,10503
test_2025,OUF,360,0.001,5,0.011462805394593009,0.00038084356850423686,10503
test_2025,OUF,360,0.001,6,0.015194954138329273,0.000484402247626429,10322
test_2025,OUF,360,0.001,7,0.023777765949075384,0.001623531658867348,10471
test_2025,OUF,360,0.001,8,0.04569028398993902,0.008668317774814251,10498
test_2025,OUF,360,0.001,9,0.2491553551803774,0.3324702723436901,10428
test_2025,OUF,360,0.0025,0,1.12313372824843e-12,7.165719199350308e-05,41866
test_2025,OUF,360,0.0025,1,4.547773817000046e-12,0.0004763719512195122,10496
test_2025,OUF,360,0.0025,2,1.7254650853010133e-11,0.00019098548510313216,10472
test_2025,OUF,360,0.0025,3,1.0461581037080564e-10,9.565716472163765e-05,10454
test_2025,OUF,360,0.0025,4,3.4869159559195514e-10,0.0,10464
test_2025,OUF,360,0.0025,5,2.7366188010760594e-09,0.0,10445
test_2025,OUF,360,0.0025,6,0.0009622139283445948,0.0,10465
test_2025,OUF,360,0.005,0,6.931325827750471e-06,2.86636983814565e-05,104662
test_2025,MOUF,360,0.001,0,0.018704584168061804,0.00028555111364934324,10506
test_2025,MOUF,360,0.001,1,0.024701380735175922,0.0038310506656450533,10441
test_2025,MOUF,360,0.001,2,0.027725164265751223,0.0016198189614101952,10495
test_2025,MOUF,360,0.001,3,0.0341416889057652,0.0006626277925028399,10564
test_2025,MOUF,360,0.001,4,0.03898958078524617,0.0,10528
test_2025,MOUF,360,0.001,5,0.04133214028738236,0.0005817335660267597,10314
test_2025,MOUF,360,0.001,6,0.046211452866535795,0.0014268049082088842,10513
test_2025,MOUF,360,0.001,7,0.05200017544300677,0.0010575906162868954,10401
test_2025,MOUF,360,0.001,8,0.06100728215842489,0.009755164498852333,10456
test_2025,MOUF,360,0.001,9,0.17820848569201567,0.32927996936039833,10444
test_2025,MOUF,360,0.0025,0,6.605644622065269e-08,0.0,10484
test_2025,MOUF,360,0.0025,1,4.84297832714554e-07,0.0010112152969295827,10878
test_2025,MOUF,360,0.0025,2,5.408482301850311e-07,0.0,10042
test_2025,MOUF,360,0.0025,3,6.31417857322905e-07,0.0,10508
test_2025,MOUF,360,0.0025,4,1.9821820178822544e-06,0.0,10461
test_2025,MOUF,360,0.0025,5,4.546184594946137e-06,0.0,10433
test_2025,MOUF,360,0.0025,6,6.40048705390751e-06,0.0,10524
test_2025,MOUF,360,0.0025,7,8.226481249353658e-06,0.0,10466
test_2025,MOUF,360,0.0025,8,1.894491023930314e-05,0.0,10424
test_2025,MOUF,360,0.0025,9,0.0005786601329251745,0.0,10442
test_2025,MOUF,360,0.005,0,3.985672291440636e-06,2.86636983814565e-05,104662
test_2025,RandomWalk,1440,0.001,0,0.18138617030900708,9.539254030334828e-05,10483
test_2025,RandomWalk,1440,0.001,1,0.18697426024447697,0.0014400921658986176,10416
test_2025,RandomWalk,1440,0.001,2,0.19502578905802997,0.0021655211373693625,10621
test_2025,RandomWalk,1440,0.001,3,0.20599228024781965,0.0011477761836441894,10455
test_2025,RandomWalk,1440,0.001,4,0.21702487295151263,0.004248334459785653,10357
test_2025,RandomWalk,1440,0.001,5,0.2362814879512287,0.0017356089094590686,10371
test_2025,RandomWalk,1440,0.001,6,0.2576110191461485,0.007461258848287737,10454
test_2025,RandomWalk,1440,0.001,7,0.2705975736314768,0.021305182341650672,10420
test_2025,RandomWalk,1440,0.001,8,0.30733007194566625,0.03208249785161845,10473
test_2025,RandomWalk,1440,0.001,9,0.47946030278247426,0.2570025989026855,10389
test_2025,RandomWalk,1440,0.0025,0,0.0008323940724421515,0.0,10480
test_2025,RandomWalk,1440,0.0025,1,0.0009684124023152659,0.0,10500
test_2025,RandomWalk,1440,0.0025,2,0.0011723047978198892,0.0,10366
test_2025,RandomWalk,1440,0.0025,3,0.0015047709068187502,0.0002868891651525294,10457
test_2025,RandomWalk,1440,0.0025,4,0.00185079076898725,9.540164090822362e-05,10482
test_2025,RandomWalk,1440,0.0025,5,0.00251080891923299,0.0006705623143979308,10439
test_2025,RandomWalk,1440,0.0025,6,0.004002212265986844,0.0,10417
test_2025,RandomWalk,1440,0.0025,7,0.005021002579813427,0.0,10412
test_2025,RandomWalk,1440,0.0025,8,0.007218731855428968,0.0,10470
test_2025,RandomWalk,1440,0.0025,9,0.04181126945388683,0.0,10416
test_2025,RandomWalk,1440,0.005,0,2.2688902467439807e-11,0.0,10490
test_2025,RandomWalk,1440,0.005,1,4.008511057392721e-11,0.0,10469
test_2025,RandomWalk,1440,0.005,2,7.257367526831094e-11,0.0,10513
test_2025,RandomWalk,1440,0.005,3,1.4910889704626064e-10,9.566631589017506e-05,10453
test_2025,RandomWalk,1440,0.005,4,2.7682116480151667e-10,0.0,10352
test_2025,RandomWalk,1440,0.005,5,5.059718738421971e-10,0.00019241870309794111,10394
test_2025,RandomWalk,1440,0.005,6,1.6543635174621435e-09,0.0,10439
test_2025,RandomWalk,1440,0.005,7,1.242913524527521e-08,0.0,10558
test_2025,RandomWalk,1440,0.005,8,2.988770602781354e-08,0.0,10332
test_2025,RandomWalk,1440,0.005,9,0.0002799684608383272,0.0,10439
test_2025,RandomWalk,1440,0.01,0,4.195767830425491e-11,0.0,104439
test_2025,NestedOU_proxy,1440,0.001,0,0.020685105803672874,0.06974966558379514,10466
test_2025,NestedOU_proxy,1440,0.001,1,0.027637774927239383,0.05381380233225005,10462
test_2025,NestedOU_proxy,1440,0.001,2,0.031711600340043715,0.019615311369263,10502
test_2025,NestedOU_proxy,1440,0.001,3,0.034784142222659006,0.017036753445635527,10448
test_2025,NestedOU_proxy,1440,0.001,4,0.04053396189810641,0.0024686669198632737,10532
test_2025,NestedOU_proxy,1440,0.001,5,0.04729902573743255,0.005527004751284786,10313
test_2025,NestedOU_proxy,1440,0.001,6,0.05251875884123113,0.017702484058246884,10507
test_2025,NestedOU_proxy,1440,0.001,7,0.05819062697050185,0.00710309080437704,10418
test_2025,NestedOU_proxy,1440,0.001,8,0.07388786264376324,0.03923454178286374,10399
test_2025,NestedOU_proxy,1440,0.001,9,0.11589005739386785,0.0953618167821401,10392
test_2025,NestedOU_proxy,1440,0.0025,0,5.79194182898355e-09,0.0,10500
test_2025,NestedOU_proxy,1440,0.0025,1,2.099513114043974e-08,0.0,10455
test_2025,NestedOU_proxy,1440,0.0025,2,3.6590985511904095e-08,0.0010571840461316676,10405
test_2025,NestedOU_proxy,1440,0.0025,3,6.679502490253889e-08,0.0,10508
test_2025,NestedOU_proxy,1440,0.0025,4,9.549438145565439e-08,0.0,10446
test_2025,NestedOU_proxy,1440,0.0025,5,1.58808135349231e-07,0.0,10354
test_2025,NestedOU_proxy,1440,0.0025,6,2.9651365804055184e-07,0.0,10473
test_2025,NestedOU_proxy,1440,0.0025,7,8.693568455574841e-07,0.0,10524
test_2025,NestedOU_proxy,1440,0.0025,8,2.0380593283091474e-06,0.0,10331
test_2025,NestedOU_proxy,1440,0.0025,9,2.075241605652335e-05,0.0,10443
test_2025,OUF,1440,0.001,0,0.03319114667223599,0.0,10501
test_2025,OUF,1440,0.001,1,0.039230232199683815,0.005914901736309865,10482
test_2025,OUF,1440,0.001,2,0.04225588741518329,0.008581621830103173,10371
test_2025,OUF,1440,0.001,3,0.04680317467714138,0.01320700545506747,10449
test_2025,OUF,1440,0.001,4,0.050241043022613244,0.009870918754745633,10536
test_2025,OUF,1440,0.001,5,0.05215721483783121,0.003484320557491289,10332
test_2025,OUF,1440,0.001,6,0.05941482345751052,0.023491522212749836,10557
test_2025,OUF,1440,0.001,7,0.07722499845738397,0.06962877476437776,10398
test_2025,OUF,1440,0.001,8,0.08568726630348635,0.03399460708782743,10384
test_2025,OUF,1440,0.001,9,0.12085546422213446,0.15965097324767474,10429
test_2025,OUF,1440,0.0025,0,9.091889365371441e-08,0.0,10513
test_2025,OUF,1440,0.0025,1,2.39929498065022e-07,0.0,10424
test_2025,OUF,1440,0.0025,2,3.40286036770866e-07,0.0009493070058857034,10534
test_2025,OUF,1440,0.0025,3,5.786760671417869e-07,9.686168151879117e-05,10324
test_2025,OUF,1440,0.0025,4,9.229285354595127e-07,0.0,10488
test_2025,OUF,1440,0.0025,5,1.125917558026115e-06,0.0,10519
test_2025,OUF,1440,0.0025,6,1.9349420620005097e-06,0.0,10318
test_2025,OUF,1440,0.0025,7,7.424540873868104e-06,0.0,10466
test_2025,OUF,1440,0.0025,8,1.595520868493184e-05,0.0,10442
test_2025,OUF,1440,0.0025,9,0.00012625581426139383,0.0,10411
test_2025,OUF,1440,0.005,0,1.0705599787182136e-12,2.8724901617211963e-05,104439
test_2025,MOUF,1440,0.001,0,0.03558687860792974,0.08062059775366458,10506
test_2025,MOUF,1440,0.001,1,0.050119159842247754,0.0045985821038513125,10438
test_2025,MOUF,1440,0.001,2,0.051916779672023884,0.0063443237527636255,10403
test_2025,MOUF,1440,0.001,3,0.053355316576543146,0.003349602832806967,10449
test_2025,MOUF,1440,0.001,4,0.06396270399765785,0.06806930693069307,10504
test_2025,MOUF,1440,0.001,5,0.07591967821877103,9.63855421686747e-05,10375
test_2025,MOUF,1440,0.001,6,0.08194411344569276,0.0,10441
test_2025,MOUF,1440,0.001,7,0.08655592653890806,0.014530159640569735,10461
test_2025,MOUF,1440,0.001,8,0.10061836087696957,0.07772367039052802,10473
test_2025,MOUF,1440,0.001,9,0.10864105000260801,0.07132544036962171,10389
test_2025,MOUF,1440,0.0025,0,1.6639638931007635e-07,0.0,10507
test_2025,MOUF,1440,0.0025,1,1.0508113746791406e-06,0.00028293879090823354,10603
test_2025,MOUF,1440,0.0025,2,1.210795949454892e-06,0.000782472613458529,10224
test_2025,MOUF,1440,0.0025,3,1.396937870610165e-06,0.0,10485
test_2025,MOUF,1440,0.0025,4,4.1338025002920285e-06,0.0,10495
test_2025,MOUF,1440,0.0025,5,9.311991473851654e-06,0.0,10355
test_2025,MOUF,1440,0.0025,6,1.325317678406665e-05,0.0,10509
test_2025,MOUF,1440,0.0025,7,1.783235272434902e-05,0.0,10373
test_2025,MOUF,1440,0.0025,8,4.200585277539741e-05,0.0,10472
test_2025,MOUF,1440,0.0025,9,6.738864007848983e-05,0.0,10416
test_2025,MOUF,1440,0.005,0,1.0076887657474784e-12,2.8724901617211963e-05,104439
