theta,kappa,sigma
6.000281031412865e-05,2.023149061916861,0.0014114738305257633
6.105238452694895e-05,1.9775409442039693,0.0013487536967414352
9.163535463646616e-05,1.8249467576492582,0.001212371625538342
4.2122977741816636e-05,1.8306920887328766,0.0013630374298261804
9.5612635787894e-05,1.6086535913462647,0.001341401695963127
5.232285135354537e-05,2.06048916520031,0.0012124878915158626
8.627028105780905e-05,1.2993130730361457,0.0012260377454128765
8.514181123701069e-05,1.829999025644614,0.0013479032863853461
7.450194481834435e-05,1.6431497191014957,0.0013044338085773336
6.149554560807477e-05,1.741412573313934,0.0015216255885804725
7.313481388858392e-05,1.6257342967932529,0.001332634072889855
9.726380500907704e-05,1.4665307024315752,0.0012149611049814477
9.169415691481165e-05,1.4531368985147377,0.0012408334023704757
8.690627661063392e-05,1.5860775558303668,0.001380867550023605
5.6109131740367314e-05,1.713814398876546,0.0013429858357898632
8.334574547371558e-05,1.7090163335101283,0.001145667838412198
7.331142623195365e-05,1.8567815857372634,0.0014133683741384066
4.687466779088066e-05,1.848152037519833,0.0014652590083818922
7.581009419314327e-05,1.9277506432954734,0.0014501667723270156
7.588007104658245e-05,1.9239719059143805,0.0013868647271768752
5.044742045335498e-05,1.8720050032013145,0.0014000813546207135
3.825261345541347e-05,1.6021382593032345,0.0013345555811065573
4.634434273975329e-05,1.785269750003606,0.0016160752132499678
4.587770959466822e-05,1.8230477628215418,0.0013072731722110565
7.253116810905717e-05,1.8949160736003015,0.0013228374185286767
5.244613352142335e-05,1.8394347996043277,0.001470810749094552
0.0001130943739111903,1.4371733009393863,0.0012718568054973407
4.233670783594007e-05,2.0529654745171944,0.0014818905083292238
8.921245889547538e-05,1.6623080623826414,0.0013242425199520907
6.202012573937358e-05,1.780859723953765,0.0011896703165741919
5.1745898116746026e-05,1.5389862023515524,0.0013661988781438021
5.595745979165493e-05,1.7623934391940077,0.001305801946354051
4.5217165122988136e-05,1.9480922867230535,0.0014482540870570234
6.615207674833108e-05,1.7872962278047353,0.0012082190135530614
7.874835426153363e-05,1.9193570010325143,0.0014606806019509518
5.167643393787542e-05,1.7248010850150868,0.0012771396705625745
7.964583060051349e-05,1.6711738495735906,0.001277454738315363
4.9551279588149115e-05,1.662240236428546,0.0013124396687996661
4.992266207522369e-05,1.522297639706546,0.001465803153613583
6.083105224635367e-05,1.6598612361483889,0.0014840358557445586
7.000776753338137e-05,1.6668081610160432,0.0011131104498192687
5.0388802799495723e-05,1.4309022196823686,0.0011778776268610049
9.280310314790127e-05,1.4617750025259613,0.0013357683860950838
7.262166717642968e-05,1.5059186485370846,0.0013366339101890839
4.9266472253145036e-05,1.7990259103904296,0.0012945621308125094
8.20997776221431e-05,1.498680485137671,0.0014379692541494182
0.00010816179503727177,1.0755545192039409,0.0012575306999884116
6.2621077929313e-05,2.076214443568368,0.0013573227219643323
2.0415608976009133e-05,2.247903432049151,0.0017626754534496704
6.418198435656222e-05,1.6323360603695865,0.001608976842936388
7.639616333928495e-05,1.7007139122438106,0.0014743882122967597
7.631290143093895e-05,1.3640100407303373,0.0012862496951817654
5.441307107561181e-05,1.6288961648131621,0.0012859150613642027
7.291336726709098e-05,1.3661242986582989,0.0014041790373389182
9.022177368270139e-05,1.5460385728706136,0.001344484380733091
0.00012252610600149423,1.5307632615904385,0.001613864420264122
8.486682144319286e-05,1.405218813322056,0.0013687231622231029
9.7390270844739e-05,1.6470316657573003,0.0015341552913811327
8.629435353590193e-05,1.5472466498895532,0.0011935173376947511
6.211392649915778e-05,1.646263872550553,0.0014584164292715108
7.994255624181879e-05,1.4900492576228375,0.0011491841393963106
6.531983086709469e-05,1.7041351501518895,0.0013225540870501437
7.95317193383943e-05,1.470377279692576,0.0011769074825111194
6.699736041368999e-05,1.839279440699532,0.0013136676980382122
5.014007548517503e-05,2.0739150093139767,0.001484222751716513
6.342005110638217e-05,1.313676519760642,0.0011520309686411526
7.405234918109272e-05,1.6831932992551517,0.0013114537464107056
7.603186171757924e-05,1.4597933960312024,0.00117842294910953
7.205408055384381e-05,1.3370436009033033,0.0013234041738056266
6.53561710368141e-05,1.9710875598972426,0.0014374259895351123
5.998302826250793e-05,1.7164666257281964,0.0013649815479041274
8.221981912223667e-05,1.5613427504634578,0.0014083623204607053
7.77666004325117e-05,1.4748618056654197,0.001310217537786432
7.381128142815342e-05,1.7188629180014836,0.001489846014651799
0.00011657079865164817,1.3197466449055142,0.0011864495780454511
5.31669250515687e-05,2.0588231694989956,0.0017273419213185582
0.0001059195766843194,1.7142697627249597,0.0013035646173651407
8.43274664659812e-05,1.844523993948566,0.0018029717468098236
7.187613243895291e-05,1.744368302680958,0.0013905970979670344
0.0001115601518248921,1.2144807547908694,0.0012261228905583897
4.949665078251379e-05,1.7727531303817134,0.001345518933517798
6.095077681581415e-05,1.7994008504242718,0.0012735524443246975
6.860231900883179e-05,1.6582543391836184,0.0012106347591637043
5.0639821330906594e-05,1.5822172796421003,0.0011322332698422619
6.346578045538825e-05,1.8172636616243942,0.001202145128509918
9.125444242766269e-05,1.4275561836214576,0.0011292052676813722
4.565384043732825e-05,1.8085842029918044,0.0013917777253483101
7.884701668155475e-05,1.7069847505327334,0.0014260277257773302
6.244992190609682e-05,1.7470205091225395,0.001261630916777797
8.879257865267355e-05,1.6488140881838216,0.0012975177285086147
5.6252214526875284e-05,1.7947382118906592,0.0011769174224661126
5.3957921371262026e-05,1.6311097390536144,0.0011590793687315342
5.9632079174604204e-05,1.5537098984846796,0.0013152606716903541
7.337146324147934e-05,1.860736976294065,0.001245071275787009
4.6463568200250745e-05,1.4599993484537257,0.001231631882372766
5.8201393329673404e-05,1.8376365608767227,0.0012054573061641752
5.970520847832866e-05,1.4022836986810545,0.0011790855733206315
6.496188410570412e-05,1.76354702053847,0.0013414001489177494
6.153497513990995e-05,1.688460167386456,0.0012882130872969787
8.26715610826033e-05,1.5598573156356987,0.0012338435401493784
8.957919459387737e-05,1.535484101155601,0.0014429521235803466
7.624823316168108e-05,1.5675545033278029,0.001496960595920776
4.041310183313199e-05,1.9446797702477665,0.0015377703180270547
5.8314374168303143e-05,1.8834663151486977,0.0012983799474422615
4.66099806578495e-05,1.7871132228428073,0.0014608217614039518
9.950998815862638e-05,1.3926738660802058,0.0013321984852684861
5.1603669618055104e-05,1.6146805154850137,0.0013815459180315705
5.548995519324947e-05,1.9823718635150884,0.0011964067866528866
5.5313498284498715e-05,1.5579787844317676,0.0012839816283662766
6.896378221990835e-05,2.081224189134405,0.001669407888162837
8.692567571122779e-05,1.6875743907982386,0.0013048411317676206
8.259130167409396e-05,1.6303926925769867,0.0013788854883526073
8.17114204243208e-05,1.7041484443498032,0.0014954733443117059
7.869392267465855e-05,1.679904480293691,0.0013400260346271102
6.571078854281029e-05,1.36386513706389,0.0011644529614007924
4.4890687684079636e-05,1.7975870308098774,0.0014319754944840722
3.947011258998807e-05,1.3834896295612218,0.0012431044859527128
8.707776525702758e-05,1.1986541126255408,0.001242173972799886
7.715055986497489e-05,1.750376330048603,0.0012861014157275082
8.366758372225399e-05,1.6301932875761416,0.001281344604951005
8.525626873719519e-05,1.580208383997061,0.0011839938049753864
7.262973743090518e-05,1.6124103711751403,0.0012007861603220925
5.533167914902484e-05,1.8331250802598456,0.0013496941575992642
4.397632983356828e-05,1.960925977489408,0.0012291864064991275
7.513899578371071e-05,1.6961143823804408,0.0014452978914559142
5.0178012134902444e-05,1.9600966325343525,0.0011744723631124747
7.78775311431363e-05,1.4720025354917676,0.0012552416453718756
5.9637978145985383e-05,1.7912124167638963,0.0015721385410092715
5.361605549275586e-05,1.8358562962109322,0.0011981695351310244
4.9899387818518366e-05,1.7797661234469235,0.0014820278119975928
4.1053189532535494e-05,1.7078216818854073,0.0012133440966373692
5.991320518965096e-05,1.6470855103840534,0.0015205916702458171
8.89295382424204e-05,1.54417988194739,0.0015753810022044346
5.1781508290515314e-05,2.055644309892355,0.001317089724854075
7.256176434217248e-05,1.7236634005171387,0.0011904814030427426
8.092924676444186e-05,1.7375829148629647,0.0014607853164566227
7.351585975543346e-05,1.6258471380555901,0.0013627333026983502
9.965551937485536e-05,1.3096104018689259,0.0013915574227082305
6.239337839748642e-05,1.3501780546331166,0.0014062944181023201
2.937497742262335e-05,2.066052299932572,0.001465366358487632
7.380651762147038e-05,1.564166615766995,0.0010890299511874676
7.651308452131805e-05,1.3362963384135667,0.0011830889610710163
7.312812992745009e-05,1.5302001751951209,0.001173119642173768
5.3199883698798846e-05,1.6806057784201545,0.0012162498590161928
7.928034668317402e-05,1.5628436478888652,0.0014247389933431398
5.244533338569383e-05,1.8396233705012872,0.0013126447647556349
4.015606217714186e-05,1.6158709508647666,0.0013062491087968257
6.49281040875148e-05,1.664322101952149,0.0012001929189263709
5.8614323878979244e-05,1.6278192745424311,0.0013482718125378372
6.201290178412012e-05,1.807953548391669,0.0016183205743512466
5.47861926256147e-05,1.7474339314810323,0.0011731251056440726
6.0874065192733157e-05,1.6167986949614512,0.0014522806964196084
8.128619024342151e-05,1.1148286954430784,0.0011982516091071519
5.1018765332325026e-05,1.471369837617202,0.001150243789211622
6.709845537843301e-05,1.788132920409809,0.0014714671852762051
4.825416517815867e-05,1.8741446544526394,0.0015118067160806922
7.217136735627711e-05,1.5424036215110286,0.001496178038634971
4.919361833610669e-05,1.6058338797884426,0.0011684482138296017
7.208253648086694e-05,1.4876905477229452,0.0013394358477016497
5.642443359614917e-05,1.7080919162109702,0.0013565962513843366
6.401431434951426e-05,1.6041738520767184,0.0015048693989031519
7.88545957039558e-05,1.6295617232912325,0.0011989108443769892
5.095395814783558e-05,1.8875947064002228,0.0014612562288862827
9.211778345985252e-05,1.4854787340941735,0.001332979069144628
9.058546146964288e-05,1.9634485502272734,0.001140957466049265
7.244766213058314e-05,1.68745340722944,0.0013590987551859316
8.136237644434626e-05,1.3799467680652318,0.0014485307646030965
7.243875986970682e-05,1.8851469592950238,0.0012758580536612412
6.177176903182584e-05,1.66424194010225,0.0012971724584747621
6.798202686511919e-05,1.5835228877491354,0.0013440671448722615
5.704057153900707e-05,2.00496586303986,0.001446094915205163
6.36891108152977e-05,1.743009988747073,0.0014213517025355624
6.946951226230547e-05,1.527933201470385,0.001145345939336915
7.993945570567715e-05,1.6893378864786917,0.0013872272229361476
7.983117597780334e-05,1.684057474020202,0.0012738915148047443
5.473435817063066e-05,1.8786551696773834,0.0013208307792381992
5.665588668632017e-05,1.8707831761914155,0.001393220653455621
6.818073728136592e-05,1.8553100655688133,0.0015347964016463565
8.542040966748808e-05,1.7251962361304376,0.0013610920930347016
7.488627335365942e-05,1.4133338563708846,0.0012151248478850835
5.711298010571435e-05,1.4746067123674058,0.001251128127094424
5.79467980853304e-05,1.856345774123134,0.0013876694974288405
6.689459057980595e-05,1.8594862410680952,0.001588147714874587
7.830074115382187e-05,1.7949433520426006,0.0013730705702249334
7.386766765118353e-05,1.3391474620913417,0.0011525872539911656
4.9422598353472424e-05,1.7370095867734767,0.0011985902141904779
8.198097043085165e-05,1.705688010346819,0.0011622205215790975
6.240202612688599e-05,1.6141409635921184,0.0013567762659700388
6.553454975403326e-05,1.6908440211619038,0.00145583494524472
5.7651655689843574e-05,1.947127279846169,0.0014594818303026132
4.5904114299523743e-05,1.959797680343624,0.001388946994191114
7.994250972804172e-05,1.5077900509755624,0.00124246368336161
4.497280016325746e-05,1.648348984527938,0.0011236575555530943
6.479674097111158e-05,1.7253144188752696,0.0015474673309101633
5.209641534373066e-05,1.5620005991325827,0.0013405132144180287
7.40842624295898e-05,1.480651874604806,0.0013364491824746838
7.697921727115732e-05,1.6981955043508972,0.0014644264401499128
6.443751945094132e-05,1.7852722912373016,0.0013066948181463674
9.105167861929606e-05,1.3296207432999674,0.0013415768916291157
6.754093628505195e-05,1.7469893451222198,0.001148686817351982
5.5764201867964426e-05,2.0232912961016667,0.0014456269416439549
6.464852272654145e-05,1.5992455162399417,0.001290286539106577
7.45333398080185e-05,1.7175406138512035,0.0012461314979058042
9.117362063336374e-05,1.5465334758862865,0.0011145450911769477
5.096325308023473e-05,1.6833852992660197,0.0012023286802046982
4.5743343508181236e-05,1.5657146313136119,0.0013242656321199155
0.00010684689241780675,1.3796191619614138,0.0012741010033561822
9.985486441257418e-05,1.4572022582306383,0.0013340477393590218
7.545583153453535e-05,1.473853224983579,0.0012460919670633373
7.610099324551346e-05,1.893524898011425,0.0014784620102205068
7.50234262519046e-05,2.00726013251358,0.0016961500746213278
9.180944253140838e-05,1.3612368126872918,0.0012197642739980748
4.5046472760918414e-05,1.8821542940592444,0.001325027032289019
6.65261684389291e-05,1.6602065232715417,0.0013215787004884638
5.250768497090281e-05,1.7461206635907855,0.00141547966488793
7.979287857362185e-05,1.5753439148588897,0.001226253441849185
5.552622967051906e-05,1.7318422748660516,0.0013439327412125294
5.383502267641602e-05,1.5554704611497638,0.0011758629115490823
5.2363385819883617e-05,2.002140121485401,0.001477478252384433
7.559840141826029e-05,1.6841784976300656,0.0013762433589015282
6.968904746971059e-05,1.5162511088453385,0.0011327027254642145
7.555418998412042e-05,1.8346300022564175,0.0013190427302147924
0.00010255846580146918,1.3983590715057421,0.0011446550538590234
6.672469190134761e-05,1.9356545889032604,0.0015471120313151577
6.43810051731563e-05,1.787976112856933,0.001319894694598266
6.046250615695426e-05,1.9682614309908804,0.001255982661474877
3.763897674737768e-05,1.7657852440714614,0.0012788328821050866
7.811364606362767e-05,1.9429686796532508,0.0017400893239188579
5.8050848790913573e-05,1.7658442904401805,0.0013659599874985744
7.776092488811866e-05,1.5380707595479874,0.0011170113123707716
5.3723525062151825e-05,1.8993776436649372,0.001454916393604957
5.795098159901605e-05,1.4832291241842757,0.0011971709090065053
5.2482696692480064e-05,1.8577678896007157,0.00122518955174008
4.2882255315043535e-05,1.574099562769092,0.0011872591330653163
5.6438944895143876e-05,1.9358323912614706,0.0012911817053658041
6.974685090763513e-05,1.520749341325206,0.0013092951595648817
8.810534818352818e-05,1.688300408848186,0.0014533146966570778
6.446763776455054e-05,1.7673770683744925,0.0012719584041284411
7.801469304445169e-05,1.4117345757531479,0.001351648704328571
6.80940654882522e-05,1.854904192982838,0.0012131355953741948
5.299582549750418e-05,1.8752393118387383,0.0013546752184734234
3.492326164536191e-05,2.0039377247412187,0.0013232800514497275
7.493294313341627e-05,1.7647136774342607,0.0012980271669238792
2.814895476626307e-05,2.075512514167186,0.001454234246308339
5.993510218694755e-05,1.7841041488022655,0.0015104491746786425
8.071113615121306e-05,1.267161434460531,0.0011245939193001687
4.50203183941648e-06,2.0292406194075565,0.001421670005162875
4.8001681916247485e-05,1.9342564321522366,0.001630438070789129
4.8869292405770776e-05,1.9450708849354963,0.0012721309731512402
7.248577889896014e-05,1.7371638574273875,0.0015669273520867353
8.391436496990251e-05,1.477367487010278,0.0012728149255371388
6.267360946493027e-05,1.627139907654522,0.0014973336151395103
1.5088287429414944e-05,1.7459904584117285,0.0013841199701717078
5.657451444396414e-05,1.903088659870755,0.0014634896054703417
6.051098035343541e-05,2.018764496679716,0.001345781488012682
7.235981513727619e-05,1.8473143979329567,0.001241564925474447
7.396422387327304e-05,2.0557236264435144,0.0011749808757765042
5.228583159511553e-05,1.6345196837220812,0.0011886666893227743
7.513670762766074e-05,1.8616149546773897,0.0015242029745595324
7.460336053927137e-05,1.6268586557842588,0.0016314912676416624
6.981390841066404e-05,1.857586323495197,0.0012853601707119614
5.937940227876777e-05,1.7768571688276793,0.0012720566083364172
3.5543717223801734e-05,1.9430145787032318,0.0013977778707033978
7.169290907477306e-05,1.3198034618729737,0.0012188811575993487
4.055751922939471e-05,1.627625728787076,0.0013023794369101456
8.172007145630993e-05,1.4624937106802531,0.0012199113100066065
4.859095122605411e-05,1.597096580671972,0.0011477281958939749
4.2780415284682924e-05,1.7455334855707625,0.0014702208169042805
8.229951989348503e-05,1.5864794836480116,0.0014808663774813725
9.337179085499834e-05,1.6706380359280901,0.0013434804871085787
7.838916948815138e-05,1.6374420188095284,0.0011185438533254518
7.407376363408852e-05,2.0685662505292965,0.001366271232978871
3.803350636555648e-05,1.6240522412560712,0.0011772246660086796
8.653832466603511e-05,1.3920421167241528,0.0012030975719384634
7.16184082315092e-05,1.745970416134893,0.0014386483267885216
7.539562998640541e-05,1.3937726394551022,0.001289034602341722
9.771987216166504e-05,1.414316266223773,0.0013798684127383433
6.12174488216549e-05,1.829715519407345,0.0012491540347925603
5.118960957257222e-05,1.8096708293547155,0.0014048414058541944
5.657186768760704e-05,1.8290348725937358,0.0011782387356399692
8.020486025179988e-05,2.031514057741382,0.00155209228001756
6.178602868351953e-05,1.8004283429299563,0.0015277176015929563
5.2952564204331886e-05,1.5896590692877022,0.0011433318571218432
6.862962938746888e-05,1.3995646937418602,0.0012481619584073526
5.5241333347124455e-05,1.7405304639445514,0.001158413529591392
4.866272934395704e-05,1.5716543531102714,0.0011706782286815365
8.0860353519284e-05,1.7605946034514486,0.0013918248554322548
3.8189206695954165e-05,1.8226717778885821,0.0011267616953317947
5.985454949716912e-05,1.6177626909342766,0.0015788685936701382
7.680783314339557e-05,1.9311432193882252,0.0011800207275779976
4.629567468918618e-05,2.0611932719729498,0.001603510207211139
6.89822178028976e-05,1.922838469342579,0.0015425885195891242
8.151921543437043e-05,1.4656531059221987,0.0012485697562942969
4.81928104111551e-05,1.8331778537764631,0.0013639878674600182
7.83895289430148e-05,1.9867660982800022,0.0014424328031036235
6.491363948122613e-05,2.007365664654667,0.0013229154221631734
7.100092231151925e-05,1.7996867288658847,0.0011896696873666993
6.898617279612285e-05,1.8313196095356976,0.001361559228605671
7.279968135513387e-05,1.8272638150794374,0.0012632846093624114
5.8392109240780734e-05,1.8876438865874046,0.0017633820425595034
4.5908009900244424e-05,1.8031225772749295,0.001143266046445934
8.410404473738263e-05,1.6679808231007052,0.0014320345591314256
6.888731044843349e-05,1.7282250852374867,0.0013480737557606105
8.133957876754768e-05,1.3445935871177925,0.0011727540845731218
4.4579906845560404e-05,1.790214288268915,0.001489147184318839
8.598255657186388e-05,1.5919552753600068,0.0013970800813820818
8.950357076360227e-05,1.2658679633402095,0.001187395247258939
7.987248519068054e-05,1.8088576474973994,0.0014247799415642438
8.46792004459289e-05,1.5735230767469126,0.0014208631507866799
4.978470220967892e-05,1.957317817900255,0.001344348743236904
4.673402933234455e-05,1.9831306978902086,0.0014389026581834955
6.381863102531963e-05,2.0165512780446555,0.0016238927430138844
5.199562297608749e-05,1.8047604530460912,0.0012932103523161634
7.47741930363684e-05,1.8843421057335938,0.0015500417598894405
5.9690101378943244e-05,1.3618038875374796,0.0012194670411528254
8.193706802922536e-05,1.7456513774813112,0.0013439639143687833
6.974376594558117e-05,1.3690320974015264,0.0013189896031023682
8.341035225794389e-05,1.8487731210661358,0.001616154518314543
3.144637004923764e-05,1.8724271436235085,0.0013086224923821066
5.408720585720212e-05,1.7203798187643096,0.0011972888172770535
5.194550687538184e-05,1.8816112344236555,0.0011235646153150173
8.29143959020673e-05,1.4661109090956612,0.001369607562871092
7.4654507902121e-05,1.5819287378504405,0.001328905320744168
8.492385685521943e-05,1.64983916511092,0.0016033356473420916
4.579219032725078e-05,1.6576061340877273,0.0013415677831361244
7.569637974895795e-05,1.8165211313683949,0.0014066207889051755
6.583748839892818e-05,1.9087537542404949,0.001474983726400301
4.813085901033866e-05,1.9149160124018654,0.001548710222915487
4.4144574546096486e-05,1.6901290314913187,0.0012710239969674047
3.8827658728971685e-05,1.5922036410673603,0.001345323025233904
5.321854512381317e-05,1.9301477393313242,0.0014056754003609212
4.400480129005058e-05,1.9301403792010634,0.0014295080525564112
8.65746259044342e-05,1.84697766291715,0.0013924423453132067
5.942551966403272e-05,1.6737821525884773,0.001338252993789907
5.602814434548076e-05,1.7053870845764958,0.0013125655196915237
6.055161970328337e-05,1.596799547684562,0.0012548242795151778
7.51783213439727e-05,1.7012519952711849,0.0012437400136722887
7.174626864820092e-05,1.5934202132918573,0.0013627751420871909
6.984922178290099e-05,1.6759265991083427,0.0012811015583258944
6.922603410766803e-05,1.726786295445662,0.001335728906034924
5.763074079589649e-05,1.715147535798887,0.001613836799255886
7.755574484449921e-05,1.6872243390319988,0.0013129056451952547
7.487642599426987e-05,1.6870001728656623,0.0011871286744093872
7.700129988063504e-05,1.4705247772039738,0.0014071953216299449
6.447331797701321e-05,1.503224024284953,0.0012357398022994678
8.013763655032427e-05,1.5598437970942836,0.001300619430543737
6.13263898943267e-05,1.6227655239875889,0.0012561883428408175
5.771511865079212e-05,1.9951900210806597,0.0014186871964955463
7.731604607530967e-05,1.6232214274179149,0.0013991919995415057
6.168125441599076e-05,2.042344275651053,0.0014207661869845077
4.49551942969241e-05,1.5839677310591864,0.0011360924369361364
7.154034985126438e-05,1.4662797477558123,0.001116407038897982
5.750994716026628e-05,1.959368600895074,0.0017094381975550784
5.040631474222033e-05,2.018986398136784,0.001512524470228402
3.955955150079063e-05,1.7831181585720788,0.0013626471131122837
5.057075632244734e-05,1.8176833205162994,0.0013648729061737862
7.46546774746724e-05,1.4184956521333472,0.0011748204475531235
5.610085950154283e-05,1.6194924485253919,0.001514616602885026
9.605902849906212e-05,1.5612188754202492,0.0014556913974615058
7.156361842953204e-05,1.425727467501936,0.001151442603486271
6.052447125374555e-05,1.7592703286816889,0.001169235528254214
7.049550398388965e-05,1.6538418231542107,0.0013133482004243685
7.15418585063614e-05,1.6740481140153038,0.001342210978963021
4.9808672881750476e-05,1.822643591003809,0.0013337163134835616
9.468975977933023e-05,1.5135872147562248,0.0012348572063317976
5.235919092147699e-05,1.9331739514854,0.0015608179252032698
7.389014084253796e-05,1.8552649322956514,0.0015086029582483452
8.868298483096133e-05,1.6088707608072623,0.0013070806787594887
5.751433349463411e-05,2.0674382613092663,0.0015559380792264398
8.931464509771778e-05,1.436768399106218,0.001196335554771354
8.769254824424471e-05,1.4116812910114394,0.001322287741169901
8.723993066447812e-05,1.4521962130514101,0.0011364064042225573
8.494914168368303e-05,1.684557880022592,0.0012873379252004258
4.316998900729575e-05,1.5149631896435614,0.001120156127677885
9.524927775544355e-05,1.522296403563291,0.0014829419761207222
6.263322474656982e-05,1.660115042820003,0.0013183573539872861
5.1869170419585495e-05,1.532445320658392,0.0011534149828139144
0.00010694659965394136,1.8707705558801273,0.0013084346167821248
7.236653865662528e-05,1.720944816019945,0.0013139616131825635
0.00010067672659779313,1.6845905986083272,0.0011144817479657974
5.6158811761144056e-05,1.8711706873838008,0.0013469593394745745
8.816100526064005e-05,1.6840883322058913,0.0015404683065457065
6.327124255533745e-05,1.7249738368182614,0.0012472114480729184
0.0001059391677852336,1.682972644004066,0.0011830395392274959
5.758799255530018e-05,1.5926532363442116,0.0013255063532830718
6.439597224881326e-05,2.068873523636883,0.0013612110793096944
0.00011035251243341012,1.381274822760194,0.001211211965890937
2.8822335501844174e-05,1.7362898082524405,0.0011614042960406774
6.627819614395933e-05,1.7041298761914085,0.0012916451827565184
9.652962078342911e-05,1.6116166392150506,0.0011771818445712639
6.320266707974813e-05,1.861303294914406,0.0013803826768504748
4.483643718485673e-05,1.6221840433999486,0.0011302641655953063
7.815901363598397e-05,1.604514758400488,0.0014174798510756491
6.0600062098059065e-05,1.6930651533415966,0.0014159559085148606
5.656339257386705e-05,1.972288793537697,0.0014607803433347361
8.394548073958155e-05,1.6134730765614622,0.001325076177690268
9.864719737216755e-05,1.1389129098981425,0.0012138743275502237
7.6306477936595e-05,1.2661308312049182,0.0013454534564764364
8.679810878902345e-05,1.5916370820082426,0.0013122306680846282
4.809619798990158e-05,1.7787228087392242,0.0012935648650531212
7.722214164782547e-05,1.5605024770632032,0.0013679232284203445
6.606141466908026e-05,1.722971286782754,0.0015027852063748304
6.177085140456602e-05,1.7284723039273802,0.0013174508030063864
6.265794826826425e-05,1.6874066492677828,0.0012770317745547505
7.0351494850698e-05,1.8891603220625843,0.0013137000722216285
5.524679565178076e-05,1.616688718394215,0.0011163182727798391
6.813166156814445e-05,1.5749031405153893,0.001193833710026847
8.06146239097869e-05,1.570106605134295,0.0014594599449309499
5.250290387604453e-05,1.5285932767324981,0.00121484883307992
5.432060558024391e-05,1.722940392891702,0.0011699560395699844
6.218343257846987e-05,1.7005932901060834,0.0013415906752271413
0.00010317812215212688,1.2904664183396568,0.001293062142197662
9.383301525021271e-05,1.747705458806564,0.0015498828507761143
3.715358349969664e-05,1.685475622335994,0.0013029110083751646
6.754354307590715e-05,1.447753153814939,0.0014376252723360037
5.282525073424565e-05,1.559591805500246,0.0015401517416724702
3.5320069961367646e-05,1.9703552604790806,0.001176315403821887
6.059020559862466e-05,1.6768615927055175,0.001687960325917026
5.590560379227283e-05,2.163493563495167,0.0017027389557898404
5.055365795102177e-05,1.7610244948884386,0.001490892451423377
9.41271044214246e-05,1.8812944899929118,0.0014247369823961059
6.86491075026494e-05,1.6899661618366804,0.0011601236014388333
5.5785175647883766e-05,1.999359776701415,0.0016055000685635747
6.250654882706801e-05,1.6150621041488313,0.0011628760099003565
8.049014085019704e-05,1.734992143168214,0.0012635158371803942
6.229719419102741e-05,1.805812491747659,0.0013535816180862445
7.367142960365214e-05,1.6970224367525182,0.0011521050416920945
5.856206211783101e-05,1.6118400041300387,0.0014575624773894794
6.099129341358562e-05,1.7011349810988354,0.0015369122490021471
5.1656906755841183e-05,1.7807296211537778,0.0012630942443808703
6.357769531360616e-05,1.5002965151145378,0.001175032689398302
8.064373116813578e-05,1.5761066089142055,0.001322726444494096
6.19672446507784e-05,1.877894970501675,0.001597564973617983
8.811622794302654e-05,1.97241542072184,0.0014729212384949478
5.027833203936366e-05,1.8504946486416722,0.0013087424328400037
8.67017699369525e-05,1.6271541263944236,0.00134555598782753
8.837643909225885e-05,1.568367264606598,0.001491248600902734
6.360307709397451e-05,1.5643223359172551,0.0012927662521910277
4.583252130177382e-05,1.7902164702361707,0.0015452767650714035
8.313979373206542e-05,1.3410315823665542,0.0012451759607082355
6.730782945727955e-05,1.5050152272041646,0.0015328749505588307
6.324534194564332e-05,1.5760608707322836,0.001269629227820459
4.433396829355192e-05,1.860041660316034,0.0012758668209178683
0.0001036219674971507,1.2221314144937605,0.0012151429309791774
6.50981007074893e-05,1.605793746011969,0.0016151314672389631
8.28797288868679e-05,1.4201406876063907,0.0014711304791119348
7.66558982871776e-05,1.7451854553732185,0.0013979789650402407
7.383491827629849e-05,1.767647118627163,0.0012969856563825534
9.130135451430646e-05,1.2715050972191104,0.0012386816976556355
4.2068116084188334e-05,2.0108593570484974,0.0016930828868885115
8.999079989667553e-05,1.545527831031744,0.0012040147561374387
5.443685134533094e-05,1.944540324373424,0.0016514716311853274
6.553769322038097e-05,1.455219165152496,0.001230879551016793
4.5581781242428445e-05,1.7897449380304786,0.0012071612965881206
7.925077365085092e-05,1.371729606425099,0.0012905088084058675
2.837330102868268e-05,1.99636359304466,0.0013906486352938167
0.00010266975612950272,1.2895791316656353,0.001382588563432533
6.753729012200728e-05,1.3629690276070219,0.0012598990310542413
0.0001017562609209381,1.4580114564678064,0.0012198395335328226
7.3414391896079e-05,2.1564226027393087,0.0015076524025349031
7.291223033096075e-05,1.6449403180829654,0.001502683575676874
5.602486676102251e-05,1.8841049833247498,0.0011782422334372057
8.579331601824312e-05,1.5653174086438588,0.0013941211926598264
6.21177892199314e-05,1.6828571061944382,0.0012924537379179165
5.442110535384679e-05,1.6242813510341594,0.0012995638851272544
5.4513436958307277e-05,1.965663907066987,0.001433140511322831
7.1386312280733e-05,1.7557494298495002,0.0016131497121735247
6.600585475258996e-05,1.6615402127167749,0.0014535530058522878
7.772425300295377e-05,1.6859499889547032,0.0013983329180440943
7.214777530130287e-05,1.3531260598378492,0.0012093180057386652
7.252771611690402e-05,1.7645732261161107,0.0015787626084955428
8.452029248454214e-05,1.850699511543001,0.0012971993119808604
8.21370073958514e-05,1.6896882487133011,0.0013486774003065873
7.23161587553454e-05,1.8152521737710006,0.0011782459164395881
5.4002333383192386e-05,1.5727245404473527,0.0013450167747061
9.2529358971696e-05,1.4041249399171027,0.0013269511113697685
3.371759474575738e-05,1.866222305173786,0.001189952935005547
7.230983095124439e-05,1.598519156077768,0.0014409299775400765
5.68129094313771e-05,1.8581349978345103,0.0013094120714712272
5.4711516897764044e-05,1.6573624649018786,0.0011591239221141508
6.3664521136156e-05,2.0320316286503424,0.0017462763023042384
0.00012446517928109746,1.5939069190895871,0.0012281731489802235
6.180793535350178e-05,1.5490033397789844,0.0012162039259693087
5.888903144169465e-05,1.6356606247600096,0.0013492773151965753
6.281811534431095e-05,1.7997191979828864,0.0012777336107848104
7.628304018164478e-05,1.5971090636406597,0.0014645167853380866
9.17102130054199e-05,1.456589925739479,0.001180115763823864
3.8936576378935995e-05,1.8105221798082236,0.0012497359509008247
5.585681973010446e-05,1.5193191986967551,0.0012118662483119357
0.00010189577054675414,1.602585415520137,0.0013700842384483669
5.96360735528866e-05,1.538513316968304,0.0011560280665988713
3.493532801865467e-05,1.8207517144292988,0.001209288728401797
6.175544031553087e-05,1.5954520402143535,0.0010959926078493551
6.541425634544678e-05,1.690310504353971,0.001136511148619018
6.116252834607054e-05,1.4377358756603267,0.0011244771711336938
7.836847518500501e-05,1.7336463208079722,0.0011547247164266292
6.982390169529134e-05,1.6942656120391526,0.001439529832013121
6.830109919097294e-05,1.4577304617962703,0.0012089368905791452
7.240803841643062e-05,1.6196074803772524,0.0014978780052155244
8.429631243631812e-05,1.5072115252764855,0.0014457167010110024
6.460078947348151e-05,1.7947129028141806,0.0012356058416740413
8.15317239483757e-05,1.8736949730577352,0.001475080452866791
4.866940940661771e-05,1.7035971856625243,0.0015109631557411196
0.00011027759895885623,1.4411347880616414,0.001219037715037436
7.46125367177162e-05,1.4832210118982136,0.0012194548923567408
7.077364702759369e-05,1.5676949553670865,0.001275846273772183
6.535063916993598e-05,1.8856391967874342,0.0015053947773137472
6.298310800688821e-05,1.922491317054505,0.0016262016818288988
5.26259807986454e-05,1.836559484428323,0.0016545026952355026
3.475585836520471e-05,2.0676006733703334,0.0017444957562124635
4.551092830433956e-05,1.5361070113329474,0.0010876359105295773
7.205745203708922e-05,1.5841418679957355,0.0014128983654779546
5.568628693824823e-05,1.7949341091797073,0.0013189844233216065
4.367633736376471e-05,1.5873752242192554,0.0011117588627164298
3.0909842082654046e-05,2.054826537541772,0.0014267595356034374
6.818706453151775e-05,1.6889068481216964,0.0013328492579387516
6.712860583168011e-05,1.8095165784799303,0.0014251681297223566
7.218391576017513e-05,1.4110585803157445,0.0011728566075316664
8.259660511304876e-05,1.514633049376325,0.0013017023769602034
6.461919407417462e-05,1.7188394638430746,0.0012320884822186484
6.242189634673209e-05,1.7402672451502164,0.0012952843000501816
7.538896418417913e-05,1.6113468813029366,0.0011372271451682012
8.031041808865877e-05,1.7780439252801978,0.0016537774429161694
8.146728575884684e-05,1.5638471526440059,0.0012870678221723617
7.177520181113762e-05,1.7530981198679214,0.001223905284479548
6.681196291204889e-05,1.741313496760453,0.001334257719463252
7.057538521110617e-05,1.6476754767412014,0.0014918583005458026
5.162076493839351e-05,1.8963305902087944,0.0014030405757863853
7.567130420358138e-05,1.7103249991761975,0.001693982719260484
8.450179651096027e-05,1.724690968934012,0.001368967240517491
7.305808225042048e-05,1.462377106139982,0.0011629506525572925
6.754180198289979e-05,1.642868989305745,0.0014801435513993478
5.118123601061302e-05,2.050447582722864,0.0013689725763615748
6.099871268063579e-05,2.0179220001585914,0.0014089529292409396
5.57659647717698e-05,2.0701617469245113,0.0013790241638613047
8.577781998519794e-05,1.3222965613099957,0.0012569532019817858
5.983146867482382e-05,1.5070906394777988,0.0011728934443299072
6.528076280057605e-05,1.3990376426980233,0.0015101486454790066
8.566962398806744e-05,1.722526612688245,0.0013894334744036494
6.874016127321449e-05,1.7234433374454212,0.0013269326377816628
6.350229269637671e-05,1.9950385300375617,0.0013464371547830091
9.833396978274599e-05,1.5388372422371057,0.0013639380215696834
7.185832538268963e-05,1.4780904135246216,0.001181615971693892
6.0459879406388976e-05,1.905638446866321,0.0014284688450551541
3.269773866573141e-05,1.8131653971549806,0.0014770377416700308
7.687939315982336e-05,1.543848019215988,0.00137323742237603
8.278379749575205e-05,1.8962999893874157,0.0015791109672083558
7.806502971318266e-05,1.4244399189126145,0.0011093563750849498
8.173921523595562e-05,1.4121898101069872,0.0011864541732674529
7.660744234465954e-05,1.4576848877127124,0.0011804121086979819
2.5167762638434366e-05,1.7369850829263127,0.0010734836899808625
3.048671518030531e-05,1.912435538030863,0.001449106054352805
6.192192393015286e-05,1.4608692752572998,0.00121121474602103
6.250116732396532e-05,1.6053601921112064,0.0015020608308604164
5.901460342373345e-05,1.647512323065591,0.0013284118012055752
7.357513915783766e-05,1.5525255266102396,0.0013634686910991565
6.185830775217829e-05,1.7814169113333234,0.0011781385894873966
2.93251617538149e-05,1.9336071343786205,0.001297606451414107
3.785395124057988e-05,1.818810237582608,0.0012415278182157155
6.157029221578383e-05,1.977368900458183,0.001239069820890475
7.265966249952504e-05,1.605173636918066,0.001533221624848121
4.473351374721135e-05,2.0163806971102645,0.001217519748381162
7.966278480280479e-05,1.5690301782119302,0.0011489135211681836
9.833785495469506e-05,1.371487417782467,0.0013319363190696762
4.9920970213954996e-05,1.631648994515174,0.0013996309295316253
5.2906603996330935e-05,1.9356179840824532,0.0015917359858596226
6.408462850225694e-05,1.7295933882121677,0.0013456646328271512
4.53060920949437e-05,1.5925056639344206,0.001166656288132764
5.1214287689808473e-05,1.9425187848898946,0.001256733888284522
7.700405857868662e-05,1.4587355275454246,0.0013691114808174391
5.949367652651653e-05,1.9618239741235721,0.0012078892605644196
7.05820635726498e-05,1.3018816701790337,0.001282582534728701
6.504170341748973e-05,1.8363963260539367,0.0013774390220369812
7.73927803739629e-05,1.4647271543651843,0.0013172892712711227
7.597647998222868e-05,1.576534473285104,0.0013947552881828076
8.854867184902577e-05,1.3933248213822145,0.0012594853123690769
5.3157069330837735e-05,1.5482910301053503,0.0012047635080402273
6.293545693945937e-05,1.6084391006552947,0.001351981190618012
6.912696455785986e-05,1.5108890303914262,0.0014700873277559876
8.557129419187027e-05,1.4789540986755472,0.001353934667627478
6.631681030532531e-05,2.166566223871869,0.0016993135476723296
6.91112961542341e-05,1.6726219039228791,0.0013309699888159176
5.87874262948048e-05,1.629100461267228,0.0011728167074765963
6.892661514596437e-05,1.6000445627602797,0.001454840143637276
6.279179371382241e-05,1.7507244646840965,0.0013228688272956012
8.854840653067977e-05,1.4865868996856106,0.00116061642623737
6.135165601404349e-05,1.6535775949640557,0.0013220481243410075
7.304966159769893e-05,1.7426254508233212,0.0013520699990110692
8.904507360245399e-05,1.674611106044562,0.0015120131204182775
7.811570863693772e-05,1.8638146626187637,0.0015162151517508274
4.286122049624691e-05,1.8302412594258752,0.0014951721770031343
6.688664110310905e-05,1.8467396415767414,0.0013087140854765936
6.724470197826577e-05,2.047292661708955,0.0012091884942201318
7.994448306880724e-05,1.586096132774274,0.0011603698458641427
7.016236619082725e-05,1.3160655684384066,0.0012114814610245954
7.127544415401184e-05,1.9098951280508747,0.0016308667483885487
8.318836901043183e-05,1.7182740360475264,0.0015336368911132434
6.0620583367222854e-05,1.3705228876769047,0.0013321564258271085
6.020080790979757e-05,1.7657490319295108,0.0015947164524782987
8.112887370360933e-05,1.4286491616910388,0.0012087094554771975
5.1024865279823884e-05,2.048257705593141,0.0015822906621770004
6.159313298306135e-05,1.7679207090624407,0.0012549695713485996
4.233810773787565e-05,1.821118923645368,0.0014660333380715734
6.302072150559865e-05,1.8968242399270419,0.0012955601373647672
6.333441961986007e-05,1.6981055740923126,0.0012380166790135442
6.525695815857413e-05,1.7645219844667097,0.0011603292759597987
8.11200686909655e-05,2.1049761824232203,0.0015675909305928168
5.8131842300842196e-05,1.781214224416309,0.0015145328654845686
3.8474593650757605e-05,1.9884044360766957,0.00131426304412912
8.059582491487826e-05,1.4644454538191045,0.0012836274533954918
6.480635241588669e-05,1.7895677030909423,0.0011961637671365137
7.493693050577266e-05,1.8475684758734434,0.0013665811462329558
9.368093311378302e-05,1.481898071130369,0.0012670610999751166
5.2987244616041635e-05,1.8347139338238398,0.0011533106587794297
5.832749865343057e-05,1.505345342112336,0.0011598644839159536
8.280926133676766e-05,1.6242706474327708,0.0012056436755617718
6.600362709140391e-05,1.5282277908518758,0.0012933449569623554
3.0181737729149248e-05,1.9114331097931583,0.0011963104093579368
4.672361658764131e-05,1.7965812559310408,0.0014108155405125407
4.580718896896879e-05,1.5783368442302348,0.0011607288860965724
7.712110482188847e-05,1.6245066098539882,0.0014918248720632158
6.0985215571826015e-05,1.7567108915988217,0.0013733842836641601
8.436481077748595e-05,1.7040142147140707,0.0013111907937289502
8.9451264742535e-05,1.5888276813029258,0.0013392204253524088
6.86567795755676e-05,1.7348800856983326,0.0017144156926534465
6.662605087895679e-05,1.7600190548442112,0.00148821248829156
7.864683633394804e-05,1.603984933940458,0.001291388327723129
7.559729588641311e-05,1.613964343647386,0.0014129873631871118
5.141363270109516e-05,1.7722326605902712,0.0012098848933116265
8.457022595163845e-05,1.7828823066548252,0.0011606728317170236
6.185113848528535e-05,1.9981719298954312,0.0014514153765322047
7.836656632059316e-05,1.5028812142156331,0.001245083203583088
6.708715367816751e-05,1.3825563680629571,0.0011462910967275522
3.960295516327054e-05,1.792608172800377,0.0014848852922739705
8.60792936964891e-05,1.7529471352661163,0.0012616868336643684
6.050177220321334e-05,1.7371297507244936,0.0011897023740887564
5.514670974271011e-05,1.757506276096899,0.001396336851818821
4.365975471980188e-05,1.6556289414695615,0.0011142540107380108
7.06533160140021e-05,1.678556774104515,0.0013698697181604175
5.7291886077756596e-05,1.937568696214526,0.0013934346467709344
7.822821308810224e-05,1.4471062400003354,0.0011748179676181946
5.4810247931623235e-05,1.7890633568019358,0.0013952849628532825
4.379639857420998e-05,1.7653618220135252,0.001353440808571061
2.573803469646624e-05,1.6870495433052828,0.0010788041884084493
7.07798853709488e-05,1.6535065613291828,0.0011282944802255698
6.141596166919639e-05,1.8187442177300286,0.001467406271001857
6.399305218193418e-05,1.7162631377652389,0.0014775189498574255
6.9574477280382e-05,2.0450640355328473,0.0013177496146467497
5.8715026942187755e-05,1.6110078664844536,0.0012662555792677874
6.737450032565368e-05,1.8744165706223443,0.0014980941562179582
8.064962817516433e-05,1.4382669018525849,0.0012761336451039011
4.7717067283578934e-05,1.6142186845497037,0.001336486952410121
9.108184152131253e-05,1.4141439742108572,0.0011854286525024894
6.88670654090123e-05,2.041393308640788,0.0013338982402219446
5.947830587524079e-05,1.8814434712173058,0.0015021710659694097
7.192016630429896e-05,1.4549173635412498,0.0013871103817707352
6.435080320768995e-05,1.9011596503876762,0.0013843309643984244
7.291547724919751e-05,1.6146563227033202,0.0013665386017606327
8.039232527956434e-05,1.819594962798452,0.0014025640063996046
9.423746892751363e-05,1.3729623083429043,0.0011769617285012184
7.162039320771985e-05,1.8054073089405323,0.0014309373858661162
4.108002492712926e-05,1.7530119404992526,0.0013995962532373824
6.68410831469234e-05,1.5124084729198812,0.0011623782072409294
7.37658217734641e-05,1.5038124971173934,0.001258030015355013
8.465025326691436e-05,1.7867795680182834,0.001315834137560068
8.50561468932248e-05,1.6029541834936238,0.001343163314100835
4.713408573349274e-05,1.9004741552030284,0.0015176775842589965
5.231812241603767e-05,1.7150848886942518,0.0015386218278190887
6.298347796221016e-05,1.7301331267840403,0.0013835053820979446
3.535777384850156e-05,1.9225472691081313,0.0017177573820293473
6.883088848848721e-05,1.498399270684551,0.0013217250818574272
8.032050435383199e-05,1.521607188856933,0.0014023526369963304
4.316621777318085e-05,1.5248423196885836,0.0011519627953051111
5.313458072586507e-05,1.5696236281040252,0.0014318411944371017
3.249438667238893e-05,1.7309305891442028,0.001109395113686149
2.8068361123609033e-05,1.8098633452694655,0.0014422599668730447
8.623906280473429e-05,1.4185318510542646,0.0011779278875339429
4.716264843038972e-05,1.754031863649003,0.0014103076667201237
5.827844050017296e-05,1.6512836603897476,0.0012361046067644024
3.460829152569838e-05,1.968723990519519,0.0013159997797604528
7.016321593569201e-05,1.4514700639487934,0.00112653005993708
7.540153342940914e-05,1.459040361915993,0.0013586177306187269
7.799017709718241e-05,1.6636963617673075,0.0011736577935818834
8.526565121077571e-05,1.738224390424841,0.0012355501355791406
5.80665622319535e-05,1.3381218422587196,0.0012040783217349452
7.14228822224519e-05,1.6801518055227778,0.001289282942211399
5.290164788194063e-05,1.7797379184962219,0.001596523617217917
7.32073269962484e-05,1.7321566794133016,0.0012883988659358313
4.9552305881032826e-05,1.900098268425446,0.0013185120257158932
6.848470946315967e-05,1.7169963743209242,0.0011608588066521093
5.690869876202986e-05,1.86063202921647,0.0012944710234969068
7.557725386476458e-05,1.350663111685269,0.0013798009292873708
0.00010064806216167791,1.1459986942875615,0.0013036680683878089
7.144659518270306e-05,1.7673313480309754,0.0012868923096489636
6.208712041052575e-05,1.8049794403398969,0.0017417175519285732
6.94707625629341e-05,1.6310670344438774,0.0012070126971777094
8.33207187377632e-05,1.3798126877578165,0.0012403884007534812
7.00240063031275e-05,1.7518833266636593,0.001334442270103068
5.4203564585559025e-05,1.695597912009789,0.0011441849945318372
7.122159646970677e-05,1.6861479295136748,0.0014740210269506184
7.57864525173625e-05,1.9106764050118739,0.0013366375944800564
5.885720279820208e-05,1.9495170306223253,0.0013177351805688765
8.931790858089933e-05,1.736879207946708,0.0013909225782904188
6.250776233427622e-05,1.56117983590636,0.0011749884717903102
6.0930235429882384e-05,1.8648796736437794,0.001517899540422422
6.0013655420305434e-05,1.5863052289865294,0.0012750928705611447
8.175330261451908e-05,1.8658324978300111,0.0012326256073884258
8.501553163468443e-05,1.4187397993685298,0.0015198768533278553
2.854693936963621e-05,1.921305676752147,0.0016708670237300651
7.397045179324112e-05,1.626846801280092,0.0011424535461254887
4.903599933963476e-05,1.7613446405807722,0.0013983638633376402
6.374893403025699e-05,1.6016450018788142,0.0012309150124533606
4.752524756680734e-05,1.8687301373212224,0.001453733952834218
7.850245279439531e-05,1.7432142957928378,0.0012543322405056566
6.088019548854394e-05,1.6105344896293643,0.0013365823603596067
4.39893188806009e-05,1.8839452561052679,0.0015874712201459573
7.642703519424478e-05,1.7004146564043323,0.0011735970756377079
6.935336596437852e-05,1.6681772994508395,0.001309483549313022
6.468030994416706e-05,1.6134599748536176,0.00122217862675968
4.43486661218824e-05,1.6476113773806746,0.0012162488111204608
4.487868379188995e-05,1.986359888714338,0.0017625938544222756
6.020596317581857e-05,2.3170426425477753,0.001745594715601283
2.0844961546945496e-05,2.2075140779215503,0.001734117449673411
4.199060427587348e-05,1.4097751582289224,0.0012292518118759046
8.953553524648382e-05,1.3231759433070194,0.001205182620971319
7.00127323857191e-05,1.7683291257012852,0.001280845741855478
4.313103400028531e-05,1.5782695197616035,0.0011746078956598786
2.1858863737894467e-05,1.7509689819261562,0.0013704254715456007
7.249856839657065e-05,1.6120451404787004,0.001457312317080315
5.078254406996675e-05,1.9424546213256366,0.0017842297939614886
7.423538998900429e-05,1.7589191555296697,0.0013538307818816858
8.299181955288478e-05,1.5120597105939177,0.001377157119310282
6.408708908509282e-05,1.87719540018611,0.0015178885202014648
5.93819680233474e-05,1.7157497620385964,0.0015025636596263615
6.838996554658692e-05,1.4641710669614956,0.0013256497736849789
5.0887507202641265e-05,1.7241656140658346,0.0012187935999571921
6.276686395278514e-05,1.4622691825209522,0.0011823692622441
5.340163868265053e-05,1.8600755988846338,0.0013496935060856854
4.703984077188593e-05,1.7622742808490444,0.0014097502268923476
7.32699834273539e-05,1.8210425116382265,0.0013966912766756002
5.9849753510417936e-05,1.550043095201756,0.0014916340665675808
5.089126217037695e-05,1.784559279755996,0.0012595084719525564
9.320883485240972e-05,1.4973263730201853,0.0015024461616809039
8.441300882746679e-05,1.5697814922266702,0.001411734239513507
9.678326757496284e-05,1.6926093147214027,0.0013406614006497806
6.0358475466855585e-05,1.5522498406880283,0.0012408668197777624
3.1987886820045455e-05,1.8859090443262239,0.0014406075501978356
4.101585033568224e-05,1.7748411246424158,0.0012979245311899245
5.743512125608909e-05,1.9715912448165298,0.0013220148851407266
5.9710383527091287e-05,1.696979360139948,0.0012447210819080577
8.522754528819844e-05,1.7088741819061686,0.0013909871270376933
8.171548491160941e-05,1.911910901391958,0.0013936134373167407
7.058307151384976e-05,2.101561493836222,0.0015453591543820317
7.343234626040466e-05,1.538781913440938,0.0011706515879753303
2.167692877975868e-06,2.2232825773699023,0.0018740300912428605
6.06371655991579e-05,1.500276934219367,0.0013948263072314857
6.189223834098656e-05,1.8849091992086076,0.0014465425624611882
4.996587584531402e-05,1.6756960898326518,0.0012229107745260043
7.204796328922373e-05,1.7516034328293801,0.0013925673620974206
6.457875809745178e-05,1.778003244696287,0.001418645300839002
4.180543334707235e-05,1.7307932081507305,0.0014402203479763566
5.687022862813994e-05,1.9218733257977054,0.0014217912145060617
4.862330978229125e-05,2.1671183799257983,0.0013551996867834665
3.6464304706726636e-05,1.9782592804003623,0.0013505958430293395
8.547908042051313e-05,1.721636885694481,0.0013353833917944334
8.810632750374508e-05,1.232004512956834,0.0013286526508271652
4.6254043794905156e-05,1.9869695710467594,0.0013666167535372061
5.996253128717291e-05,1.917907626544894,0.0014436290587882534
7.690413143231957e-05,1.6117044939225023,0.0013495913287677977
4.212216445730347e-05,1.8685829659138822,0.0012723073062416443
6.919888725305912e-05,1.7821182642904634,0.0012273190106024874
5.8403779109669564e-05,1.8833153540446204,0.0013160220305615353
5.557262183305424e-05,1.6611809313742822,0.0010936558537149581
7.26916908670759e-05,1.331957320611641,0.0011061889405516725
8.04385376298615e-05,1.6751796856306433,0.0015670979372452477
8.6850382174218e-05,1.737327518363972,0.0016067072305242535
7.608982007920907e-05,1.734796458394783,0.001294759750042829
8.263225533122737e-05,1.5987740602591767,0.0014128212407882666
5.853852666407103e-05,1.656895013358827,0.0016460607696956863
4.5863692828832036e-05,1.8334968136983307,0.0014489817699229622
7.770245973663996e-05,1.5095664878777781,0.0013699627550234634
7.14002615088273e-05,1.7674954617426595,0.0014208053515019122
2.6171771701081808e-05,2.035805549401534,0.001786751850927011
7.072829972463997e-05,1.6560750176831507,0.0014567529191435577
9.436536232577573e-05,1.4552036414748044,0.001558887521116114
6.61340944497807e-05,1.7959183948859638,0.0015136275848017069
4.451851520703171e-05,1.7761826846757367,0.0018017593727823686
5.2543113820972126e-05,1.9274745455003746,0.0012098666045595688
6.587991250651639e-05,1.792211389444578,0.0015815833324684537
5.752232930742157e-05,1.6501577994221825,0.0011881795019414432
4.2158908320651596e-05,1.844493810616654,0.001382965168118596
6.69990663732488e-05,1.460939722184049,0.0011820800374869444
5.70409231168457e-05,1.8333009976459618,0.0016017594089236704
8.722574878359079e-05,1.2775925408188673,0.0011283756238545388
7.9941810253663e-05,1.7376463579067785,0.0012959259151361785
7.600665195103933e-05,1.4884828669254193,0.0013071334662779442
6.139648491045185e-05,1.4089667750735995,0.0012040959060760734
4.4828237002447146e-05,1.820153742086395,0.0012220983500236323
8.171674968314803e-05,2.0117951892776693,0.0014179207707300501
6.087824756161156e-05,1.8765390372402475,0.0016094553820721518
5.552199356590537e-05,1.7138206592753085,0.001470152367748308
8.003486019970326e-05,1.3577365441835336,0.0012074395296813852
4.308294272600297e-05,1.7805755841884392,0.0015700978099016504
5.190675581029398e-05,1.7605056674070167,0.0012996144822138872
6.723479361253357e-05,1.923599337958431,0.0013188143733938108
5.9315842196436936e-05,1.9375772628820678,0.0015699230013502914
7.039338788438682e-05,1.6743630558047657,0.0016549966990264862
7.716139781499247e-05,1.6368783337467103,0.0013506815728349748
5.9610937692632526e-05,1.8511099104193742,0.0015813414275433948
9.244368817103278e-05,1.3629696061843641,0.0014219570126664442
9.680070667249748e-05,1.3694808565823546,0.0011970773171535894
7.467508798897178e-05,1.7022691667677043,0.0011784503259293939
5.024826133133139e-05,1.5905959511594852,0.0013459191751137396
5.716606123144356e-05,1.6926337195402839,0.0011688880604332143
4.8266542284032276e-05,1.7511206357850984,0.0014748888256414907
5.7337712289415076e-05,1.6217844820385174,0.0014347550803477317
5.928154755698401e-05,1.7644858725469055,0.0012457626348775885
6.348667526336462e-05,1.7257851162923012,0.001339418074207179
7.125608867756663e-05,1.7666339233206632,0.001322182825004513
7.131114155343034e-05,1.692713725175509,0.0014904696625651355
7.311087584999714e-05,1.7369526425517934,0.0013565625386726134
8.80597380630756e-05,1.4891014344847215,0.0013514704152737382
7.67518188012629e-05,1.7933410685025877,0.001376785777782891
0.00010698239718793387,1.3887334170411323,0.0012440155321345886
8.223710242673663e-05,1.5973473582400817,0.0013599555751962237
0.00010231897135844135,1.6472863714806574,0.0012734132117278856
4.196951775089927e-05,1.821830253997879,0.0013171887461918468
6.663054709855262e-05,1.5538447231549817,0.0013170147637382853
5.4233619203086775e-05,1.8135946745751164,0.001319164586172997
8.403383659409154e-05,1.4308349872916966,0.0014160441451116926
0.00010339706421746713,1.473718022337148,0.0012092483097146615
6.033201788609868e-05,1.8183729864205997,0.0013774136740733064
7.220322178194439e-05,1.8636634514761707,0.0013196818289363756
4.3931467497657905e-05,1.969424983826145,0.0014250128890593127
5.01124003966011e-05,1.9620592330885607,0.0014943514223613608
7.044216624051139e-05,1.677410889136165,0.0013527507999144758
7.439442085176138e-05,1.796860314450926,0.0013085156278850947
4.949578324947491e-05,1.7420222473671731,0.0011696018848086026
5.587400546324484e-05,1.887785886973353,0.0012818483860787832
5.801376348112242e-05,1.9753719623054755,0.001604731330342109
9.381571830020542e-05,1.5438794629559305,0.001339773550129305
6.170450093300622e-05,1.8494027188372868,0.0011635602448568834
8.249530243822861e-05,1.5130174582979545,0.001572665492876623
5.147313849817441e-05,1.9629825457149364,0.0014420566552936817
5.431031948071499e-05,1.4928396806890563,0.0011931717067332223
6.986825182581971e-05,1.8132309748879585,0.0011425058375781876
5.852765695819155e-05,1.7683273227728704,0.0013638523487400243
6.741716273843711e-05,1.7101069934115205,0.0013274013984591253
8.308167861462885e-05,1.5087272533745335,0.0013537612321815795
8.209900111773805e-05,1.5034187812766144,0.0015229402483833508
4.134017868507312e-05,1.9858193238460111,0.0016797644975955267
7.205168571652641e-05,1.3561733419437954,0.0011525570379612327
4.715476631644735e-05,1.8768617760636048,0.0015110518084227836
6.71512158565061e-05,1.7395182624783052,0.0015179812900471855
5.68009589547008e-05,2.0586299604068055,0.0015238030089870132
4.820390381169753e-05,1.826880224935712,0.0014744533034334467
8.41867405063151e-05,1.9383564571123706,0.001379047954207557
5.161273141134797e-05,1.6980544076706086,0.0016152256554044502
8.453122168902014e-05,1.4577083331589975,0.0013680937740925558
7.634554760323918e-05,1.6495486334615814,0.0012134752514874662
6.771671465481521e-05,1.6342546054075788,0.0012399072964507842
7.699860501719618e-05,1.548919366555623,0.0013986921196438374
7.815855154163621e-05,1.6973012315592952,0.0013470669967138216
8.59805772723113e-05,1.8583427954845608,0.0013246727542511481
8.233867636413184e-05,1.6595702959029155,0.001501684520489528
8.16788870223929e-05,1.6066364926004315,0.0014027883830094526
9.759916434789949e-05,1.4510296361294936,0.001329678886707667
9.974191731226772e-05,1.4184184744187036,0.0015017724986649116
9.864449442912564e-05,1.4905535145367976,0.001341721546714307
6.334468819971493e-05,1.9336444193578752,0.001374393014597007
5.0268702287512094e-05,1.8694305156433193,0.0013637916989903904
9.93544062489523e-05,2.0144464804659217,0.001706208628351337
6.629875590893589e-05,1.6082675610892188,0.0015278130607737522
4.3764888058576034e-05,1.479736900390464,0.0014037352867729532
5.959461709750721e-05,1.6414613594138203,0.0012461376326272334
4.919545502651749e-05,1.7941370508133276,0.0013114859554307237
8.19764227358538e-05,1.91544676391985,0.0013354799816444015
7.365084693143148e-05,1.6217302779989926,0.0013969518855602475
6.0174099251183346e-05,1.6860596648674033,0.0011418936554631813
9.605007457782813e-05,1.5834012274163505,0.0012989529056389025
6.696648301614987e-05,1.7143852251763743,0.0015615892327676662
6.054631998861855e-05,1.7427937676736656,0.0011798065460126214
6.198544489169417e-05,1.9504675743038018,0.001589290680902262
7.956211630834462e-05,1.7472834110897786,0.0013054754026854253
5.327109021514418e-05,1.5658488816063574,0.0014975580448769962
2.5820813134006783e-05,1.6514235619118915,0.0014214726162406779
6.934179929118888e-05,1.47918027517072,0.001183202763284638
8.69980290517316e-05,1.5400157474369807,0.0013648371025194945
6.556293265143349e-05,1.7164328398627355,0.001316658393346703
5.741089537026075e-05,2.0166089169159727,0.0014043822843974988
4.43293872291385e-05,2.1474296037946115,0.0015369370936156614
5.900705251706981e-05,1.4486608851802423,0.0014686560734684924
5.7280218319599575e-05,1.9444841084303919,0.001541933252267413
6.741974907301348e-05,1.436953247597726,0.0013545981098255218
4.326039458569531e-05,1.7238799961579616,0.0011476087524892032
6.281700035010188e-05,1.861857615332915,0.0013906305213961681
7.31996013548276e-05,1.930826167154431,0.0016513502670592011
6.946851007029335e-05,1.8576518975315874,0.0012736578210144542
7.534349573779207e-05,1.7583538109447743,0.0013350083930793249
0.00010735987873732524,1.2948509481395756,0.0011992357674874914
8.937356255041508e-05,1.4223898883970172,0.0013753374524549534
5.053426449887825e-05,1.7945953903142935,0.001283026668839911
7.922658802199864e-05,1.9245131257532446,0.0014347549641223149
5.608687839582266e-05,1.8199053348822958,0.0013585204319398177
5.757694935250932e-05,1.7263523561517615,0.0012386992967319413
4.058521708866581e-05,1.9822258059183508,0.0014687018395246334
5.291000857874167e-05,1.7413119179622032,0.0014415635615550966
7.533044911762777e-05,1.348984977456261,0.0011601277583055717
7.442145652730124e-05,2.0468010415895272,0.0015128004300099841
6.871628875108448e-05,1.5252409150521662,0.0013411487635978775
4.064141021430308e-05,1.6932267689157332,0.001160419644462311
4.907702502313993e-05,1.7106475675388444,0.0011693821239883524
6.95138136735268e-05,1.8115357770717047,0.0013906838244943126
8.053018747509929e-05,1.7151938354175857,0.0014690362591781112
7.229627056298028e-05,1.7815413611837048,0.0016365225738975717
8.800436734178703e-05,1.5742187078154384,0.0015393847337640916
6.0911428803940164e-05,1.657476348989618,0.0014388850172571104
6.19484695797841e-05,1.984203890791434,0.0017024172635158902
7.621044879119266e-05,1.5880860340460106,0.0012030565672797708
7.15731689440893e-05,1.618193107657482,0.001138876954242768
5.107414192285654e-05,1.9490163889698586,0.001482970373100204
7.772339588255829e-05,1.8524406851201185,0.0013721688585271853
5.670011246091504e-05,1.3459681864903412,0.0011494389521686857
8.129367586302472e-05,1.738733013602313,0.0014010520183592278
4.905927659871025e-05,1.7142587929821218,0.001306380503604733
3.903767688450094e-05,1.6873709885106536,0.0015168359289681682
7.05304809263919e-05,1.8864080581391098,0.0012849428025819315
6.623555185801495e-05,1.808932067037761,0.0013303933151915168
6.603128926503962e-05,1.8623258569729,0.0015573223332612713
7.249990505058242e-05,1.5460237385992426,0.0011238261568387257
6.221981140660504e-05,2.0008323276110036,0.0015384743319760818
4.0635315834609144e-05,1.9975669880401188,0.001429625742580984
7.149059700763617e-05,1.7585289911594097,0.0013468154987316796
6.727416543058638e-05,1.8266167724012274,0.0016180541340542318
9.078945954050609e-05,1.5195274547481192,0.0012509727225104691
6.809547951390134e-05,1.9509830663767946,0.0014430567895602976
6.553543941772688e-05,1.9529054286801988,0.0015949660488086817
6.237642837518209e-05,1.5307840810822841,0.0013220482115883405
8.976173954513354e-05,1.645112676038897,0.0011962511998047274
3.643523149254927e-05,1.6513763320601242,0.0014560005366055573
8.853427046781893e-05,1.3785146267138124,0.0011820850037403854
4.700643766336116e-05,2.049652838344198,0.0016423498080623963
6.15303713516111e-05,1.5884517548248376,0.0011049130163250393
4.5626947368348205e-05,1.866055836884733,0.001343806269047177
5.0003217310566184e-05,1.775659614783395,0.0012968649323119874
4.779687517644878e-05,1.8442352884585782,0.0013413091797868154
7.848822343136008e-05,1.9366969689198623,0.0012321164520193014
6.436764834273143e-05,1.7551782624014045,0.0014885112470267932
8.476541529220799e-05,1.4967151447592635,0.0011156353354977704
6.251762881645564e-05,1.7866713831978491,0.0013117184476428739
5.156722081988469e-05,1.7323870756905508,0.001273691483044988
6.127177600351332e-05,1.6150046120827448,0.0011468853884796341
6.128549737618572e-05,1.8132737963227434,0.001360674378557368
7.702510420982868e-05,1.642918633420078,0.001348870942437642
8.198608160550095e-05,1.5614570390435094,0.001325703648672632
3.4890506012963274e-05,1.6790691000962104,0.001426247237175328
5.155168368540979e-05,2.1184664929147097,0.0014523125043240871
7.307141310111379e-05,1.5507477783047394,0.001147008449766341
3.867518854249587e-05,1.685005123489026,0.001387865414066379
8.319796720166196e-05,1.4111060171576573,0.0011223762841467322
0.00010316294692797002,1.4133631492039662,0.0013860565882786195
7.222161640266078e-05,1.894574869052319,0.0012938058158402299
7.919998886145007e-05,1.3101731090520352,0.001247075438018403
6.267732390103204e-05,1.9113401023264494,0.0011850723661532938
6.335024237510895e-05,1.9572358915524923,0.0016418331271560193
4.061329622383247e-05,2.0393773496986225,0.001438570796195816
5.892096831444579e-05,1.66593239132394,0.0012119919005303419
8.543202098912486e-05,1.7215663502103162,0.0013020306578636984
7.494102034305248e-05,1.5070323831099193,0.001393107667604018
7.687080009139463e-05,1.421610791846655,0.0012030685566942637
6.407466182313155e-05,1.770536680387379,0.0013247222148887912
6.693458501623906e-05,1.5093526021615389,0.0010620948813076082
5.760579462582126e-05,1.7539253208268475,0.0015167414665802346
9.768013193288127e-05,1.6166319279116432,0.0013876775905277737
5.730561302217723e-05,2.139989958464664,0.0017804259768289753
5.5598657254272856e-05,2.0561015356701478,0.0014275025969222748
0.00010426561344195125,1.4344906560927735,0.0011334326580740182
6.678197065894329e-05,2.070363882320561,0.0012082007301796114
7.161206387214606e-05,1.629391992128608,0.0013407040583904835
4.820856034952298e-05,1.826068683356028,0.0014099427242889285
7.232891772411011e-05,1.6302022418686166,0.0015147827050816232
7.278393799673023e-05,1.43873904070175,0.0011780950648269388
7.693930038778729e-05,1.389789882781494,0.0010855995773861509
7.898849057370923e-05,1.6342652836035734,0.0013216179052890095
6.628664806163212e-05,1.4509216005537742,0.0012350953053729859
5.448731230797504e-05,1.8127980782611712,0.001335880972530427
6.752019558322054e-05,1.8493683082815384,0.0014559454019660747
7.788199827632953e-05,1.5762921609660447,0.0015489029124000013
3.478307400807435e-05,1.7228231291674554,0.0013513957821578893
6.756167500871858e-05,1.6379398432305652,0.001324785975235355
3.7100644755735896e-05,1.9220695576522786,0.0014320467781445145
7.574938444418166e-05,1.9750117390679198,0.001558800828453901
6.172813764474864e-05,1.7038239642789432,0.0011736105641099526
2.9146912661823074e-05,1.8165590516301324,0.0014526703972762769
8.42900972790552e-05,1.9395702457608153,0.0015718498503629673
7.16565779416644e-05,1.4866967223296366,0.0013500014527894533
6.138799328401617e-05,1.6814311477507151,0.001328637332521691
6.707399042226479e-05,1.4462735389588062,0.0011357550650237496
6.73802012877644e-05,1.4110698127599868,0.0012483741229973166
7.246856545271251e-05,1.8541334309948978,0.0014566012679719555
