replication,initialization,null_loglik,alternative_loglik,lr,theta_null,kappa_null,sigma_null,theta_alt,kappa_alt,sigma_alt,lambda_alt,alternative_converged,alternative_gradient_norm,ifm_loglik,ifm_theta,ifm_tau,ifm_kappa,ifm_lambda,ifm_converged,ifm_gradient_norm,fit_failed
0,stationary_initial,201539.7419399178,201539.74193991785,1.1641532182693481e-10,-0.00018797268726857396,2.5824863793352772,0.001301066211517111,-0.00018797268727197144,2.5824863793352772,0.0013010662115171111,0.0,True,0.7121347100607278,201539.15526267068,-0.00013489787859201507,0.0005849959047502668,2.4733444634758004,1.522997974471263e-08,True,3.55271366094897e-07,False
1,stationary_initial,201673.05376841713,201673.05376841713,0.0,-0.0001256049305701092,2.8301823322994433,0.0012947016708317203,-0.0001256051635868048,2.8301823322994433,0.0012947016708317201,0.0,True,0.44404853834603913,201672.86544702176,-0.00010008356731822866,0.0005362288963434099,2.9148437162474203,1.522997974471263e-08,True,0.0,False
2,stationary_initial,201484.92524695242,201484.92524695242,0.0,-3.1334964612436885e-05,2.960377852770715,0.001304775135424141,-3.1335264974174876e-05,2.9603778527724867,0.001304775135424922,0.0,True,0.15699426231437175,201484.26472751098,-8.363484552431124e-05,0.0005437003127074055,2.8796911805095373,1.522997974471263e-08,True,1.7763568501960078e-07,False
3,stationary_initial,201854.36192949314,201854.36192949314,0.0,-5.9008937455435614e-05,2.903047800775426,0.0012855081080186985,-5.9009168380968975e-05,2.903047800775426,0.0012855081080186982,0.0,True,0.6806702809507735,201854.32956382973,-6.22910658406702e-05,0.0005277098717361469,2.967085322034994,1.522997974471263e-08,True,3.5527137003920156e-07,False
4,stationary_initial,201484.03091761225,201484.03091761225,0.0,-2.3812547606919068e-05,3.0083236203524497,0.0013049300538371877,-2.381266755000455e-05,3.008323620351757,0.0013049300538368874,0.0,True,0.522022433086215,201483.68243047054,-3.5251970370339155e-06,0.0005156717404510174,3.2019100922521235,1.522997974471263e-08,True,3.5527137003920156e-07,False
5,stationary_initial,201533.33702287896,201533.337022879,5.820766091346741e-11,-4.1278914950375995e-05,3.276563671119335,0.001302963385128915,-4.1279212920163775e-05,3.276563671119335,0.0013029633851295431,0.0,True,0.673805375016133,201532.99419986838,-7.527463925193773e-05,0.0005138361985029397,3.215123139583072,1.522997974471263e-08,True,1.7763568501960078e-07,False
6,stationary_initial,201509.7654924921,201509.7654924921,0.0,-3.2837543360257285e-05,2.43981195907981,0.0013023055194141514,-3.2837543360257285e-05,2.43981195907981,0.0013023055194141514,0.0,True,0.6872383572064488,201509.56435948153,-6.737976202913327e-05,0.0005839317770121686,2.4870160444333926,1.522997974471263e-08,True,1.776356830474485e-07,False
7,stationary_initial,201716.85408276902,201716.85408276902,0.0,-4.9898851708246785e-06,2.8095833078495858,0.0012923892544867983,-4.9902674497679026e-06,2.8095833078495858,0.0012923892544878678,0.0,True,0.6854552523336448,201716.78224882315,1.0716975051213878e-05,0.0005503109687368421,2.7576757995132333,1.522997974471263e-08,True,1.7763568501960078e-07,False
8,stationary_initial,201594.53311690767,201594.53311690767,0.0,-3.810623793735105e-05,2.602176119588324,0.0012982621013237418,-3.810623793735105e-05,2.602176119588324,0.0012982621013237418,0.0,True,0.598434194412967,201593.85238338666,-6.3258425229292e-05,0.0005411909308851902,2.877509378388829,1.522997974471263e-08,True,1.7763568501960078e-07,False
9,stationary_initial,201795.20606592632,201795.20606592632,0.0,1.8548505071469412e-05,2.613227734064881,0.001287907406736586,1.8548212911773077e-05,2.613227734064881,0.0012879074067356502,0.0,True,0.5965805665271451,201795.11915836882,1.643814364504975e-06,0.0005563148573209857,2.6797897373551645,1.522997974471263e-08,True,0.0,False
10,stationary_initial,201636.52114632993,201636.52114632993,0.0,-0.00010228505410437793,2.645587511571828,0.0012961808616032122,-0.000102285057361634,2.645587511571849,0.0012961808616032122,0.0,True,0.6843251337151095,201635.45076284467,-4.927339632064252e-05,0.000536276203708863,2.9211976567465734,1.522997974471263e-08,True,0.0,False
11,stationary_initial,201596.51326530054,201596.51326530054,0.0,5.0566292379195355e-05,2.5395243358186304,0.0012980185017314333,5.0566126215659245e-05,2.539524335817505,0.0012980185017320081,0.0,True,0.6860538833691504,201595.90899334682,5.125538355800884e-05,0.0005465779526841537,2.8199924095264106,1.522997974471263e-08,True,0.0,False
12,stationary_initial,201673.46070238168,201673.46070238174,1.1641532182693481e-10,2.431900860380716e-05,2.9565246625059483,0.001294963657472578,2.4318752353455292e-05,2.9565246625074395,0.001294963657473884,0.0,True,0.6265571231991908,201673.25180715555,-3.504294146790278e-06,0.0005386785091551235,2.889572466916015,1.522997974471263e-08,True,0.0,False
13,stationary_initial,201694.1091758647,201694.10917586475,1.1641532182693481e-10,-5.770574529208284e-05,2.792863299463984,0.0012935281733822933,-5.770591452702308e-05,2.792863299462948,0.001293528173381813,0.0,True,0.6363770003659424,201693.5294347077,-4.333737824621364e-06,0.0005493539199705861,2.772285511094771,1.522997974471263e-08,True,1.7763568501960078e-07,False
14,stationary_initial,201503.96453252324,201503.96453252327,5.820766091346741e-11,-5.244011514873041e-05,2.909312807363604,0.0013036666457139005,-5.2440435384571114e-05,2.909312807363604,0.0013036666457139,0.0,True,0.6563626137288296,201503.88836299223,-7.067547583178108e-05,0.0005426820028829584,2.885460520738948,1.522997974471263e-08,True,0.0,False
15,stationary_initial,201686.86195395488,201686.86195395488,0.0,-3.713606431996015e-05,3.1110720889751216,0.001294615772487412,-3.713606431996015e-05,3.1110720889751216,0.001294615772487412,0.0,True,0.5211514862583381,201686.52833813193,-7.303679184556759e-05,0.000515759769510014,3.150420090804339,1.522997974471263e-08,True,1.7763568501960078e-07,False
16,stationary_initial,201766.59783906006,201766.59783906006,0.0,-5.584366934131251e-05,2.7402513832309716,0.0012896655342172362,-5.584415302885033e-05,2.7402513832309716,0.0012896655342172357,0.0,True,0.6580714678242169,201766.3577758673,-2.135835106743691e-05,0.0005538924717467836,2.710703272351875,1.522997974471263e-08,True,1.776356830474485e-07,False
17,stationary_initial,201818.08570928624,201818.0857092863,1.1641532182693481e-10,-5.7167325065358335e-05,3.246805434240856,0.0012881405975086722,-5.716758049051371e-05,3.2468054342435266,0.0012881405975092017,0.0,True,0.6519609824917378,201817.97267819155,-5.7658213038337604e-05,0.0005157181499287692,3.1194381888056757,1.522997974471263e-08,True,0.0,False
18,stationary_initial,201492.51592784387,201492.51592784387,0.0,-2.4977915017858427e-05,2.5405901780787343,0.0013034317717703,-2.497805723193292e-05,2.5405901780787343,0.0013034317717703,0.0,True,0.7015582810685471,201492.3276967358,-5.816502339024247e-05,0.0005750746398448264,2.5686484359405335,1.522997974471263e-08,True,0.0,False
19,stationary_initial,201712.80427348125,201712.80427348125,0.0,-2.8175942389850577e-05,2.7151100679835176,0.0012923873168251623,-2.817594242883751e-05,2.715110067983517,0.0012923873168251623,0.0,True,0.7118968567149554,201712.75555059666,-1.4339438894985277e-05,0.0005506526124421477,2.7542375692157224,1.522997974471263e-08,True,0.0,False
20,stationary_initial,201719.86828414255,201719.86828414255,0.0,-4.789066367465056e-05,2.534548319389471,0.0012916184674348558,-4.789066367465056e-05,2.534548319389471,0.0012916184674348558,0.0,True,0.7049250097522779,201719.86092194184,-4.375747398979663e-05,0.000571088462064367,2.5575955248303543,1.522997974471263e-08,True,0.0,False
21,stationary_initial,201599.19277315243,201599.19277315243,0.0,-3.1623816553190583e-06,2.7473925059499424,0.001298346419752463,-3.1623816553190583e-06,2.7473925059499424,0.001298346419752463,0.0,True,0.6361046838911133,201599.05020615715,7.790039465063814e-06,0.0005664032501303815,2.62727330772327,1.522997974471263e-08,True,0.0,False
22,stationary_initial,201558.90418717702,201558.90418717705,5.820766091346741e-11,-7.690975006869877e-05,2.8090026856029895,0.0013005791062508038,-7.691016761875249e-05,2.8090026856029895,0.0013005791062508038,0.0,True,0.6471198730822548,201558.19043226782,-3.439987110160419e-05,0.0005698152371209466,2.604963734020884,1.522997974471263e-08,True,0.0,False
23,stationary_initial,201620.56034423408,201620.5603442341,5.820766091346741e-11,-0.00015088310639585492,2.559743445161229,0.0012968159463916076,-0.00015088312368947797,2.559743445161345,0.0012968159463916074,0.0,True,0.7221617113823834,201620.45525941296,-0.00012740817445370438,0.0005773518362593755,2.522606994343703,1.522997974471263e-08,True,3.55271366094897e-07,False
24,stationary_initial,201771.9537624214,201771.95376242144,5.820766091346741e-11,-6.496203690742717e-05,3.0862959751098655,0.0012901615178690757,-6.496222272955357e-05,3.0862959751088397,0.0012901615178690757,0.0,True,0.6389298051320893,201771.63667145645,-3.001666072783691e-05,0.0005230224923762967,3.042489079392805,1.522997974471263e-08,True,1.7763568501960078e-07,False
25,stationary_initial,201699.8840946654,201699.88409466547,1.1641532182693481e-10,-2.4445268860214766e-05,2.7556402323883953,0.0012931461052568302,-2.4445690381950322e-05,2.7556402323883953,0.00129314610525806,0.0,True,0.6822880077032499,201699.34210282174,-7.491412612059182e-05,0.0005437465738137746,2.8280760159872904,1.522997974471263e-08,True,1.7763568501960078e-07,False
26,stationary_initial,201675.34028584708,201675.34028584708,0.0,-4.677596505137308e-05,2.5854580504961624,0.00129403507412448,-4.677596505137308e-05,2.5854580504961624,0.00129403507412448,0.0,True,0.6904905120454471,201675.09157306544,-8.274636407824829e-05,0.0005631408351436172,2.6401988969743533,1.522997974471263e-08,True,1.776356830474485e-07,False
27,stationary_initial,201773.93958246923,201773.93958246926,5.820766091346741e-11,-9.05110227587435e-05,3.0129760287031764,0.0012898954171427712,-9.051125985204657e-05,3.012976028704516,0.001289895417142771,0.0,True,0.6939124889202589,201773.80762044404,-7.448411104361313e-05,0.0005341976544248513,2.915277935301481,1.522997974471263e-08,True,3.5527137003920156e-07,False
28,stationary_initial,201555.60669488384,201555.60669488387,5.820766091346741e-11,-0.00010742553960168387,2.4187822251309665,0.0012998724116820239,-0.00010742567169263437,2.4187822251319093,0.0012998724116820232,0.0,True,0.7351181020634867,201555.3707936484,-9.329880019075278e-05,0.0005727762456446193,2.575189760880494,1.522997974471263e-08,True,0.0,False
29,stationary_initial,201633.56186851484,201633.56186851484,0.0,-0.00012895561498056963,2.7122946024962693,0.0012964839738719783,-0.00012895561498056963,2.7122946024962693,0.0012964839738719783,0.0,True,0.661736447253119,201633.194463321,-8.739447111384429e-05,0.000563882342560071,2.6432635509362545,1.522997974471263e-08,True,1.776356830474485e-07,False
30,stationary_initial,201733.46541353117,201733.4654135312,5.820766091346741e-11,-6.078304070309694e-05,3.186775572941094,0.0012923739036709624,-6.078317026833368e-05,3.186775572941094,0.001292373903671244,0.0,True,0.6469420636861507,201733.3515446498,-5.119394607521963e-05,0.0005212085173392384,3.0741701414033895,1.522997974471263e-08,True,3.5527137003920156e-07,False
31,stationary_initial,201756.59696190027,201756.5969619003,5.820766091346741e-11,-0.00011782352845812382,2.4740602196082997,0.0012895872437857735,-0.00011782352847079666,2.4740602196082997,0.0012895872437857737,0.0,True,0.6937149550967795,201756.45897685882,-8.93058034975789e-05,0.0005832977803108066,2.443970170071833,1.522997974471263e-08,True,0.0,False
32,stationary_initial,201539.9489146325,201539.9489146325,0.0,-1.945154030514755e-05,2.7013027753435255,0.0013013230266491226,-1.945154030514755e-05,2.7013027753435255,0.0013013230266491226,0.0,True,0.5068526981300528,201539.79061062436,-4.559031014279256e-05,0.0005535100699441654,2.7637238163331483,1.522997974471263e-08,True,1.7763568501960078e-07,False
33,stationary_initial,201720.60190780598,201720.60190780598,0.0,-7.484330906427947e-05,2.9639237957423905,0.0012925406589651314,-7.484356937285766e-05,2.9639237957423905,0.0012925406589651314,0.0,True,0.669254524084658,201720.567476799,-6.275310571065418e-05,0.0005297968104566153,2.9760532500921824,1.522997974471263e-08,True,1.7763568501960078e-07,False
34,stationary_initial,201583.11636900922,201583.11636900922,0.0,-0.0001000414751161865,2.4931191469865297,0.0012986099434727475,-0.00010004179964764615,2.4931191469887772,0.0012986099434739186,0.0,True,0.6382643774934882,201582.90246372533,-6.886689382229514e-05,0.0005720743083559533,2.5764983074452275,1.522997974471263e-08,True,0.0,False
35,stationary_initial,201630.512537668,201630.512537668,0.0,4.965714314790848e-05,2.9682541382110257,0.001297216547215113,4.965714314790848e-05,2.9682541382110257,0.001297216547215113,0.0,True,0.6680142715896341,201630.25240985837,3.3331802215755945e-05,0.0005474289553866703,2.8076937656100913,1.522997974471263e-08,True,1.7763568501960078e-07,False
36,stationary_initial,201627.97789982083,201627.97789982086,5.820766091346741e-11,-3.2903978399221734e-05,2.6412860139717194,0.0012966142276328726,-3.290397840556149e-05,2.6412860139717194,0.0012966142276328726,0.0,True,0.6696499394057824,201627.71310284597,-5.901553307098894e-06,0.0005779114556974532,2.516975130881917,1.522997974471263e-08,True,1.776356830474485e-07,False
37,stationary_initial,201588.21269031972,201588.21269031978,1.1641532182693481e-10,-5.127706837704947e-06,2.762307063146663,0.001298950309518477,-5.127875912874374e-06,2.762307063145606,0.001298950309518974,0.0,True,0.6565160903212347,201587.8221772712,-4.797517419672926e-05,0.0005588656938997428,2.701183772370292,1.522997974471263e-08,True,1.776356830474485e-07,False
38,stationary_initial,201627.64986879547,201627.6498687955,5.820766091346741e-11,-9.633592418532966e-05,2.7698908908458244,0.0012969198684023974,-9.633610019009572e-05,2.7698908908458244,0.0012969198684023978,0.0,True,0.7160943879020368,201627.32554305127,-0.00013444620776782254,0.000544238278439478,2.8394166725554584,1.522997974471263e-08,True,1.7763568501960078e-07,False
39,stationary_initial,201810.84883426747,201810.84883426747,0.0,-7.41538033829821e-05,2.8755443510006686,0.001287686232158702,-7.41538033829821e-05,2.8755443510006686,0.001287686232158702,0.0,True,0.6721048657090324,201810.70862905556,-8.964774902443131e-05,0.0005471392298138031,2.7694892750673343,1.522997974471263e-08,True,3.5527137003920156e-07,False
40,stationary_initial,201479.21431405435,201479.21431405435,0.0,-6.790958342554456e-05,2.8095174878190137,0.001304732602390263,-6.790958342554456e-05,2.8095174878190137,0.001304732602390263,0.0,True,0.6248161139821192,201479.2083580106,-6.322615272172839e-05,0.0005518005528962876,2.795433089926812,1.522997974471263e-08,True,0.0,False
41,stationary_initial,201637.75172830225,201637.7517283023,1.1641532182693481e-10,-3.5556711201789474e-05,2.4124007100571165,0.0012955939846660178,-3.555696688200148e-05,2.4124007100571165,0.001295593984666018,0.0,True,0.7200448260514185,201637.726358687,-4.1559038906758166e-05,0.0005841038639365427,2.4599618873712203,1.522997974471263e-08,True,0.0,False
42,stationary_initial,201719.58790108562,201719.58790108567,1.1641532182693481e-10,-0.00018546640580817216,2.9034616565937132,0.0012924578714075489,-0.0001854665886225737,2.9034616565937137,0.0012924578714075493,0.0,True,0.622498147664975,201718.51919477482,-0.00012161674185869967,0.0005223443462024072,3.0614424344635807,1.522997974471263e-08,True,0.0,False
43,stationary_initial,201456.47727477425,201456.47727477428,5.820766091346741e-11,-0.00010908361971868851,2.6942672131387733,0.001305659332699863,-0.00010908392329277638,2.6942672131387733,0.0013056593326998625,0.0,True,0.6011488236246679,201455.72042144692,-6.96595977490574e-05,0.0005378068631684597,2.94715479317433,1.522997974471263e-08,True,0.0,False
44,stationary_initial,201724.38326202938,201724.38326202947,1.7462298274040222e-10,-6.226940709876865e-05,3.2443717789584583,0.0012929722915098899,-6.226965947673464e-05,3.2443717789611255,0.0012929722915098903,0.0,True,0.5871012212559612,201724.01016142598,-5.38632357984885e-05,0.0005258872119235109,3.0225801734888544,1.522997974471263e-08,True,1.7763568501960078e-07,False
45,stationary_initial,201545.14407406427,201545.14407406433,1.1641532182693481e-10,-3.108366357866917e-05,2.738505705732197,0.001301136402615581,-3.108366658553613e-05,2.7385057057321784,0.0013011364026155714,0.0,True,0.6626370608214663,201545.0499168516,-1.0940975367868188e-05,0.0005514030816591821,2.7840713952376457,1.522997974471263e-08,True,0.0,False
46,stationary_initial,201575.79545275978,201575.7954527598,5.820766091346741e-11,-6.602982495362257e-05,2.9004796565958313,0.0012999064111484818,-6.603008912667814e-05,2.900479656598991,0.001299906411149898,0.0,True,0.6593978747250153,201575.61525799177,-5.032023007832994e-05,0.0005519597994085597,2.7732328123401664,1.522997974471263e-08,True,1.7763568501960078e-07,False
47,stationary_initial,201448.49185748037,201448.4918574804,5.820766091346741e-11,-6.014421879108707e-05,2.4019015531949783,0.0013054156336997878,-6.014439553465781e-05,2.401901553193696,0.0013054156336990905,0.0,True,0.7030800853400113,201448.30423291694,-7.639343469575811e-05,0.0005798974182780551,2.5337947084873726,1.522997974471263e-08,True,0.0,False
48,stationary_initial,201630.66377736925,201630.66377736928,5.820766091346741e-11,-0.0001094435815578557,2.9535298152217178,0.001297175653048556,-0.0001094438129073817,2.9535298152230656,0.0012971756530491486,0.0,True,0.39527635430060515,201630.47546521603,-8.632046023782543e-05,0.000525094175926361,3.0514017189023246,1.5229991984788938e-08,True,1.7763568501960078e-07,False
49,stationary_initial,201406.12890234028,201406.12890234028,0.0,-0.00011500613324701725,2.939372899281231,0.0013088465160989396,-0.00011500624778339165,2.939372899281231,0.0013088465160986363,0.0,True,0.6652575434788893,201404.93535805214,-4.463870859472579e-05,0.0005287137764616109,3.0644178837533755,1.522997974471263e-08,True,3.5527137003920156e-07,False
50,stationary_initial,201827.20885861103,201827.20885861103,0.0,-4.331658047627334e-05,2.808261122774542,0.0012866940301209091,-4.331658047627334e-05,2.808261122774542,0.0012866940301209091,0.0,True,0.26491379122717545,201826.7976599041,-8.201471448509941e-05,0.0005541143857931591,2.6961054706732526,1.5229992672576422e-08,True,1.776356830474485e-07,False
51,stationary_initial,201757.65074407414,201757.65074407414,0.0,-5.438732459200445e-06,2.9127043483512693,0.0012905122219295725,-5.439031470379922e-06,2.9127043483512693,0.0012905122219295725,0.0,True,0.7064260336764632,201757.21981613318,-4.9111904988605666e-05,0.0005314557617743875,2.948323798375449,1.522997974471263e-08,True,1.7763568501960078e-07,False
52,stationary_initial,201470.96467306186,201470.9646730619,1.1641532182693481e-10,-7.441201982341155e-05,2.99779536300361,0.0013055884723941781,-7.441227203929333e-05,2.9977953630050784,0.0013055884723941781,0.0,True,0.7038034209294854,201470.95087164044,-8.161171519989962e-05,0.0005346578737890559,2.9814753974416686,1.522997974471263e-08,True,1.7763568501960078e-07,False
53,stationary_initial,201561.6934388718,201561.6934388718,0.0,-2.812239638055055e-05,2.7371078723815523,0.001300272222901047,-2.8122448033951183e-05,2.7371078723815523,0.001300272222900892,0.0,True,0.5695310940311056,201561.6232766943,-4.501538117961983e-05,0.0005513023126613038,2.78138600996172,1.522997974471263e-08,True,1.7763568501960078e-07,False
54,stationary_initial,201361.29896059478,201361.29896059478,0.0,-2.995071752663384e-05,2.696185682088077,0.00131064397687317,-2.995071752663384e-05,2.696185682088077,0.00131064397687317,0.0,True,0.6508104319264532,201361.27140070207,-4.085243754884433e-05,0.0005616238561600021,2.7230100462569053,1.522997974471263e-08,True,1.7763568501960078e-07,False
55,stationary_initial,201570.07540220988,201570.0754022099,5.820766091346741e-11,-4.189173238284241e-05,2.586080954340138,0.001299496620457014,-4.1892063708732664e-05,2.5860809543423575,0.0012994966204581285,0.0,True,0.6897488832312696,201569.32813042184,-9.514188352969319e-05,0.0005522707109680002,2.7684835916492525,1.522997974471263e-08,True,0.0,False
56,stationary_initial,201558.95012914675,201558.95012914675,0.0,7.085211295587941e-05,2.5673594324558477,0.001300032910167204,7.085211295587941e-05,2.5673594324558477,0.001300032910167204,0.0,True,0.711298755720196,201557.48446842533,-2.1088117779654026e-05,0.0005665459011656714,2.633055472497187,1.522997974471263e-08,True,1.776356830474485e-07,False
57,stationary_initial,201677.39646881423,201677.39646881423,0.0,-6.794403897554721e-05,2.699030475378824,0.0012941830219042087,-6.794403904766427e-05,2.699030475378824,0.0012941830219042093,0.0,True,0.5734355262591749,201677.2809670333,-4.32419382200061e-05,0.0005563815965892126,2.705327588561831,1.522997974471263e-08,True,1.776356830474485e-07,False
58,stationary_initial,201534.90967786044,201534.90967786047,5.820766091346741e-11,-6.4714198120617215e-06,3.0171050281185523,0.0013022968102602375,-6.471450525548008e-06,3.017105028118376,0.001302296810260161,0.0,True,0.6795728487697137,201534.47172561378,1.5919477961116657e-05,0.000549033267485193,2.8132570653198976,1.522997974471263e-08,True,3.5527137003920156e-07,False
59,stationary_initial,201843.49716972114,201843.49716972126,2.3283064365386963e-10,-5.402063130093059e-05,2.928488539251425,0.0012861235113931313,-5.402063312175132e-05,2.9284885392514046,0.0012861235113931216,0.0,True,0.6494593370286321,201842.2873344627,1.3790308351177545e-05,0.0005455355854612489,2.7792828105226186,1.522997974471263e-08,True,0.0,False
60,stationary_initial,201756.99257672072,201756.99257672072,0.0,3.4266331945674866e-05,2.8967913630662516,0.0012905106641058473,3.426601018839634e-05,2.8967913630662516,0.0012905106641058468,0.0,True,0.669038163240937,201756.65997488837,-4.7325344999740615e-06,0.0005361262654446375,2.8971484850963023,1.522997974471263e-08,True,0.0,False
61,stationary_initial,201622.88663560044,201622.88663560047,5.820766091346741e-11,-7.63093081961057e-05,2.5007834009284737,0.0012965629453277096,-7.630931067101897e-05,2.5007834009284737,0.0012965629453277096,0.0,True,0.6062439474019635,201622.8356244071,-6.235900806021358e-05,0.0005852818705833631,2.4537439990918655,1.522997974471263e-08,True,1.776356830474485e-07,False
62,stationary_initial,201626.33493804428,201626.33493804428,0.0,-0.00010776635271989302,2.416050644644804,0.0012961939713807165,-0.00010776696155363676,2.416050644653482,0.0012961939713853716,0.0,True,0.6883972523499435,201625.66286129536,-7.085011415204363e-05,0.0005624878300700498,2.6552568443121705,1.522997974471263e-08,True,0.0,False
63,stationary_initial,201728.39468817672,201728.39468817675,5.820766091346741e-11,-5.9587277964529815e-05,2.713495137250328,0.0012915780040823313,-5.9587698620182304e-05,2.7134951372529765,0.001291578004083592,0.0,True,0.7006638859825534,201728.3389243962,-4.837314536385399e-05,0.0005480300248224568,2.777181936313334,1.522997974471263e-08,True,1.7763568501960078e-07,False
64,stationary_initial,201574.202041933,201574.20204193302,5.820766091346741e-11,-1.968649425966558e-05,2.5006775856479884,0.001299090073049397,-1.9686752153925007e-05,2.5006775856479884,0.0012990900730475458,0.0,True,0.7051939503439362,201573.73698676602,-7.308603864360891e-05,0.0005777173003640133,2.52833175962992,1.522997974471263e-08,True,1.776356830474485e-07,False
65,stationary_initial,201318.33872169518,201318.3387216952,5.820766091346741e-11,-8.13375326844861e-05,2.729511342553377,0.0013129738603288733,-8.133756163163142e-05,2.729511342553377,0.001312973860328873,0.0,True,0.6922132241168398,201318.19974729014,-8.490363553375886e-05,0.0005486175831288003,2.86382851060278,1.522997974471263e-08,True,1.7763568501960078e-07,False
66,stationary_initial,201711.93454410078,201711.9345441008,5.820766091346741e-11,-6.245116765948839e-05,2.6490211307717657,0.0012922844567216465,-6.245132888300674e-05,2.6490211307707265,0.0012922844567211389,0.0,True,0.6609280272028825,201711.77062648407,-8.83864647904646e-05,0.000553962299898911,2.7210168835806403,1.522997974471263e-08,True,1.7763568501960078e-07,False
67,stationary_initial,201463.04047617488,201463.04047617488,0.0,-2.070850305972341e-05,2.8163168256318287,0.0013055923383158163,-2.0708826509464553e-05,2.816316825629822,0.0013055923383158167,0.0,True,0.6233856143922303,201462.82204311978,6.866039995559729e-06,0.0005591425778476644,2.7261397037676045,1.522997974471263e-08,True,1.7763568501960078e-07,False
68,stationary_initial,201705.3050809165,201705.3050809165,0.0,-1.0546196377489094e-05,2.8455783567900785,0.001293066963260886,-1.054634990086562e-05,2.8455783567900785,0.001293066963260886,0.0,True,0.6339890442651007,201704.9219793115,-5.309854935621806e-05,0.0005402926867415219,2.8639631155647303,1.522997974471263e-08,True,1.7763568501960078e-07,False
69,stationary_initial,201836.92538458234,201836.92538458234,0.0,-5.9109246276380344e-05,2.3562576970897684,0.0012851881368526493,-5.910955371610637e-05,2.3562576970897684,0.001285188136852649,0.0,True,0.5378574058609331,201836.90387063575,-6.740845418194561e-05,0.0005876089023127678,2.3918134070352077,1.522998703306522e-08,True,0.0,False
70,stationary_initial,201601.24411110175,201601.24411110175,0.0,-1.0203255494183951e-06,2.8796318383649817,0.001298537006395788,-1.020511633690028e-06,2.8796318383649817,0.0012985370063952847,0.0,True,0.6858908157454139,201600.97677356473,-3.082362874212384e-05,0.0005316269151279649,2.9831405568061222,1.522997974471263e-08,True,1.7763568501960078e-07,False
71,stationary_initial,201725.61462266132,201725.61462266132,0.0,-0.00012189704956883874,2.4901369824349273,0.0012912223470126015,-0.0001218972050079165,2.4901369824349273,0.0012912223470126015,0.0,True,0.6982853434607245,201725.23805216321,-7.927891385800496e-05,0.0005900618037082757,2.3943677638777996,1.522997974471263e-08,True,3.55271366094897e-07,False
72,stationary_initial,201496.12164872207,201496.1216487221,5.820766091346741e-11,7.013770693529391e-06,2.5831961201897276,0.001303339909771138,7.013604485747143e-06,2.5831961201908427,0.0013033399097705756,0.0,True,0.7255879482919053,201495.42018433375,-5.661978128481679e-05,0.000577442430147745,2.5473761848234306,1.522997974471263e-08,True,0.0,False
73,stationary_initial,201444.4042270452,201444.4042270452,0.0,-8.159795778906145e-05,2.7688592763454922,0.0013064586572396695,-8.159795778906145e-05,2.7688592763454922,0.0013064586572396695,0.0,True,0.6664080888130532,201444.40231823205,-7.971843573487957e-05,0.0005564271848237866,2.7564160711570502,1.522997974471263e-08,True,1.7763568501960078e-07,False
74,stationary_initial,201669.73695932273,201669.73695932273,0.0,4.702038472489137e-05,2.935938644439736,0.0012951104265826914,4.7020354280980374e-05,2.935938644439558,0.0012951104265826133,0.0,True,0.6530973155817169,201669.2434941526,1.762441001037602e-07,0.0005323335700382277,2.9596011432674065,1.522997974471263e-08,True,0.0,False
75,stationary_initial,201591.61530715472,201591.61530715472,0.0,-9.668197235181135e-05,2.5649285900012884,0.0012983299241833017,-9.668235633149924e-05,2.5649285900012884,0.0012983299241833017,0.0,True,0.6876305775618492,201591.2065546063,-5.3242870099897896e-05,0.000561870475812519,2.6698177680970945,1.522997974471263e-08,True,1.776356830474485e-07,False
76,stationary_initial,201393.57762187533,201393.57762187533,0.0,-8.573020385682844e-05,2.8737214494865415,0.0013093550447134477,-8.573052324958916e-05,2.8737214494865415,0.0013093550447143356,0.0,True,0.6821574461429868,201393.35750209866,-0.00010194109754595937,0.0005603902141243719,2.7296832543776692,1.522997974471263e-08,True,1.7763568501960078e-07,False
77,stationary_initial,201565.19298185696,201565.19298185708,2.3283064365386963e-10,-5.581980366506274e-05,2.2644398103177075,0.0012990268847092733,-5.581980367623512e-05,2.2644398103177075,0.0012990268847092729,0.0,True,0.5693914697862591,201565.11415970532,-6.993060333956867e-05,0.0006005098069098977,2.3397444575168915,1.522997974471263e-08,True,3.55271366094897e-07,False
78,stationary_initial,201789.10725065484,201789.1072506549,1.1641532182693481e-10,-8.163823627141557e-05,2.9571894322524614,0.0012889886507999801,-8.163841569955191e-05,2.9571894322514316,0.0012889886507995317,0.0,True,0.6913630613306306,201789.07759586675,-7.32722517375752e-05,0.0005261689973234009,3.0006711410415727,1.522997974471263e-08,True,0.0,False
79,stationary_initial,201750.82619823536,201750.82619823536,0.0,3.9097978448132515e-05,2.603921656384461,0.001290174941855005,3.909755947958005e-05,2.6039216563872025,0.0012901749418550055,0.0,True,0.6967797036207314,201750.17664300703,-2.1470430291403548e-05,0.0005641571715555381,2.615109904008717,1.522997974471263e-08,True,1.776356830474485e-07,False
80,stationary_initial,201861.26651439373,201861.26651439373,0.0,-3.858600638785031e-05,2.2961735418931246,0.0012838038650439052,-3.858661460407732e-05,2.2961735418976152,0.001283803865043905,0.0,True,0.7244221239361317,201861.204039276,-5.534365320787055e-05,0.0005926063602694064,2.3465874215973908,1.522997974471263e-08,True,1.776356830474485e-07,False
81,stationary_initial,201470.86569987764,201470.86569987764,0.0,-6.62970941200617e-05,3.078502846534715,0.0013057759466655991,-6.629727935053314e-05,3.0785028465347146,0.0013057759466655991,0.0,True,0.6198675420408506,201470.4617511534,-0.00010399642141986809,0.0005342505677222805,2.986979473437693,1.522997974471263e-08,True,1.7763568501960078e-07,False
82,stationary_initial,201659.36425615757,201659.36425615763,1.1641532182693481e-10,-2.930973629759564e-05,2.997611469340771,0.0012957861470961952,-2.9309736297656163e-05,2.997611469340771,0.0012957861470961958,0.0,True,0.7054755063807425,201659.2086899058,-4.750885388428347e-06,0.0005251439992789042,3.0442833470245088,1.522997974471263e-08,True,1.7763568501960078e-07,False
83,stationary_initial,201568.23924162245,201568.23924162245,0.0,-8.781550097725741e-05,2.9159197301644335,0.0013003341037778648,-8.781563307002545e-05,2.915919730163651,0.0013003341037775154,0.0,True,0.5861446501084603,201568.18946204847,-7.602619127718438e-05,0.0005337587207332359,2.9675045749481677,1.522997974471263e-08,True,0.0,False
84,stationary_initial,201459.57649518558,201459.57649518558,0.0,-0.00011431196979210411,2.9759934130790873,0.0013061340708342972,-0.00011431196979210411,2.9759934130790873,0.0013061340708342972,0.0,True,0.618974388955036,201459.3882934823,-8.708588318742738e-05,0.0005402391176354618,2.922673721620608,1.522997974471263e-08,True,1.7763568501960078e-07,False
85,stationary_initial,201698.17632634938,201698.17632634938,0.0,-2.5998351218342045e-05,2.6716339204108737,0.0012930464392198954,-2.599859033019416e-05,2.6716339204108737,0.0012930464392198952,0.0,True,0.40319090908533045,201698.0339778277,-5.17602297390813e-05,0.0005645189180653844,2.623290801845819,1.522999643054027e-08,True,0.0,False
86,stationary_initial,201499.04012241858,201499.04012241864,1.1641532182693481e-10,-9.38583165875532e-05,3.0234201437719475,0.0013041809123037183,-9.385856850598187e-05,3.0234201437719475,0.001304180912304344,0.0,True,0.6458989848528317,201499.02645865097,-8.790688143036368e-05,0.0005327745104684365,2.9961217838150955,1.522997974471263e-08,True,0.0,False
87,stationary_initial,201366.71543477263,201366.7154347727,1.1641532182693481e-10,-5.752826615597755e-05,2.739876670166209,0.0013104591298968515,-5.7528586234007744e-05,2.7398766701703265,0.0013104591298978355,0.0,True,0.6817195733869608,201366.51177044565,-2.6135037514897967e-05,0.0005551396747691714,2.786245650473816,1.522997974471263e-08,True,0.0,False
88,stationary_initial,201732.91055079055,201732.91055079058,5.820766091346741e-11,-0.00012629162069464247,2.331920511231041,0.0012904920420024942,-0.0001262918630963936,2.3319205112292742,0.001290492042001517,0.0,True,0.6494005356081121,201732.7685821161,-0.00012539637210055464,0.0005819498845782549,2.458747715778624,1.522997974471263e-08,True,0.0,False
89,stationary_initial,201741.08646474185,201741.08646474185,0.0,-0.00014349138205214032,2.962857707032146,0.001291479625698688,-0.00014349168307733437,2.962857707032146,0.0012914796256994438,0.0,True,0.6035243477375205,201740.97385796692,-0.00012368854830617566,0.0005255406322918367,3.019509483421885,1.522997974471263e-08,True,1.7763568501960078e-07,False
90,stationary_initial,201532.5162602049,201532.51626020495,1.1641532182693481e-10,-3.169492196299859e-05,2.53889669129796,0.0013013441163217112,-3.169515033883918e-05,2.5388966912964057,0.0013013441163209148,0.0,True,0.6745578347789242,201532.35664731803,-4.006099767788686e-06,0.0005704804619097298,2.6018258777847447,1.522997974471263e-08,True,3.55271366094897e-07,False
91,stationary_initial,201625.18287926208,201625.18287926208,0.0,-4.043035136458696e-05,2.9211944790664437,0.0012973874849093578,-4.043035136458696e-05,2.9211944790664437,0.0012973874849093578,0.0,True,0.6607974660934511,201625.123866917,-4.323807929554282e-05,0.0005448796895933744,2.834724945393041,1.522997974471263e-08,True,0.0,False
92,stationary_initial,201485.42001791237,201485.42001791237,0.0,9.656406558756277e-05,2.3238814168645074,0.0013033127282995863,9.656345292279491e-05,2.3238814168645074,0.0013033127283021623,0.0,True,0.6347406174762712,201484.78790519567,4.4471795266372275e-05,0.0005833068474530436,2.4962883678211436,1.522997974471263e-08,True,1.776356830474485e-07,False
93,stationary_initial,201634.4729285064,201634.47292850644,5.820766091346741e-11,-3.172083032027658e-05,2.665894070855666,0.0012963326205921119,-3.1721003677865036e-05,2.665894070855666,0.0012963326205915674,0.0,True,0.6301094796940763,201634.2923035554,-5.7626158451219874e-06,0.0005526684895686409,2.7509295125041877,1.522997974471263e-08,True,0.0,False
94,stationary_initial,201430.08950409066,201430.08950409066,0.0,-0.00010472264614010693,2.575789349127213,0.0013067701995892866,-0.00010472281123852523,2.5757893491260937,0.0013067701995887193,0.0,True,0.5149345880110512,201429.68580615398,-6.0075965528285027e-05,0.0005658134866699988,2.6670785688219056,1.522997974471263e-08,True,1.776356830474485e-07,False
95,stationary_initial,201539.65121357172,201539.65121357178,1.1641532182693481e-10,-0.00014153712167363898,3.078260203985466,0.0013021875993349359,-0.00014153730855618444,3.0782602039854665,0.0013021875993353817,0.0,True,0.6146459412513835,201539.41149593503,-0.00012946597270896125,0.0005395250271917271,2.91274995894603,1.522997974471263e-08,True,1.7763568501960078e-07,False
96,stationary_initial,201702.54655922294,201702.54655922294,0.0,4.954555648869407e-05,2.9225718499423334,0.0012933819460963702,4.954552618783601e-05,2.9225718499425106,0.0012933819460962926,0.0,True,0.6861531843762982,201701.8089520671,-8.056145572621295e-06,0.0005333336111421255,2.940706254911422,1.522997974471263e-08,True,1.7763568501960078e-07,False
97,stationary_initial,201752.5438257798,201752.54382577984,5.820766091346741e-11,1.580956224010259e-05,2.630953185059471,0.0012901466647109545,1.5809504187114615e-05,2.6309531850587207,0.0012901466647109547,0.0,True,0.6270690673872177,201752.3825545418,-1.2813452402384127e-05,0.00056674934523557,2.591026700135877,1.522997974471263e-08,True,3.55271366094897e-07,False
98,stationary_initial,201732.36971774115,201732.3697177412,1.1641532182693481e-10,8.173852010765552e-05,2.386115919951017,0.00129064105814435,8.17382276111669e-05,2.386115919951017,0.0012906410581443495,0.0,True,0.7088988973634205,201731.51900771275,1.998513034439164e-05,0.0005692740475541396,2.570203842891277,1.522997974471263e-08,True,1.776356830474485e-07,False
0,empirical_segment_initial,201659.7406204453,201659.7406204453,0.0,-7.95077274093631e-05,2.6274717964081993,0.0012949369516913176,-7.950797314959783e-05,2.6274717964081993,0.0012949369516913176,0.0,True,0.6763468041915274,201659.45126205735,-4.153843847636962e-05,0.0005715907872526135,2.566299058309734,1.522997974471263e-08,True,0.0,False
1,empirical_segment_initial,201564.81762295734,201564.81762295734,0.0,-0.00015537322336401868,2.634320903378642,0.001299878479143594,-0.00015537322336401868,2.634320903378642,0.001299878479143594,0.0,True,0.6823446726027764,201563.54183387858,-7.389906820311941e-05,0.0005777931817109645,2.5309081265274807,1.522997974471263e-08,True,1.776356830474485e-07,False
2,empirical_segment_initial,201489.10133267433,201489.10133267433,0.0,-0.00010436753018511749,2.630389300509346,0.0013038124535864378,-0.00010436769051744513,2.630389300508286,0.0013038124535859124,0.0,True,0.688793203649395,201488.44513512688,-6.549220240954282e-05,0.0005923894890396495,2.42219833552927,1.522997974471263e-08,True,1.776356830474485e-07,False
3,empirical_segment_initial,201740.05084884865,201740.05084884868,5.820766091346741e-11,1.3599020122877787e-05,2.080305556954685,0.0012895615095424632,1.3598511664779838e-05,2.080305556954685,0.0012895615095424627,0.0,True,0.7000164015831386,201739.9926067226,2.1988193230162824e-05,0.0006217489494755847,2.1509290634734444,1.522997974471263e-08,True,3.55271366094897e-07,False
4,empirical_segment_initial,201552.28742914277,201552.2874291428,5.820766091346741e-11,-5.85570652397312e-05,2.4410251615107983,0.0013000950706026672,-5.855733125603277e-05,2.4410251615126857,0.0013000950706026665,0.0,True,0.6688106094188846,201551.64213089974,-1.0822271535580654e-05,0.0006108178027040528,2.2652725662897706,1.522997974471263e-08,True,1.776356830474485e-07,False
5,empirical_segment_initial,201610.00804679235,201610.00804679235,0.0,-1.4543405259087411e-05,2.9723486305083977,0.0012982901313711526,-1.4543831288785293e-05,2.9723486305083977,0.001298290131371153,0.0,True,0.6488502233476174,201609.33355189767,2.992688479113881e-06,0.0005588709158200203,2.698458912242593,1.522997974471263e-08,True,1.776356830474485e-07,False
6,empirical_segment_initial,201716.82407783836,201716.82407783842,1.1641532182693481e-10,-5.9118694921803795e-05,2.84895784277882,0.0012924788652963323,-5.911869819355802e-05,2.8489578427788,0.0012924788652963226,0.0,True,0.692326734442495,201716.3080432082,-3.1593578896121856e-05,0.0005623912803833957,2.6409427849840927,1.522997974471263e-08,True,0.0,False
7,empirical_segment_initial,201772.65366603585,201772.65366603585,0.0,-1.0554039720494134e-05,2.814993571941635,0.0012895199527473132,-1.0554208889690077e-05,2.814993571940613,0.0012895199527468446,0.0,True,0.6929772357846272,201772.22002529085,2.4266809677046334e-05,0.0005585317588690282,2.66530155988665,1.522997974471263e-08,True,1.776356830474485e-07,False
8,empirical_segment_initial,201681.48490652788,201681.48490652788,0.0,-6.38601664446881e-05,2.722083969690036,0.0012940230194696536,-6.38601664446881e-05,2.722083969690036,0.0012940230194696536,0.0,True,0.6774026707632034,201680.6327450406,-1.9854452430308763e-05,0.0005801459864227471,2.4877729021813093,1.522997974471263e-08,True,3.55271366094897e-07,False
9,empirical_segment_initial,201664.2079606344,201664.20796063443,5.820766091346741e-11,3.377802323067532e-05,3.0231592646469028,0.0012955923781847124,3.3777857453974474e-05,3.0231592646450225,0.0012955923781839073,0.0,True,0.6359474790661721,201663.85696979277,3.4094969868568435e-05,0.0005465083426868678,2.8101313635184515,1.522997974471263e-08,True,0.0,False
10,empirical_segment_initial,201634.854187895,201634.85418789505,1.1641532182693481e-10,-4.051963494821749e-05,2.947687571526116,0.0012969451335520194,-4.051980589711823e-05,2.947687571526116,0.001296945133552019,0.0,True,0.5447528719647885,201634.13030643534,-1.2460297333974749e-05,0.0005594172201594704,2.6876231661705674,1.522997974471263e-08,True,0.0,False
11,empirical_segment_initial,201349.8177605424,201349.8177605424,0.0,-1.9189674125760455e-05,2.901280331722133,0.0013117114875193022,-1.9189674125760455e-05,2.901280331722133,0.0013117114875193022,0.0,True,0.11326675401857061,201349.37211147507,-4.0962204956233055e-06,0.000566587583730532,2.679967256935173,1.522997974471263e-08,True,0.0,False
12,empirical_segment_initial,201590.6808686651,201590.6808686651,0.0,-5.295620527366265e-05,2.9727548526455907,0.001299295123997606,-5.295648546836242e-05,2.972754852645591,0.0012992951239976062,0.0,True,0.6563984967241518,201590.07466595276,-2.0477819023378463e-05,0.0005533111195248123,2.757206782163966,1.522997974471263e-08,True,0.0,False
13,empirical_segment_initial,201617.40249160433,201617.40249160433,0.0,-6.545235890357163e-05,2.801586590198501,0.0012975227454089587,-6.545264195067268e-05,2.8015865901985006,0.0012975227454089591,0.0,True,0.6226658347147633,201616.4900429254,-3.62294133088705e-05,0.0005791945878695917,2.5094852028802888,1.522997974471263e-08,True,1.776356830474485e-07,False
14,empirical_segment_initial,201669.30788022638,201669.30788022638,0.0,-1.2062152321469434e-05,2.916024510295783,0.001295088030557729,-1.206246772185042e-05,2.916024510297641,0.0012950880305585542,0.0,True,0.716538477761157,201668.97201564146,1.0110392541920611e-05,0.0005525961803256253,2.746412051344453,1.522997974471263e-08,True,1.7763568501960078e-07,False
15,empirical_segment_initial,201648.46891817695,201648.46891817695,0.0,-6.559154391331194e-05,2.8661959571522195,0.0012960562634623748,-6.559154395079348e-05,2.86619595715222,0.001296056263462375,0.0,True,0.6931786752416941,201647.57107012442,-1.9089584640163026e-05,0.0005645184464888619,2.635690164865238,1.522997974471263e-08,True,1.776356830474485e-07,False
16,empirical_segment_initial,201718.92526600236,201718.92526600242,1.1641532182693481e-10,-6.996825681880927e-05,2.426095354916727,0.001291424706712945,-6.996848655744259e-05,2.4260953549183424,0.0012914247067129451,0.0,True,0.6997899173446125,201718.45510648153,-2.8678646325720932e-05,0.0006050258970082276,2.278125006535745,1.522997974471263e-08,True,0.0,False
17,empirical_segment_initial,201615.61989000515,201615.61989000515,0.0,-0.00011217412681974936,2.4285258415791167,0.0012967776486720566,-0.000112174618980427,2.4285258415791167,0.001296777648673912,0.0,True,0.6563757560443289,201614.8467693422,-4.271969555156382e-05,0.0005964357162467369,2.363747626611305,1.522997974471263e-08,True,1.776356830474485e-07,False
18,empirical_segment_initial,201765.14935760666,201765.14935760666,0.0,-6.104088477536605e-05,2.6590946586803264,0.0012895591185217773,-6.104137884191026e-05,2.6590946586803264,0.0012895591185217766,0.0,True,0.6966439901095304,201764.4641849277,-8.256356147167513e-06,0.0005746052040722662,2.518479048761083,1.522997974471263e-08,True,0.0,False
19,empirical_segment_initial,201657.68018991558,201657.68018991558,0.0,-0.00019572911988472688,2.414705971421513,0.0012945667950051828,-0.00019572911988472688,2.414705971421513,0.0012945667950051828,0.0,True,0.6723002620620111,201655.94372357093,-0.0001025885603217843,0.0006162225312976934,2.2070184082399127,1.522997974471263e-08,True,1.776356830474485e-07,False
20,empirical_segment_initial,201617.98407266452,201617.98407266455,5.820766091346741e-11,-9.092568859682278e-05,2.7076075584870645,0.0012972815569125698,-9.092610990667997e-05,2.7076075584897485,0.0012972815569125703,0.0,True,0.6846562463159036,201616.53926294524,-2.1016678462183993e-05,0.0005843091984455216,2.464934361268006,1.522997974471263e-08,True,0.0,False
21,empirical_segment_initial,201364.65405481015,201364.65405481018,5.820766091346741e-11,3.63610025497586e-05,2.8824289033577593,0.0013108905207983507,3.636081452195846e-05,2.8824289033577593,0.0013108905207988737,0.0,True,0.5851964302333555,201364.34493565935,1.353279044888893e-05,0.0005616124016359415,2.7242150248512886,1.522997974471263e-08,True,1.7763568501960078e-07,False
22,empirical_segment_initial,201436.23189501505,201436.23189501505,0.0,-0.00011811623922229751,2.5368971968087037,0.0013063612223669651,-0.00011811646815882245,2.53689719680713,0.0013063612223669647,0.0,True,0.6743210463634136,201435.32991030172,-5.395251008639568e-05,0.000598908623099242,2.379074403109232,1.522997974471263e-08,True,3.55271366094897e-07,False
23,empirical_segment_initial,201488.04239840445,201488.04239840445,0.0,-6.355118505605815e-05,2.7755196374023976,0.0013041952198143156,-6.35514431015996e-05,2.7755196374023976,0.0013041952198143154,0.0,True,0.7032277022531052,201487.36754051165,-3.100121282322089e-05,0.0005784322351758766,2.541998548484194,1.522997974471263e-08,True,1.776356830474485e-07,False
24,empirical_segment_initial,201597.10414681476,201597.10414681476,0.0,-8.741658366047353e-05,2.42558217587123,0.0012977318230137126,-8.741675391337444e-05,2.42558217587123,0.0012977318230130647,0.0,True,0.5199259722494043,201596.567403102,-3.39131601061319e-05,0.0006023454532609747,2.320961140279316,1.522998091864183e-08,True,1.776356830474485e-07,False
25,empirical_segment_initial,201760.57089967324,201760.57089967324,0.0,-0.00013508036399014948,2.9182076385974276,0.001290373777861952,-0.00013508061372902424,2.9182076385974276,0.0012903737778613069,0.0,True,0.6934534775556774,201759.15300733625,-7.628500470987282e-05,0.0005618529094625089,2.6375900751023265,1.522997974471263e-08,True,1.776356830474485e-07,False
26,empirical_segment_initial,201606.88726613348,201606.8872661335,5.820766091346741e-11,1.993697847393795e-05,3.2755729564878115,0.0012991334614677183,1.9936747742997352e-05,3.2755729564878115,0.0012991334614677185,0.0,True,0.6894549011967261,201605.98667792697,5.1450741734431854e-05,0.0005319397271548937,2.9825410167785877,1.522997974471263e-08,True,1.7763568501960078e-07,False
27,empirical_segment_initial,201606.54730000877,201606.54730000877,0.0,-5.902447016742751e-05,2.7014944347954053,0.0012978614300105738,-5.902495774207654e-05,2.7014944347954053,0.001297861430010574,0.0,True,0.7036531390475727,201606.3490302492,-4.8301118267733345e-05,0.0005738878949734066,2.5572907459162284,1.522997974471263e-08,True,0.0,False
28,empirical_segment_initial,201479.75242112682,201479.75242112685,5.820766091346741e-11,-2.2513915193726283e-05,2.675659731486538,0.0013044023139004907,-2.2514383236076444e-05,2.675659731486538,0.0013044023139004912,0.0,True,0.6657726847444648,201479.5914789275,-1.2119279744248084e-05,0.0005779452134603505,2.546982775951418,1.522997974471263e-08,True,0.0,False
29,empirical_segment_initial,201465.15777277504,201465.15777277513,1.7462298274040222e-10,-8.754200908026865e-05,2.719553315332495,0.001305263180075897,-8.75420378585957e-05,2.719553315332495,0.0013052631800757213,0.0,True,0.6804745253043585,201464.39508033765,-2.5084731052918443e-05,0.0005657570641481574,2.66154349877842,1.522997974471263e-08,True,1.776356830474485e-07,False
30,empirical_segment_initial,201686.65297114843,201686.65297114846,5.820766091346741e-11,-7.957143385960464e-06,2.9420914965405545,0.0012942481769651962,-7.957164708728012e-06,2.942091496540679,0.001294248176965251,0.0,True,0.689240137449621,201686.26811185785,-1.2897833465051394e-06,0.0005543761767758185,2.725277472526979,1.522997974471263e-08,True,0.0,False
31,empirical_segment_initial,201642.65956641058,201642.65956641064,1.1641532182693481e-10,-6.385900761476068e-05,2.846505286628802,0.0012963132993573027,-6.385942687356704e-05,2.846505286628802,0.0012963132993573025,0.0,True,0.7007455991052325,201642.21096961654,-3.5229665286685094e-05,0.0005617892660197152,2.662317752112089,1.522997974471263e-08,True,1.776356830474485e-07,False
32,empirical_segment_initial,201549.69043783433,201549.69043783436,5.820766091346741e-11,-2.936570385633948e-05,2.9263115945713754,0.0013013226456017294,-2.9365925821482915e-05,2.9263115945713754,0.0013013226456023144,0.0,True,0.5649477392874385,201549.09055258424,1.2571917751963618e-05,0.000553735154198014,2.7615827289998167,1.522997974471263e-08,True,1.7763568501960078e-07,False
33,empirical_segment_initial,201541.88652398708,201541.88652398708,0.0,-4.5077045543176654e-05,2.6105151317992306,0.0013010177235435205,-4.507729983783717e-05,2.6105151318009154,0.00130101772354436,0.0,True,0.677076531436554,201541.3491156026,-4.261820728881773e-06,0.0005884556004803415,2.444155389929432,1.522997974471263e-08,True,1.776356830474485e-07,False
34,empirical_segment_initial,201661.53253498892,201661.53253498892,0.0,-4.097317394921155e-05,3.2673238753300806,0.0012962784085360497,-4.097332750240159e-05,3.267323875330081,0.0012962784085360495,0.0,True,0.6199689742769677,201659.93702613015,-1.8162809118138358e-05,0.0005446448402310831,2.8326908311168233,1.522997974471263e-08,True,3.5527137003920156e-07,False
35,empirical_segment_initial,201701.16702325732,201701.16702325732,0.0,-0.00012177381939780185,2.2731336866066614,0.0012920001561058296,-0.00012177442262124344,2.2731336866066614,0.0012920001561084102,0.0,True,0.7150365648655107,201700.34730099683,-4.817261361265887e-05,0.000619152789715229,2.1773524934765858,1.522997974471263e-08,True,0.0,False
36,empirical_segment_initial,201848.81438840195,201848.81438840195,0.0,-6.579903478230004e-05,2.746185427507932,0.0012854444273760841,-6.57994236628896e-05,2.746185427507932,0.0012854444273760848,0.0,True,0.6855717810133782,201848.09188431103,-2.625885412651783e-05,0.0005717829277877057,2.527206889576813,1.522997974471263e-08,True,1.776356830474485e-07,False
37,empirical_segment_initial,201537.7687326689,201537.76873266892,5.820766091346741e-11,-3.8728211464791566e-05,2.7408548938992188,0.0013015256036156256,-3.872859730292694e-05,2.7408548938967767,0.001301525603615626,0.0,True,0.6936415922327313,201537.27290848788,3.047055310035809e-06,0.0005704880133830162,2.6025596087147935,1.522997974471263e-08,True,1.776356830474485e-07,False
38,empirical_segment_initial,201631.85683711307,201631.85683711307,0.0,-4.882692853423331e-05,2.553745110650041,0.0012962166412435775,-4.882723144642813e-05,2.553745110652082,0.0012962166412446138,0.0,True,0.649761847406447,201631.54910267217,-2.1169088649419186e-05,0.0005900716054963751,2.4128331300368573,1.522997974471263e-08,True,1.776356830474485e-07,False
39,empirical_segment_initial,201741.3868411313,201741.3868411313,0.0,-6.590601124184979e-06,2.5123482129237695,0.001290457602823742,-6.590990066550419e-06,2.5123482129237695,0.0012904576028237424,0.0,True,0.6361771583004758,201741.01537655268,1.5867305695739155e-05,0.0005970026243053831,2.336246560898395,1.522997974471263e-08,True,3.55271366094897e-07,False
40,empirical_segment_initial,201486.94259611363,201486.94259611366,5.820766091346741e-11,-2.088924137000843e-05,2.939546012230265,0.001304622828943686,-2.0889368341826596e-05,2.9395460122310175,0.0013046228289433522,0.0,True,0.6940950978376252,201486.66298844252,6.061133245539854e-06,0.0005498279485819826,2.815119597034622,1.522997974471263e-08,True,0.0,False
41,empirical_segment_initial,201711.91830237195,201711.91830237195,0.0,-1.7853834782221708e-05,2.8645178290680047,0.00129276732133241,-1.7854059974672244e-05,2.864517829066658,0.00129276732133241,0.0,True,0.6558844184933095,201710.55281661556,3.116437663416452e-05,0.0005726509626160477,2.5484774950417783,1.522997974471263e-08,True,1.776356830474485e-07,False
42,empirical_segment_initial,201700.34801994116,201700.4635198123,0.23099974228534847,-8.99422019882504e-06,3.1632616128729456,0.0012940344072062762,-1.0025941846161774e-05,3.16463122644028,0.001293757150557421,0.0069970601678332614,True,0.0006544337512950036,201699.6693468065,8.432880694718848e-06,0.0005409593789784704,2.8598513923377094,0.00628397014481513,True,5.417888393097823e-05,False
43,empirical_segment_initial,201628.03635613102,201628.03635613102,0.0,-1.038965773313427e-05,2.1144514763338784,0.0012954290621747114,-1.038965773313427e-05,2.1144514763338784,0.0012954290621747114,0.0,True,0.6991314208568804,201627.94311244512,9.340780870773333e-06,0.000640233475871903,2.047028765831941,1.522997974471263e-08,True,1.776356830474485e-07,False
44,empirical_segment_initial,201421.1002690395,201421.1002690395,0.0,-0.00016058939402787954,2.7786232672024216,0.001307699147271965,-0.00016058988549103666,2.778623267205518,0.0013076991472734231,0.0,True,0.6791495403071446,201419.2650068922,-6.823670469612093e-05,0.0005693466104676665,2.6381401383057836,1.522997974471263e-08,True,0.0,False
45,empirical_segment_initial,201542.912432731,201542.912432731,0.0,2.3678317285421348e-05,2.5204278095930643,0.0013007614827001948,2.3678317285421348e-05,2.5204278095930643,0.0013007614827001948,0.0,True,0.6987397353508994,201542.77647989406,3.325906286483254e-05,0.0005931384421129791,2.404687411583798,1.522997974471263e-08,True,3.55271366094897e-07,False
46,empirical_segment_initial,201484.52953070836,201484.52953070836,0.0,-4.188013072741032e-05,2.9229534483166,0.0013047113033900907,-4.188073465620762e-05,2.9229534483202024,0.0013047113033900911,0.0,True,0.3270393823637002,201483.80552426694,7.5032085384036475e-06,0.0005546872246036524,2.7664885259807175,1.522997974471263e-08,True,1.7763568501960078e-07,False
47,empirical_segment_initial,201635.62437859256,201635.62437859256,0.0,-2.5034260826679415e-05,2.5317805181633344,0.0012959720392007037,-2.5034260826679415e-05,2.5317805181633344,0.0012959720392007037,0.0,True,0.726794271576445,201635.28261830396,-1.9656215985452216e-06,0.0005958178125786016,2.3656314687906774,1.522997974471263e-08,True,0.0,False
48,empirical_segment_initial,201538.17222238443,201538.17222238443,0.0,-0.0001695584410290128,2.3590949991535077,0.001300644819574878,-0.00016955844103611772,2.3590949991535077,0.001300644819574878,0.0,True,0.6758019945806707,201537.26725820865,-8.996988598018678e-05,0.0005997360681739369,2.3517932305817033,1.522997974471263e-08,True,1.776356830474485e-07,False
49,empirical_segment_initial,201703.75361447563,201703.75361447563,0.0,-5.389288231169042e-05,2.5114584687482226,0.0012923996384339755,-5.389349309064229e-05,2.5114584687482226,0.001292399638436121,0.0,True,0.6788916120353208,201703.30876148274,-9.918097629913982e-06,0.0005907882589944704,2.3928541081147467,1.522997974471263e-08,True,1.776356830474485e-07,False
50,empirical_segment_initial,201645.95754408484,201645.95754408484,0.0,-6.460448435146457e-06,2.7795822412341087,0.0012959922077537163,-6.460936874154612e-06,2.7795822412341082,0.0012959922077537165,0.0,True,0.6760867460118761,201645.3949808062,3.229297147748629e-05,0.0005680917901476866,2.6023073448483847,1.522997974471263e-08,True,1.776356830474485e-07,False
51,empirical_segment_initial,201299.71056099454,201299.71056099457,5.820766091346741e-11,-1.2494411140204231e-06,3.3381695700827865,0.0013153368612232779,-1.249828460743593e-06,3.3381695700827865,0.0013153368612232774,0.0,True,0.6696330680937014,201299.19248730887,1.2426583414019468e-05,0.0005298688908092091,3.0812501187479513,1.522997974471263e-08,True,3.5527137003920156e-07,False
52,empirical_segment_initial,201386.4922892626,201386.4922892626,0.0,-5.6817461500622326e-05,2.742375152899514,0.0013094285312516152,-5.6817461500622326e-05,2.742375152899514,0.0013094285312516152,0.0,True,0.6071935880137321,201386.10525913196,-2.6069819431864252e-05,0.0005758439393528795,2.585464369106559,1.522997974471263e-08,True,0.0,False
53,empirical_segment_initial,201594.81265788837,201594.81265788843,1.1641532182693481e-10,-4.8024299951649025e-06,2.2292175284164717,0.001297409593434498,-4.802453647687853e-06,2.2292175284162887,0.0012974095934344984,0.0,True,0.7228440086709558,201594.80774446766,-1.2230957644221096e-08,0.0006164139575263774,2.2150290231545,1.522997974471263e-08,True,1.776356830474485e-07,False
54,empirical_segment_initial,201628.35962221833,201628.35962221833,0.0,-5.4683929748277585e-05,2.8046702418027487,0.0012969611057823886,-5.468423350289412e-05,2.8046702418027487,0.0012969611057832508,0.0,True,0.6863132327212521,201627.16722721662,1.2865327610831041e-05,0.0005659986934573057,2.6256445719339117,1.522997974471263e-08,True,0.0,False
55,empirical_segment_initial,201737.0266728702,201737.0266728702,0.0,-0.0001386143815824309,2.5425826388688204,0.001290750238877437,-0.0001386143815824309,2.5425826388688204,0.001290750238877437,0.0,True,0.6851562903796584,201735.97411087828,-6.948984965921077e-05,0.0005918703641457367,2.3781494219696167,1.522997974471263e-08,True,0.0,False
56,empirical_segment_initial,201524.45689447073,201524.45689447073,0.0,-7.770725179908404e-05,2.920102562771321,0.0013026227936758362,-7.770740089433744e-05,2.9201025627713215,0.001302622793675441,0.0,True,0.5910742178710439,201522.75563491363,-1.3252227100959645e-05,0.0005700237946589522,2.6114586373717485,1.522997974471263e-08,True,0.0,False
57,empirical_segment_initial,201703.15443660007,201703.1544366001,5.820766091346741e-11,-0.00013812977634661042,2.5626945204043894,0.001292545245012285,-0.00013812993608804325,2.5626945204043894,0.001292545245012285,0.0,True,0.5012072578578676,201702.27712104903,-6.929372012714355e-05,0.0005810490126614888,2.474385641819746,1.522997974471263e-08,True,0.0,False
58,empirical_segment_initial,201571.0198098768,201571.01980987683,5.820766091346741e-11,-6.96238921933966e-05,2.5186222218093612,0.0012992958037230384,-6.962389493164426e-05,2.5186222218093426,0.0012992958037230298,0.0,True,0.6960398510670597,201570.76148096062,-3.2900533378409284e-05,0.0005866282460519936,2.452842762445738,1.522997974471263e-08,True,1.776356830474485e-07,False
59,empirical_segment_initial,201706.15699876085,201706.15699876085,0.0,-0.00012984209479022918,2.453320866787735,0.0012921453467151047,-0.0001298422306132738,2.453320866787735,0.001292145346715104,0.0,True,0.6760132037188682,201705.28390896608,-6.164868497331485e-05,0.0005987680321293841,2.328664353943414,1.522997974471263e-08,True,0.0,False
60,empirical_segment_initial,201536.58679964344,201536.58679964347,5.820766091346741e-11,2.692185934442751e-05,2.6723769063866656,0.0013014328918968413,2.6921858063643124e-05,2.672376906386657,0.0013014328918968374,0.0,True,0.706575068932276,201536.02861440176,6.50310618157782e-05,0.0005832653145614076,2.4894413119372545,1.522997974471263e-08,True,0.0,False
61,empirical_segment_initial,201491.87052707747,201491.8705270775,5.820766091346741e-11,-8.503950073600069e-05,2.5475131816614964,0.001303481042088767,-8.50396445421641e-05,2.547513181660514,0.0013034810420887667,0.0,True,0.7083841098636586,201491.44049951882,-4.39285646664427e-05,0.0005926928604254962,2.418442919880834,1.522997974471263e-08,True,3.55271366094897e-07,False
62,empirical_segment_initial,201558.51159298018,201558.51159298018,0.0,-0.00010063017214780838,2.7943001244951122,0.0013005664403071399,-0.00010063039867101069,2.7943001244937054,0.0013005664403064846,0.0,True,0.6226146756381754,201558.32525433507,-7.563760473197755e-05,0.0005589549773180011,2.707000816233668,1.522997974471263e-08,True,3.55271366094897e-07,False
63,empirical_segment_initial,201733.46119282296,201733.46119282296,0.0,-9.874423017488729e-05,2.7221249482940815,0.0012913355653538872,-9.874423017488729e-05,2.7221249482940815,0.0012913355653538872,0.0,True,0.6997774843645125,201732.6858840605,-5.305772148924217e-05,0.000575843686334261,2.514591893936128,1.522997974471263e-08,True,3.55271366094897e-07,False
64,empirical_segment_initial,201579.44858373282,201579.44858373282,0.0,5.301455001247655e-05,2.847876123817557,0.0012995981787723022,5.301429103607951e-05,2.8478761238175574,0.0012995981787723024,0.0,True,0.6016339478581267,201578.87104404616,5.97361859543316e-05,0.0005712641834791349,2.587831698644511,1.5229982006248617e-08,True,1.776356830474485e-07,False
65,empirical_segment_initial,201503.10700314306,201503.10700314306,0.0,1.6473919097388467e-05,2.7375122798324822,0.0013033238408645881,1.647331130869373e-05,2.7375122798324822,0.0013033238408645877,0.0,True,0.6581844437445036,201502.86459275923,2.7324191094923835e-05,0.0005742017539838028,2.5760550730391967,1.522997974471263e-08,True,1.776356830474485e-07,False
66,empirical_segment_initial,201593.70957294063,201593.70957294066,5.820766091346741e-11,-2.6513971644147656e-05,2.784400177210273,0.0012987143865948615,-2.6514146068760024e-05,2.784400177211357,0.0012987143865948612,0.0,True,0.6066166284985909,201593.2955679002,-6.980846590315384e-06,0.0005712965832761331,2.583983784915429,1.522997974471263e-08,True,1.776356830474485e-07,False
67,empirical_segment_initial,201758.77322574114,201758.77322574117,5.820766091346741e-11,-6.907066757128956e-05,2.6165482671783704,0.0012897930728884256,-6.907082716127199e-05,2.6165482671773344,0.0012897930728879151,0.0,True,0.664177161329654,201758.54926777314,-3.9842843311160164e-05,0.0005738999056689401,2.5254924495442097,1.522997974471263e-08,True,3.55271366094897e-07,False
68,empirical_segment_initial,201830.65555061825,201830.6555506183,1.1641532182693481e-10,-9.387591876894679e-05,2.656918003599463,0.0012861797317581336,-9.387591876895686e-05,2.656918003599463,0.001286179731758134,0.0,True,0.6688159400886515,201830.3316787583,-6.237417017152829e-05,0.0005718678210655955,2.5292634866436696,1.522997974471263e-08,True,1.776356830474485e-07,False
69,empirical_segment_initial,201614.76876359558,201614.76876359558,0.0,-0.0001294200373377154,2.7910572964354277,0.0012976358012319986,-0.0001294200398699711,2.791057296435412,0.0012976358012319919,0.0,True,0.6873582638888199,201613.69456304828,-8.199462349941069e-05,0.0005777571204303395,2.522460522258469,1.522997974471263e-08,True,1.776356830474485e-07,False
70,empirical_segment_initial,201596.25419229257,201596.2541922926,5.820766091346741e-11,5.1860624739533816e-05,2.6635731735377557,0.0012983106887507036,5.1860594578097086e-05,2.6635731735377557,0.0012983106887507992,0.0,True,0.6789028045313623,201595.96210428173,4.8962701025070326e-05,0.0005827997108672312,2.4814163570867906,1.522997974471263e-08,True,1.776356830474485e-07,False
71,empirical_segment_initial,201511.17338322743,201511.17338322743,0.0,5.75322764092975e-06,2.897171271443171,0.0013032634028398362,5.75322764092975e-06,2.897171271443171,0.0013032634028398362,0.0,True,0.641158775909803,201510.89852372216,1.112154016494338e-05,0.0005593957308744047,2.713981140798994,1.522997974471263e-08,True,1.776356830474485e-07,False
72,empirical_segment_initial,201536.1654953604,201536.1654953604,0.0,3.6444936993350204e-05,2.680671575230625,0.0013014735076849185,3.644432819307713e-05,2.680671575230625,0.0013014735076849189,0.0,True,0.6651689009172733,201535.75108132113,5.8775844647016336e-05,0.0005833907352806095,2.4884967367971553,1.522997974471263e-08,True,1.776356830474485e-07,False
73,empirical_segment_initial,201682.1351995013,201682.15666579644,0.042932590295095,-9.56248857421898e-05,2.7687656963311453,0.0012940939020671793,-9.537937507459266e-05,2.7707702746395704,0.0012939411794973977,0.004036798742853423,True,7.595519887002178e-05,201681.10576771988,-2.8787763816937136e-05,0.0005643118816839003,2.629097180246197,0.0037991440699621753,True,2.3092638796168306e-06,False
74,empirical_segment_initial,201639.30143676727,201639.30143676727,0.0,-3.0094727608499347e-05,2.907518104436455,0.001296624318984451,-3.0094987239189124e-05,2.907518104436455,0.001296624318983766,0.0,True,0.6703977868210776,201638.49494078735,-1.881779458464128e-05,0.0005683793745375563,2.6022663183175294,1.522997974471263e-08,True,5.329070491423455e-07,False
75,empirical_segment_initial,201567.97397514316,201567.97397514322,1.1641532182693481e-10,-6.99192234741113e-06,2.5442270504541433,0.0012995117074213068,-6.992169823982043e-06,2.5442270504541433,0.0012995117074213072,0.0,True,0.5303499899627078,201567.50986207946,2.467289009095496e-05,0.0005976018593183651,2.36441461305183,1.522997974471263e-08,True,1.776356830474485e-07,False
76,empirical_segment_initial,201695.1017202791,201695.1017202791,0.0,-5.572035911860868e-05,2.7851498640740795,0.0012934595536232283,-5.572035911860868e-05,2.7851498640740795,0.0012934595536232283,0.0,True,0.578308428069894,201694.83232811425,-2.2560306702700672e-05,0.000555823583101653,2.7077691215732904,1.522997974471263e-08,True,0.0,False
77,empirical_segment_initial,201462.1536895534,201462.15368955344,5.820766091346741e-11,-4.199772685589111e-05,3.0971617161479834,0.0013062732266390267,-4.199786567931723e-05,3.0971617161479834,0.001306273226638696,0.0,True,0.6161629502466263,201460.90936920277,-9.725092379157202e-06,0.0005576486944910707,2.743865611288091,1.522997974471263e-08,True,0.0,False
78,empirical_segment_initial,201659.73315367766,201659.73315367772,1.1641532182693481e-10,-7.787172599590939e-05,2.662499009699577,0.0012950158463714446,-7.787198236299755e-05,2.662499009701226,0.0012950158463714441,0.0,True,0.19762983594766037,201658.69193553182,-1.1971072937257035e-05,0.000579727365674124,2.495227383389973,1.522998437314062e-08,True,0.0,False
79,empirical_segment_initial,201808.31556306538,201808.31556306538,0.0,1.5719206186980622e-05,2.5383996883159714,0.0012870655162876524,1.5719206186980622e-05,2.5383996883159714,0.0012870655162876524,0.0,True,0.667117031051883,201808.0611231809,4.180533386800749e-05,0.0005857753478728786,2.413897389652493,1.522997974471263e-08,True,0.0,False
80,empirical_segment_initial,201674.94064888472,201674.94064888475,5.820766091346741e-11,-7.677647858680663e-05,2.944364386756129,0.0012948597571794149,-7.677676363251677e-05,2.944364386756129,0.0012948597571794149,0.0,True,0.6728669230742007,201673.59270493983,-3.9040483474561254e-05,0.0005684907951859724,2.594288289428415,1.522997974471263e-08,True,0.0,False
81,empirical_segment_initial,201553.8960685127,201553.8960685127,0.0,-5.492698829512746e-05,2.792475790103527,0.0013008024676730724,-5.492729193076637e-05,2.792475790103527,0.0013008024676730724,0.0,True,0.35813948155271197,201553.47380145706,-2.336915802500462e-05,0.0005673733713413899,2.6282741318452008,1.522997974471263e-08,True,0.0,False
82,empirical_segment_initial,201705.2062467552,201705.20624675526,1.1641532182693481e-10,-5.291126672702115e-05,3.0113406357406354,0.0012934429896795877,-5.291128546936215e-05,3.011340635740528,0.0012934429896795877,0.0,True,0.5342300906586186,201703.8893909525,-1.1311158117437347e-05,0.0005590366196852398,2.6769032494497766,1.522997974471263e-08,True,0.0,False
83,empirical_segment_initial,201547.86631188163,201547.86631188163,0.0,9.018351196860219e-07,2.5312334266103553,0.0013005280816610195,9.018351196860219e-07,2.5312334266103553,0.0013005280816610195,0.0,True,0.7157613196140967,201547.45654964098,3.393247148632365e-05,0.0005970265088056067,2.3726701172283757,1.522997974471263e-08,True,0.0,False
84,empirical_segment_initial,201777.77389840304,201777.77389840304,0.0,-4.4524803757072274e-05,2.9341015895990536,0.0012895216129862402,-4.4524803757074686e-05,2.9341015895990536,0.0012895216129862397,0.0,True,0.6591562912627108,201776.96930257903,-1.4388026235406302e-05,0.0005587854677046622,2.662974041944499,1.522997974471263e-08,True,0.0,False
85,empirical_segment_initial,201797.10850955846,201797.10850955846,0.0,-8.754989382368565e-05,2.4603472274662246,0.0012874686450685662,-8.755006778125422e-05,2.4603472274650224,0.0012874686450685658,0.0,True,0.7016716123649875,201796.48794824528,-4.687090616437383e-05,0.0006046418884288554,2.2670953873313935,1.522997974471263e-08,True,3.55271366094897e-07,False
86,empirical_segment_initial,201633.84645876248,201633.84645876253,1.1641532182693481e-10,2.093432457007077e-05,2.7862961373763757,0.0012966352596444105,2.093406103303894e-05,2.7862961373747472,0.0012966352596451686,0.0,True,0.6501267124694807,201633.55283845673,3.983360255086864e-05,0.0005661637302455222,2.6226039962526064,1.522997974471263e-08,True,0.0,False
87,empirical_segment_initial,201394.27760864148,201394.27760864154,1.1641532182693481e-10,-5.496899467343914e-05,3.2714577820274062,0.0013102195820847411,-5.496924698076561e-05,3.2714577820287616,0.0013102195820852832,0.0,True,0.6738254477664181,201393.52797851159,-2.0711412762264674e-05,0.000532579718939388,3.026335622818935,1.522997974471263e-08,True,1.7763568501960078e-07,False
88,empirical_segment_initial,201640.78197228597,201640.781972286,5.820766091346741e-11,-7.406757213280526e-05,3.196812545010751,0.0012971965828477362,-7.406757213281383e-05,3.1968125450107516,0.0012971965828477358,0.0,True,0.5522826741595961,201640.072936516,-3.753732259353455e-05,0.0005317444944626923,2.9757872909701106,1.522997974471263e-08,True,3.5527137003920156e-07,False
89,empirical_segment_initial,201655.32339449888,201655.32339449893,1.1641532182693481e-10,-9.145039249781497e-05,2.5457477865009266,0.0012949825754995901,-9.14506687331654e-05,2.5457477865009266,0.00129498257549959,0.0,True,0.6444464548787718,201653.95901888493,-2.1301736988267457e-06,0.0005801694393307094,2.49135911835787,1.522997974471263e-08,True,3.55271366094897e-07,False
90,empirical_segment_initial,201772.80774068838,201772.8077406884,5.820766091346741e-11,-0.00010198122176602095,2.8428307297314266,0.0012895741229777481,-0.00010198170584118023,2.8428307297314266,0.0012895741229790613,0.0,True,0.696770290099732,201772.02526765293,-5.2973285787416656e-05,0.0005591960565086159,2.6592736929612575,1.522997974471263e-08,True,0.0,False
91,empirical_segment_initial,201595.24264117965,201595.24264117965,0.0,4.212203125528228e-06,2.7047817399578156,0.0012984558251928763,4.2120157935312375e-06,2.704781739956618,0.001298455825192876,0.0,True,0.6884283403743783,201594.73314937827,4.2890327924132514e-05,0.0005759215328338076,2.541654010589483,1.522997974471263e-08,True,0.0,False
92,empirical_segment_initial,201608.73635834645,201608.73635834645,0.0,2.1371752270302697e-05,2.979093784042436,0.0012983713257839814,2.137172194539622e-05,2.9790937840424356,0.0012983713257838279,0.0,True,0.7087821943318394,201608.15908897208,4.727426542509802e-05,0.0005538777391490362,2.7476511148685177,1.522997974471263e-08,True,0.0,False
93,empirical_segment_initial,201774.93540371297,201774.935403713,5.820766091346741e-11,-1.9409636837444195e-05,2.6558986301116976,0.0012890472994004283,-1.940993271090315e-05,2.6558986301116976,0.0012890472994013479,0.0,True,0.6324103945359032,201774.0191032896,1.7799391309153978e-05,0.0005900416837486276,2.386580137024917,1.522997974471263e-08,True,0.0,False
94,empirical_segment_initial,201724.1299572283,201724.12995722832,5.820766091346741e-11,-6.155845588298217e-05,2.7122049815155935,0.0012917954678326297,-6.15584560103993e-05,2.7122049815155926,0.00129179546783263,0.0,True,0.6991756549009888,201723.42794703972,-1.3551945439784225e-05,0.0005734135066679572,2.5377413661870403,1.522997974471263e-08,True,0.0,False
95,empirical_segment_initial,201492.08297878213,201492.08297878213,0.0,-7.990992473267432e-05,3.04826888531421,0.0013045999794808276,-7.991010508381905e-05,3.0482688853131785,0.001304599979480828,0.0,True,0.6530445581511277,201491.22241686622,-4.745379610436508e-05,0.0005543509050075676,2.769410311783991,1.522997974471263e-08,True,3.5527137003920156e-07,False
96,empirical_segment_initial,201661.40105017566,201661.40105017566,0.0,-1.0135206162596167e-05,2.3590470940164354,0.0012942494094302375,-1.0135751624879918e-05,2.359047094020395,0.0012942494094324104,0.0,True,0.16103990077159408,201660.88015186618,3.7833416828268016e-05,0.0006142192857460841,2.2201280542392143,1.522997974471263e-08,True,0.0,False
97,empirical_segment_initial,201583.6209121769,201583.6209121769,0.0,-2.2973942127259164e-05,2.919100516440788,0.0012995414494920028,-2.2974433977793288e-05,2.9191005164407886,0.0012995414494920035,0.0,True,0.6864839409346782,201583.28384506964,-3.0111486924076936e-05,0.0005574651953819549,2.7172379284558064,1.522997974471263e-08,True,0.0,False
98,empirical_segment_initial,201635.72820911798,201635.72820911804,1.1641532182693481e-10,-0.00015705992260441322,2.492596322095629,0.001295878753903246,-0.00015706017061476905,2.492596322095629,0.0012958787539041337,0.0,True,0.6734586249585653,201635.03055251,-0.00010389677442504667,0.0006001919888476964,2.3310076612856006,1.522997974471263e-08,True,0.0,False
