kappa,lambda,mean_loglik
0.3163845703410354,0.2540730953940195,8.818566246993672
0.3163845703410354,0.29031174724552056,8.818908398230896
0.3163845703410354,0.33171914742898384,8.819248683537111
0.3163845703410354,0.37903251871496474,8.819585367444489
0.3163845703410354,0.4330942345562576,8.819916403706031
0.3163845703410354,0.49486681681506367,8.820239389147291
0.3163845703410354,0.5654500726281616,8.82055151110972
0.3163845703410354,0.6461006755170664,8.820849487546786
0.3163845703410354,0.7382545393678304,8.821129498666565
0.3163845703410354,0.8435523836297413,8.821387108822083
0.3163845703410354,0.9638689448990682,8.821617177135515
0.3163845703410354,1.101346354974709,8.821813755106275
0.3163845703410354,1.2584322796530119,8.821969969197143
0.3163845703410354,1.4379234972898627,8.822077886116494
0.3163845703410354,1.6430156930084603,8.822128358215268
0.3163845703410354,1.8773603550953688,8.822110846088474
0.3163845703410354,2.1451297865757275,8.822013215105358
0.3163845703410354,2.451091389442208,8.821821502180294
0.3163845703410354,2.800692544103856,8.821519648627095
0.3163845703410354,3.200157595259617,8.821089194401733
0.3163845703410354,3.656598670945743,8.820508928419773
0.3163845703410354,4.178142307793895,8.819754488923287
0.3163845703410354,4.774074136952592,8.818797907054911
0.3163845703410354,5.455004206679104,8.817607085863383
0.3163845703410354,6.233055885026829,8.816145205905647
0.3163845703410354,7.122081705876312,8.814370047417784
0.3163845703410354,8.137910001260915,8.812233217694885
0.3163845703410354,9.298626711061289,8.809679270844386
0.3163845703410354,10.62489738744535,8.806644705455835
0.3163845703410354,12.140335127062933,8.803056823963491
0.3163845703410354,13.871920981708046,8.798832435572306
0.34273531346234193,0.2540730953940195,8.818485278791204
0.34273531346234193,0.29031174724552056,8.818829098799576
0.34273531346234193,0.33171914742898384,8.819171195344385
0.34273531346234193,0.37903251871496474,8.819509847373688
0.34273531346234193,0.4330942345562576,8.819843024123228
0.34273531346234193,0.49486681681506367,8.820168339091722
0.34273531346234193,0.5654500726281616,8.820482997657567
0.34273531346234193,0.6461006755170664,8.82078373739588
0.34273531346234193,0.7382545393678304,8.821066759983164
0.34273531346234193,0.8435523836297413,8.821327653382017
0.34273531346234193,0.9638689448990682,8.82156130278265
0.34273531346234193,1.101346354974709,8.82176178854385
0.34273531346234193,1.2584322796530119,8.821922269123766
0.34273531346234193,1.4379234972898627,8.822034846720225
0.34273531346234193,1.6430156930084603,8.822090413046206
0.34273531346234193,1.8773603550953688,8.822078472343
0.34273531346234193,2.1451297865757275,8.821986938372486
0.34273531346234193,2.451091389442208,8.821801901721294
0.34273531346234193,2.800692544103856,8.82150736328243
0.34273531346234193,3.200157595259617,8.821084929242788
0.34273531346234193,3.656598670945743,8.82051346228576
0.34273531346234193,4.178142307793895,8.819768683005424
0.34273531346234193,4.774074136952592,8.818822714710421
0.34273531346234193,5.455004206679104,8.817643563862287
0.34273531346234193,6.233055885026829,8.81619452733535
0.34273531346234193,7.122081705876312,8.814433516497477
0.34273531346234193,8.137910001260915,8.812312286786856
0.34273531346234193,9.298626711061289,8.809775559996869
0.34273531346234193,10.62489738744535,8.806760024876347
0.34273531346234193,12.140335127062933,8.803193199907433
0.34273531346234193,13.871920981708046,8.79899214024465
0.3712807327092781,0.2540730953940195,8.818387731466018
0.3712807327092781,0.29031174724552056,8.818733060571583
0.3712807327092781,0.33171914742898384,8.819076796099086
0.3712807327092781,0.37903251871496474,8.81941723165542
0.3712807327092781,0.4330942345562576,8.819752352513115
0.3712807327092781,0.49486681681506367,8.820079789673922
0.3712807327092781,0.5654500726281616,8.820396767607072
0.3712807327092781,0.6461006755170664,8.820700044724509
0.3712807327092781,0.7382545393678304,8.82098584548073
0.3712807327092781,0.8435523836297413,8.821249782787401
0.3712807327092781,0.9638689448990682,8.821486769215946
0.3712807327092781,1.101346354974709,8.821690915227176
0.3712807327092781,1.2584322796530119,8.821855412416909
0.3712807327092781,1.4379234972898627,8.821972399498492
0.3712807327092781,1.6430156930084603,8.822032808453574
0.3712807327092781,1.8773603550953688,8.822026187963324
0.3712807327092781,2.1451297865757275,8.821940500875584
0.3712807327092781,2.451091389442208,8.821761892058458
0.3712807327092781,2.800692544103856,8.821474422526162
0.3712807327092781,3.200157595259617,8.821059765187625
0.3712807327092781,3.656598670945743,8.82049685694964
0.3712807327092781,4.178142307793895,8.819761501193549
0.3712807327092781,4.774074136952592,8.818825913825986
0.3712807327092781,5.455004206679104,8.817658205171291
0.3712807327092781,6.233055885026829,8.816221788917783
0.3712807327092781,7.122081705876312,8.814474708146648
0.3712807327092781,8.137910001260915,8.812368867155794
0.3712807327092781,9.298626711061289,8.809849156339025
0.3712807327092781,10.62489738744535,8.80685245579156
0.3712807327092781,12.140335127062933,8.803306501588096
0.3712807327092781,13.871920981708046,8.799128596827396
0.40220361622084394,0.2540730953940195,8.81827222091515
0.40220361622084394,0.29031174724552056,8.818618925167192
0.40220361622084394,0.33171914742898384,8.818964153296578
0.40220361622084394,0.37903251871496474,8.819306212657661
0.40220361622084394,0.4330942345562576,8.819643103939606
0.40220361622084394,0.49486681681506367,8.819972475357948
0.40220361622084394,0.5654500726281616,8.820291570533733
0.40220361622084394,0.6461006755170664,8.820597169123925
0.40220361622084394,0.7382545393678304,8.820885519091304
0.40220361622084394,0.8435523836297413,8.821152259304741
0.40220361622084394,0.9638689448990682,8.821392330944482
0.40220361622084394,1.101346354974709,8.821599875954513
0.40220361622084394,1.2584322796530119,8.821768120535925
0.40220361622084394,1.4379234972898627,8.821889241409897
0.40220361622084394,1.6430156930084603,8.82195421229151
0.40220361622084394,1.8773603550953688,8.821952627699297
0.40220361622084394,2.1451297865757275,8.821872500870748
0.40220361622084394,2.451091389442208,8.821700032151101
0.40220361622084394,2.800692544103856,8.821419343759521
0.40220361622084394,3.200157595259617,8.821012176302538
0.40220361622084394,3.656598670945743,8.82045754178665
0.40220361622084394,4.178142307793895,8.819731327169642
0.40220361622084394,4.774074136952592,8.818805841672642
0.40220361622084394,5.455004206679104,8.817649300143893
0.40220361622084394,6.233055885026829,8.81622523371308
0.40220361622084394,7.122081705876312,8.81449181779714
0.40220361622084394,8.137910001260915,8.812401106210054
0.40220361622084394,9.298626711061289,8.80989815868804
0.40220361622084394,10.62489738744535,8.806920047566729
0.40220361622084394,12.140335127062933,8.80339472764113
0.40220361622084394,13.871920981708046,8.799239751411454
0.43570197602414246,0.2540730953940195,8.818137092628879
0.43570197602414246,0.29031174724552056,8.81848505720098
0.43570197602414246,0.33171914742898384,8.818831654833899
0.43570197602414246,0.37903251871496474,8.819175205200162
0.43570197602414246,0.4330942345562576,8.819513723026201
0.43570197602414246,0.49486681681506367,8.81984487246587
0.43570197602414246,0.5654500726281616,8.820165915175211
0.43570197602414246,0.6461006755170664,8.820473651150015
0.43570197602414246,0.7382545393678304,8.820764351211531
0.43570197602414246,0.8435523836297413,8.821033679828455
0.43570197602414246,0.9638689448990682,8.821276606748294
0.43570197602414246,1.101346354974709,8.821487305681059
0.43570197602414246,1.2584322796530119,8.821659038033253
0.43570197602414246,1.4379234972898627,8.821784019428751
0.43570197602414246,1.6430156930084603,8.821853266469557
0.43570197602414246,1.8773603550953688,8.821856420877015
0.43570197602414246,2.1451297865757275,8.821781547802338
0.43570197602414246,2.451091389442208,8.821614904694748
0.43570197602414246,2.800692544103856,8.821340676653787
0.43570197602414246,3.200157595259617,8.820940673658303
0.43570197602414246,3.656598670945743,8.820393984446532
0.43570197602414246,4.178142307793895,8.819676581108894
0.43570197602414246,4.774074136952592,8.818760867637716
0.43570197602414246,5.455004206679104,8.817615164748485
0.43570197602414246,6.233055885026829,8.816203122238614
0.43570197602414246,7.122081705876312,8.814483048977518
0.43570197602414246,8.137910001260915,8.812407149322064
0.43570197602414246,9.298626711061289,8.809920653321662
0.43570197602414246,10.62489738744535,8.806960826517217
0.43570197602414246,12.140335127062933,8.80345584345093
0.43570197602414246,13.871920981708046,8.799323507200022
0.47199031598737834,0.2540730953940195,8.817980439066908
0.47199031598737834,0.29031174724552056,8.818329548362229
0.47199031598737834,0.33171914742898384,8.818677396033657
0.47199031598737834,0.37903251871496474,8.819022313056642
0.47199031598737834,0.4330942345562576,8.819362327118373
0.47199031598737834,0.49486681681506367,8.819695117179743
0.47199031598737834,0.5654500726281616,8.820017961752757
0.47199031598737834,0.6461006755170664,8.820327679954952
0.47199031598737834,0.7382545393678304,8.820620564226044
0.47199031598737834,0.8435523836297413,8.820892303395025
0.47199031598737834,0.9638689448990682,8.821137894571502
0.47199031598737834,1.101346354974709,8.821351542105749
0.47199031598737834,1.2584322796530119,8.821526541618375
0.47199031598737834,1.4379234972898627,8.821655146840321
0.47199031598737834,1.6430156930084603,8.821728416722626
0.47199031598737834,1.8773603550953688,8.821736039965076
0.47199031598737834,2.1451297865757275,8.821666133764452
0.47199031598737834,2.451091389442208,8.821505013185677
0.47199031598737834,2.800692544103856,8.821236927100967
0.47199031598737834,3.200157595259617,8.820843756111225
0.47199031598737834,3.656598670945743,8.82030466724843
0.47199031598737834,4.178142307793895,8.819595719547186
0.47199031598737834,4.774074136952592,8.81868941375822
0.47199031598737834,5.455004206679104,8.817554178549395
0.47199031598737834,6.233055885026829,8.816153784494631
0.47199031598737834,7.122081705876312,8.814446675984133
0.47199031598737834,8.137910001260915,8.81238520989693
0.47199031598737834,9.298626711061289,8.809914788457226
0.47199031598737834,10.62489738744535,8.80697287214939
0.47199031598737834,12.140335127062933,8.803487856896975
0.47199031598737834,13.871920981708046,8.79937779793014
0.5113010053769442,0.2540730953940195,8.81780016090294
0.5113010053769442,0.29031174724552056,8.818150281412153
0.5113010053769442,0.33171914742898384,8.818499243527437
0.5113010053769442,0.37903251871496474,8.818845388986706
0.5113010053769442,0.4330942345562576,8.819186757911284
0.5113010053769442,0.49486681681506367,8.819521043555962
0.5113010053769442,0.5654500726281616,8.819845540777656
0.5113010053769442,0.6461006755170664,8.82015708728408
0.5113010053769442,0.7382545393678304,8.820451996549219
0.5113010053769442,0.8435523836297413,8.820725981087634
0.5113010053769442,0.9638689448990682,8.82097406456781
0.5113010053769442,1.101346354974709,8.821190481017664
0.5113010053769442,1.2584322796530119,8.821368559133107
0.5113010053769442,1.4379234972898627,8.821500589441314
0.5113010053769442,1.6430156930084603,8.821577671788587
0.5113010053769442,1.8773603550953688,8.82158954031208
0.5113010053769442,2.1451297865757275,8.821524362705407
0.5113010053769442,2.451091389442208,8.821368510190618
0.5113010053769442,2.800692544103856,8.821106294151088
0.5113010053769442,3.200157595259617,8.820719664850323
0.5113010053769442,3.656598670945743,8.82018786704845
0.5113010053769442,4.178142307793895,8.819487046620976
0.5113010053769442,4.774074136952592,8.818589801473843
0.5113010053769442,5.455004206679104,8.817464669127746
0.5113010053769442,6.233055885026829,8.816075542307319
0.5113010053769442,7.122081705876312,8.814381002712734
0.5113010053769442,8.137910001260915,8.812333561869767
0.5113010053769442,9.298626711061289,8.809878796546801
0.5113010053769442,10.62489738744535,8.806954364695084
0.5113010053769442,12.140335127062933,8.8034888862164
0.5113010053769442,13.871920981708046,8.799400671103054
0.5538857668140482,0.2540730953940195,8.817594013479951
0.5538857668140482,0.29031174724552056,8.817944987344333
0.5538857668140482,0.33171914742898384,8.818294903781936
0.5538857668140482,0.37903251871496474,8.81864211477802
0.5538857668140482,0.4330942345562576,8.818984672437868
0.5538857668140482,0.49486681681506367,8.819320283952703
0.5538857668140482,0.5654500726281616,8.819646260277583
0.5538857668140482,0.6461006755170664,8.819959457579197
0.5538857668140482,0.7382545393678304,8.820256210339465
0.5538857668140482,0.8435523836297413,8.820532254809866
0.5538857668140482,0.9638689448990682,8.820782641303655
0.5538857668140482,1.101346354974709,8.821001633590553
0.5538857668140482,1.2584322796530119,8.821182593419481
0.5538857668140482,1.4379234972898627,8.821317847937934
0.5538857668140482,1.6430156930084603,8.82139853749566
0.5538857668140482,1.8773603550953688,8.821414441009155
0.5538857668140482,2.1451297865757275,8.82135377571314
0.5538857668140482,2.451091389442208,8.821202967725856
0.5538857668140482,2.800692544103856,8.820946389395544
0.5538857668140482,3.200157595259617,8.82056605886477
0.5538857668140482,3.656598670945743,8.82004129667577
0.5538857668140482,4.178142307793895,8.819348333533718
0.5538857668140482,4.774074136952592,8.818459862536772
0.5538857668140482,5.455004206679104,8.817344528265133
0.5538857668140482,6.233055885026829,8.815966344090612
0.5538857668140482,7.122081705876312,8.814284027919093
0.5538857668140482,8.137910001260915,8.812250245307965
0.5538857668140482,9.298626711061289,8.809810747507234
0.5538857668140482,10.62489738744535,8.806903390457675
0.5538857668140482,12.140335127062933,8.803457019147968
0.5538857668140482,13.871920981708046,8.799390199998944
0.600017288158886,0.2540730953940195,8.817359615766925
0.600017288158886,0.29031174724552056,8.817711261247267
0.600017288158886,0.33171914742898384,8.818061947643887
0.600017288158886,0.37903251871496474,8.818410036467434
0.600017288158886,0.4330942345562576,8.818753591098647
0.600017288158886,0.49486681681506367,8.819090332017812
0.600017288158886,0.5654500726281616,8.819417585736524
0.600017288158886,0.6461006755170664,8.819732226483218
0.600017288158886,0.7382545393678304,8.820030609524276
0.600017288158886,0.8435523836297413,8.820308494815462
0.600017288158886,0.9638689448990682,8.820560959475756
0.600017288158886,1.101346354974709,8.820782297357944
0.600017288158886,1.2584322796530119,8.820965903756317
0.600017288158886,1.4379234972898627,8.821104143038115
0.600017288158886,1.6430156930084603,8.821188196706759
0.600017288158886,1.8773603550953688,8.821207889094095
0.600017288158886,2.1451297865757275,8.821151487527988
0.600017288158886,2.451091389442208,8.821005473420596
0.600017288158886,2.800692544103856,8.820754280261554
0.600017288158886,3.200157595259617,8.82037999396796
0.600017288158886,3.656598670945743,8.81986201042906
0.600017288158886,4.178142307793895,8.819176644378166
0.600017288158886,4.774074136952592,8.818296682918648
0.600017288158886,5.455004206679104,8.817190876118959
0.600017288158886,6.233055885026829,8.815823356066893
0.600017288158886,7.122081705876312,8.814152974632599
0.600017288158886,8.137910001260915,8.812132548929398
0.600017288158886,9.298626711061289,8.809708002080123
0.600017288158886,10.62489738744535,8.806817385396041
0.600017288158886,12.140335127062933,8.803389766462283
0.600017288158886,13.871920981708046,8.799343965913057
0.6499909686439203,0.2540730953940195,8.81709443495223
0.6499909686439203,0.29031174724552056,8.81744654785723
0.6499909686439203,0.33171914742898384,8.81779779761464
0.6499909686439203,0.37903251871496474,8.818146554453339
0.6499909686439203,0.4330942345562576,8.818490892119694
0.6499909686439203,0.49486681681506367,8.818828543421318
0.6499909686439203,0.5654500726281616,8.81915684946637
0.6499909686439203,0.6461006755170664,8.81947270164092
0.6499909686439203,0.7382545393678304,8.819772475199773
0.6499909686439203,0.8435523836297413,8.820051953162766
0.6499909686439203,0.9638689448990682,8.820306239010874
0.6499909686439203,1.101346354974709,8.820529656463782
0.6499909686439203,1.2584322796530119,8.820715634391963
0.6499909686439203,1.4379234972898627,8.82085657466645
0.6499909686439203,1.6430156930084603,8.820943700474091
0.6499909686439203,1.8773603550953688,8.82096688231659
0.6499909686439203,2.1451297865757275,8.820914438560884
0.6499909686439203,2.451091389442208,8.820772907006376
0.6499909686439203,2.800692544103856,8.82052678347179
0.6499909686439203,3.200157595259617,8.820158222870592
0.6499909686439203,3.656598670945743,8.819646697629134
0.6499909686439203,4.178142307793895,8.818968607596924
0.6499909686439203,4.774074136952592,8.818096834795508
0.6499909686439203,5.455004206679104,8.817000235445175
0.6499909686439203,6.233055885026829,8.815643060690972
0.6499909686439203,7.122081705876312,8.813984296317594
0.6499909686439203,8.137910001260915,8.811976910492907
0.6499909686439203,9.298626711061289,8.809566997211045
0.6499909686439203,10.62489738744535,8.806692801620414
0.6499909686439203,12.140335127062933,8.80328361182696
0.6499909686439203,13.871920981708046,8.799258500075409
0.7041268104374783,0.2540730953940195,8.816795764881695
0.7041268104374783,0.29031174724552056,8.817148118806049
0.7041268104374783,0.33171914742898384,8.817499703443039
0.7041268104374783,0.37903251871496474,8.817848897187755
0.7041268104374783,0.4330942345562576,8.818193783363856
0.7041268104374783,0.49486681681506367,8.818532106120415
0.7041268104374783,0.5654500726281616,8.818861220026474
0.7041268104374783,0.6461006755170664,8.819178032394591
0.7041268104374783,0.7382545393678304,8.81947893719998
0.7041268104374783,0.8435523836297413,8.819759739282292
0.7041268104374783,0.9638689448990682,8.820015567324065
0.7041268104374783,1.101346354974709,8.82024077389271
0.7041268104374783,1.2584322796530119,8.820428820609028
0.7041268104374783,1.4379234972898627,8.82057214626003
0.7041268104374783,1.6430156930084603,8.82066201540148
0.7041268104374783,1.8773603550953688,8.820688344688078
0.7041268104374783,2.1451297865757275,8.820639503818954
0.7041268104374783,2.451091389442208,8.820502087583648
0.7041268104374783,2.800692544103856,8.820260655029703
0.7041268104374783,3.200157595259617,8.819897431238166
0.7041268104374783,3.656598670945743,8.819391966577822
0.7041268104374783,4.178142307793895,8.818720747605337
0.7041268104374783,4.774074136952592,8.817856752978498
0.7041268104374783,5.455004206679104,8.816768946847416
0.7041268104374783,6.233055885026829,8.815421701178341
0.7041268104374783,7.122081705876312,8.813774137341829
0.7041268104374783,8.137910001260915,8.811779376058217
0.7041268104374783,9.298626711061289,8.809383683437108
0.7041268104374783,10.62489738744535,8.806525499376788
0.7041268104374783,12.140335127062933,8.803134333012238
0.7041268104374783,13.871920981708046,8.799129508235007
0.7627714677501373,0.2540730953940195,8.816460885299366
0.7627714677501373,0.29031174724552056,8.81681321029806
0.7627714677501373,0.33171914742898384,8.817164859817844
0.7627714677501373,0.37903251871496474,8.817514220151262
0.7627714677501373,0.4330942345562576,8.817859383652767
0.7627714677501373,0.49486681681506367,8.818198104984512
0.7627714677501373,0.5654500726281616,8.818527751080756
0.7627714677501373,0.6461006755170664,8.81884524384865
0.7627714677501373,0.7382545393678304,8.819146994460459
0.7627714677501373,0.8435523836297413,8.819428827916113
0.7627714677501373,0.9638689448990682,8.819685896366598
0.7627714677501373,1.101346354974709,8.819912579486804
0.7627714677501373,1.2584322796530119,8.820102369967808
0.7627714677501373,1.4379234972898627,8.820247741958188
0.7627714677501373,1.6430156930084603,8.820340000015038
0.7627714677501373,1.8773603550953688,8.820369105820447
0.7627714677501373,2.1451297865757275,8.820323479569602
0.7627714677501373,2.451091389442208,8.820189772533986
0.7627714677501373,2.800692544103856,8.819952606837923
0.7627714677501373,3.200157595259617,8.819594277950566
0.7627714677501373,3.656598670945743,8.819094414779554
0.7627714677501373,4.178142307793895,8.818429591549974
0.7627714677501373,4.774074136952592,8.817572884855363
0.7627714677501373,5.455004206679104,8.816493368371132
0.7627714677501373,6.233055885026829,8.815155536718352
0.7627714677501373,7.122081705876312,8.813518648853448
0.7627714677501373,8.137910001260915,8.811535980132476
0.7627714677501373,9.298626711061289,8.809153970856121
0.7627714677501373,10.62489738744535,8.806311257646492
0.7627714677501373,12.140335127062933,8.802937572447584
0.7627714677501373,13.871920981708046,8.79895249229771
0.8263004666051704,0.2540730953940195,8.816108501386244
0.8263004666051704,0.29031174724552056,8.81645915773092
0.8263004666051704,0.33171914742898384,8.81680925936069
0.8263004666051704,0.37903251871496474,8.817157204965685
0.8263004666051704,0.4330942345562576,8.817501100064549
0.8263004666051704,0.49486681681506367,8.817838713480986
0.8263004666051704,0.5654500726281616,8.818167427574066
0.8263004666051704,0.6461006755170664,8.818484181232307
0.8263004666051704,0.7382545393678304,8.818785404479309
0.8263004666051704,0.8435523836297413,8.819066943364028
0.8263004666051704,0.9638689448990682,8.819323973623796
0.8263004666051704,1.101346354974709,8.819550901409638
0.8263004666051704,1.2584322796530119,8.819741249149148
0.8263004666051704,1.4379234972898627,8.8198875243853
0.8263004666051704,1.6430156930084603,8.819981069163825
0.8263004666051704,1.8773603550953688,8.820011887238836
0.8263004666051704,2.1451297865757275,8.819968446017393
0.8263004666051704,2.451091389442208,8.81983744976073
0.8263004666051704,2.800692544103856,8.819603580093235
0.8263004666051704,3.200157595259617,8.819249199332898
0.8263004666051704,3.656598670945743,8.818754011540136
0.8263004666051704,4.178142307793895,8.818094675480182
0.8263004666051704,4.774074136952592,8.817244362900398
0.8263004666051704,5.455004206679104,8.816172254633033
0.8263004666051704,6.233055885026829,8.814842966040276
0.8263004666051704,7.122081705876312,8.813215892217073
0.8263004666051704,8.137910001260915,8.811244462154
0.8263004666051704,9.298626711061289,8.808875289735788
0.8263004666051704,10.62489738744535,8.806047208014055
0.8263004666051704,12.140335127062933,8.80269017165409
0.8263004666051704,13.871920981708046,8.798724010836008
0.8951206094871652,0.2540730953940195,8.815770612794445
0.8951206094871652,0.29031174724552056,8.816120407437694
0.8951206094871652,0.33171914742898384,8.816469683294667
0.8951206094871652,0.37903251871496474,8.816816845729551
0.8951206094871652,0.4330942345562576,8.817160007866434
0.8951206094871652,0.49486681681506367,8.817496947323665
0.8951206094871652,0.5654500726281616,8.81782505674725
0.8951206094871652,0.6461006755170664,8.818141287149361
0.8951206094871652,0.7382545393678304,8.818442082893709
0.8951206094871652,0.8435523836297413,8.818723306994437
0.8951206094871652,0.9638689448990682,8.818980155209443
0.8951206094871652,1.101346354974709,8.819207057212166
0.8951206094871652,1.2584322796530119,8.819397562913355
0.8951206094871652,1.4379234972898627,8.819544211771172
0.8951206094871652,1.6430156930084603,8.81963838266625
0.8951206094871652,1.8773603550953688,8.819670121619822
0.8951206094871652,2.1451297865757275,8.819627944288221
0.8951206094871652,2.451091389442208,8.81949860976709
0.8951206094871652,2.800692544103856,8.819266861774318
0.8951206094871652,3.200157595259617,8.818915132744023
0.8951206094871652,3.656598670945743,8.818423205747848
0.8951206094871652,4.178142307793895,8.817767828458285
0.8951206094871652,4.774074136952592,8.816922272576408
0.8951206094871652,5.455004206679104,8.815855831258462
0.8951206094871652,6.233055885026829,8.814533246087171
0.8951206094871652,7.122081705876312,8.812914054040123
0.8951206094871652,8.137910001260915,8.810951843705158
0.8951206094871652,9.298626711061289,8.808593408680384
0.8951206094871652,10.62489738744535,8.805777784676938
0.8951206094871652,12.140335127062933,8.802435155325968
0.8951206094871652,13.871920981708046,8.798485610097872
0.9696725802667729,0.2540730953940195,8.815395271909944
0.9696725802667729,0.29031174724552056,8.81574432320252
0.9696725802667729,0.33171914742898384,8.816092919259935
0.9696725802667729,0.37903251871496474,8.816439474882886
0.9696725802667729,0.4330942345562576,8.816782113684425
0.9696725802667729,0.49486681681506367,8.81711862498494
0.9696725802667729,0.5654500726281616,8.817446414527423
0.9696725802667729,0.6461006755170664,8.817762448020831
0.9696725802667729,0.7382545393678304,8.818063186356929
0.9696725802667729,0.8435523836297413,8.818344511171835
0.9696725802667729,0.9638689448990682,8.818601639239029
0.9696725802667729,1.101346354974709,8.818829023983344
0.9696725802667729,1.2584322796530119,8.819020242193254
0.9696725802667729,1.4379234972898627,8.819167863774855
0.9696725802667729,1.6430156930084603,8.819263302129245
0.9696725802667729,1.8773603550953688,8.819296642436418
0.9696725802667729,2.1451297865757275,8.819256444784767
0.9696725802667729,2.451091389442208,8.81912951868638
0.9696725802667729,2.800692544103856,8.818900665055486
0.9696725802667729,3.200157595259617,8.818552381192715
0.9696725802667729,3.656598670945743,8.818064523704248
0.9696725802667729,4.178142307793895,8.81741392358623
0.9696725802667729,4.774074136952592,8.81657394691622
0.9696725802667729,5.455004206679104,8.81551399370983
0.9696725802667729,6.233055885026829,8.814198926517857
0.9696725802667729,7.122081705876312,8.812588419252608
0.9696725802667729,8.137910001260915,8.810636215538917
0.9696725802667729,9.298626711061289,8.808289284584877
0.9696725802667729,10.62489738744535,8.805486861163265
0.9696725802667729,12.140335127062933,8.80215935479789
0.9696725802667729,13.871920981708046,8.798227111681138
1.0504337660820031,0.2540730953940195,8.81497570960964
1.0504337660820031,0.29031174724552056,8.815323805539565
1.0504337660820031,0.33171914742898384,8.81567150273622
1.0504337660820031,0.37903251871496474,8.816017224555585
1.0504337660820031,0.4330942345562576,8.816359104244233
1.0504337660820031,0.49486681681506367,8.81669494199968
1.0504337660820031,0.5654500726281616,8.81702215586708
1.0504337660820031,0.6461006755170664,8.817337725480764
1.0504337660820031,0.7382545393678304,8.81763812749874
1.0504337660820031,0.8435523836297413,8.81791926140631
1.0504337660820031,0.9638689448990682,8.818176364181946
1.0504337660820031,1.101346354974709,8.818403912122932
1.0504337660820031,1.2584322796530119,8.818595507916276
1.0504337660820031,1.4379234972898627,8.818743750806945
1.0504337660820031,1.6430156930084603,8.81884008745324
1.0504337660820031,1.8773603550953688,8.818874640760335
1.0504337660820031,2.1451297865757275,8.818836013638302
1.0504337660820031,2.451091389442208,8.81871106423193
1.0504337660820031,2.800692544103856,8.818484648706942
1.0504337660820031,3.200157595259617,8.818139327143792
1.0504337660820031,3.656598670945743,8.8176550274786
1.0504337660820031,4.178142307793895,8.817008661735787
1.0504337660820031,4.774074136952592,8.816173688012693
1.0504337660820031,5.455004206679104,8.815119610798897
1.0504337660820031,6.233055885026829,8.81381141123628
1.0504337660820031,7.122081705876312,8.812208897847034
1.0504337660820031,8.137910001260915,8.810265967072223
1.0504337660820031,9.298626711061289,8.807929761673607
1.0504337660820031,10.62489738744535,8.805139713660733
1.0504337660820031,12.140335127062933,8.801826456925873
1.0504337660820031,13.871920981708046,8.797910593223998
1.1379213142457365,0.2540730953940195,8.814507295705388
1.1379213142457365,0.29031174724552056,8.814854213044235
1.1379213142457365,0.33171914742898384,8.815200786123008
1.1379213142457365,0.37903251871496474,8.815545446241218
1.1379213142457365,0.4330942345562576,8.815886335599643
1.1379213142457365,0.49486681681506367,8.816221264505016
1.1379213142457365,0.5654500726281616,8.816547662423014
1.1379213142457365,0.6461006755170664,8.816862521890668
1.1379213142457365,0.7382545393678304,8.81716233414164
1.1379213142457365,0.8435523836297413,8.817443015128683
1.1379213142457365,0.9638689448990682,8.817699820446315
1.1379213142457365,1.101346354974709,8.817927247461666
1.1379213142457365,1.2584322796530119,8.818118922749026
1.1379213142457365,1.4379234972898627,8.8182674726886
1.1379213142457365,1.6430156930084603,8.818364374825958
1.1379213142457365,1.8773603550953688,8.818399787287735
1.1379213142457365,2.1451297865757275,8.818362353203327
1.1379213142457365,2.451091389442208,8.818238976682434
1.1379213142457365,2.800692544103856,8.818014566436547
1.1379213142457365,3.200157595259617,8.8176717426009
1.1379213142457365,3.656598670945743,8.81719050170544
1.1379213142457365,4.178142307793895,8.816547834053287
1.1379213142457365,4.774074136952592,8.815717286987134
1.1379213142457365,5.455004206679104,8.814668466653238
1.1379213142457365,6.233055885026829,8.813366469903956
1.1379213142457365,7.122081705876312,8.811771236908733
1.1379213142457365,8.137910001260915,8.809836813867594
1.1379213142457365,9.298626711061289,8.807510513940986
1.1379213142457365,10.62489738744535,8.804731963130754
1.1379213142457365,12.140335127062933,8.801432016382629
1.1379213142457365,13.871920981708046,8.797531527654641
1.2326954437540991,0.2540730953940195,8.81398489429545
1.2326954437540991,0.29031174724552056,8.814330371286234
1.2326954437540991,0.33171914742898384,8.81467555931649
1.2326954437540991,0.37903251871496474,8.815018897489756
1.2326954437540991,0.4330942345562576,8.81535853678767
1.2326954437540991,0.49486681681506367,8.815692297409324
1.2326954437540991,0.5654500726281616,8.81601761996139
1.2326954437540991,0.6461006755170664,8.816331509511436
1.2326954437540991,0.7382545393678304,8.816630471362691
1.2326954437540991,0.8435523836297413,8.816910437243113
1.2326954437540991,0.9638689448990682,8.817166680424084
1.2326954437540991,1.101346354974709,8.817393718091601
1.2326954437540991,1.2584322796530119,8.817585199081822
1.2326954437540991,1.4379234972898627,8.817733774857402
1.2326954437540991,1.6430156930084603,8.817830951335345
1.2326954437540991,1.8773603550953688,8.817866918872937
1.2326954437540991,2.1451297865757275,8.81783035736856
1.2326954437540991,2.451091389442208,8.817708213030551
1.2326954437540991,2.800692544103856,8.817485442902237
1.2326954437540991,3.200157595259617,8.817144722698682
1.2326954437540991,3.656598670945743,8.816666112903462
1.2326954437540991,4.178142307793895,8.816026677387537
1.2326954437540991,4.774074136952592,8.815200048040621
1.2326954437540991,5.455004206679104,8.814155928043384
1.2326954437540991,6.233055885026829,8.812859525450582
1.2326954437540991,7.122081705876312,8.811270907696025
1.2326954437540991,8.137910001260915,8.809344266466747
1.2326954437540991,9.298626711061289,8.807027081126583
1.2326954437540991,10.62489738744535,8.804259167504092
1.2326954437540991,12.140335127062933,8.800971597410102
1.2326954437540991,13.871920981708046,8.797085472742689
1.3353630326006596,0.2540730953940195,8.81340293226545
1.3353630326006596,0.29031174724552056,8.813746649402049
1.3353630326006596,0.33171914742898384,8.814090133990891
1.3353630326006596,0.37903251871496474,8.814431833216444
1.3353630326006596,0.4330942345562576,8.814769907031787
1.3353630326006596,0.49486681681506367,8.815102185644934
1.3353630326006596,0.5654500726281616,8.815426120856682
1.3353630326006596,0.6461006755170664,8.815738730262789
1.3353630326006596,0.7382545393678304,8.816036533181663
1.3353630326006596,0.8435523836297413,8.816315477006079
1.3353630326006596,0.9638689448990682,8.81657085250254
1.3353630326006596,1.101346354974709,8.816797196392216
1.3353630326006596,1.2584322796530119,8.816988179338399
1.3353630326006596,1.4379234972898627,8.817136477231761
1.3353630326006596,1.6430156930084603,8.81723362339971
1.3353630326006596,1.8773603550953688,8.817269839062082
1.3353630326006596,2.1451297865757275,8.81723383900474
1.3353630326006596,2.451091389442208,8.817112609037412
1.3353630326006596,2.800692544103856,8.81689115133542
1.3353630326006596,3.200157595259617,8.816552193230331
1.3353630326006596,3.656598670945743,8.816075854406769
1.3353630326006596,4.178142307793895,8.815439266776423
1.3353630326006596,4.774074136952592,8.81461614053084
1.3353630326006596,5.455004206679104,8.813576269016261
1.3353630326006596,6.233055885026829,8.812284964121616
1.3353630326006596,7.122081705876312,8.810702412819568
1.3353630326006596,8.137910001260915,8.808782944347563
1.3353630326006596,9.298626711061289,8.806474196261268
1.3353630326006596,10.62489738744535,8.803716166242767
1.3353630326006596,12.140335127062933,8.80044013511471
1.3353630326006596,13.871920981708046,8.796567445025504
1.4465815038675087,0.2540730953940195,8.812755458078758
1.4465815038675087,0.29031174724552056,8.813097029438877
1.4465815038675087,0.33171914742898384,8.81343842281889
1.4465815038675087,0.37903251871496474,8.813778094549013
1.4465815038675087,0.4330942345562576,8.814114214445288
1.4465815038675087,0.49486681681506367,8.814444623435788
1.4465815038675087,0.5654500726281616,8.81476678504366
1.4465815038675087,0.6461006755170664,8.815077729741425
1.4465815038675087,0.7382545393678304,8.815373991041698
1.4465815038675087,0.8435523836297413,8.815651532029113
1.4465815038675087,0.9638689448990682,8.815905660865031
1.4465815038675087,1.101346354974709,8.816130933607822
1.4465815038675087,1.2584322796530119,8.81632104248274
1.4465815038675087,1.4379234972898627,8.816468687501395
1.4465815038675087,1.6430156930084603,8.816565429064992
1.4465815038675087,1.8773603550953688,8.816601518881104
1.4465815038675087,2.1451297865757275,8.816565706172852
1.4465815038675087,2.451091389442208,8.816445015754867
1.4465815038675087,2.800692544103856,8.816224494085398
1.4465815038675087,3.200157595259617,8.81588691887204
1.4465815038675087,3.656598670945743,8.815412467204176
1.4465815038675087,4.178142307793895,8.814778336503384
1.4465815038675087,4.774074136952592,8.813958311818446
1.4465815038675087,5.455004206679104,8.812922272138472
1.4465815038675087,6.233055885026829,8.811635627451414
1.4465815038675087,7.122081705876312,8.810058677230234
1.4465815038675087,8.137910001260915,8.808145879883105
1.4465815038675087,9.298626711061289,8.805845021457865
1.4465815038675087,10.62489738744535,8.803096270550562
1.4465815038675087,12.140335127062933,8.799831104949261
1.4465815038675087,13.871920981708046,8.79597109407401
1.5670630354774655,0.2540730953940195,8.812036208937407
1.5670630354774655,0.29031174724552056,8.812375185639194
1.5670630354774655,0.33171914742898384,8.812714030093854
1.5670630354774655,0.37903251871496474,8.81305120947294
1.5670630354774655,0.4330942345562576,8.813384905140737
1.5670630354774655,0.49486681681506367,8.813712970356667
1.5670630354774655,0.5654500726281616,8.814032881841976
1.5670630354774655,0.6461006755170664,8.814341684229797
1.5670630354774655,0.7382545393678304,8.81463592627078
1.5670630354774655,0.8435523836297413,8.81491158750808
1.5670630354774655,0.9638689448990682,8.815163993964026
1.5670630354774655,1.101346354974709,8.815387721192673
1.5670630354774655,1.2584322796530119,8.815576482843436
1.5670630354774655,1.4379234972898627,8.815723002645536
1.5670630354774655,1.6430156930084603,8.815818867454567
1.5670630354774655,1.8773603550953688,8.815854358694795
1.5670630354774655,2.1451297865757275,8.81581825917648
1.5670630354774655,2.451091389442208,8.815697631860663
1.5670630354774655,2.800692544103856,8.815477566677833
1.5670630354774655,3.200157595259617,8.815140890976656
1.5670630354774655,3.656598670945743,8.814667838578893
1.5670630354774655,4.178142307793895,8.814035671741774
1.5670630354774655,4.774074136952592,8.813218249573422
1.5670630354774655,5.455004206679104,8.812185535604861
1.5670630354774655,6.233055885026829,8.81090303628684
1.5670630354774655,7.122081705876312,8.809331161146998
1.5670630354774655,8.137910001260915,8.807424494208444
1.5670630354774655,9.298626711061289,8.805130965036227
1.5670630354774655,10.62489738744535,8.802390906449613
1.5670630354774655,12.140335127062933,8.799135984531327
1.5670630354774655,13.871920981708046,8.795287985108823
1.6975791205642028,0.2540730953940195,8.811238890327205
1.6975791205642028,0.29031174724552056,8.811574749212081
1.6975791205642028,0.33171914742898384,8.811910507515394
1.6975791205642028,0.37903251871496474,8.812244644155498
1.6975791205642028,0.4330942345562576,8.812575353168654
1.6975791205642028,0.49486681681506367,8.812900501482952
1.6975791205642028,0.5654500726281616,8.813217580538076
1.6975791205642028,0.6461006755170664,8.813523650776233
1.6975791205642028,0.7382545393678304,8.813815277887693
1.6975791205642028,0.8435523836297413,8.814088459540036
1.6975791205642028,0.9638689448990682,8.814338541151212
1.6975791205642028,1.101346354974709,8.814560119079525
1.6975791205642028,1.2584322796530119,8.814746929394044
1.6975791205642028,1.4379234972898627,8.814891720151586
1.6975791205642028,1.6430156930084603,8.814986104835146
1.6975791205642028,1.8773603550953688,8.815020394296754
1.6975791205642028,2.1451297865757275,8.814983404189181
1.6975791205642028,2.451091389442208,8.814862234459259
1.6975791205642028,2.800692544103856,8.814642017005697
1.6975791205642028,3.200157595259617,8.81430562707122
1.6975791205642028,3.656598670945743,8.813833353338127
1.6975791205642028,4.178142307793895,8.813202521023586
1.6975791205642028,4.774074136952592,8.812387061520615
1.6975791205642028,5.455004206679104,8.81135702129711
1.6975791205642028,6.233055885026829,8.810078001842504
1.6975791205642028,7.122081705876312,8.808510521433622
1.6975791205642028,8.137910001260915,8.806609288374615
1.6975791205642028,9.298626711061289,8.804322374149997
1.6975791205642028,10.62489738744535,8.801590273620999
1.6975791205642028,12.140335127062933,8.798344838008287
1.6975791205642028,13.871920981708046,8.794508064967841
1.8389655076622302,0.2540730953940195,8.810357913490856
1.8389655076622302,0.29031174724552056,8.810690071828338
1.8389655076622302,0.33171914742898384,8.811022127878603
1.8389655076622302,0.37903251871496474,8.811352575727735
1.8389655076622302,0.4330942345562576,8.811679625280755
1.8389655076622302,0.49486681681506367,8.8120011600956
1.8389655076622302,0.5654500726281616,8.81231468907978
1.8389655076622302,0.6461006755170664,8.812617291067024
1.8389655076622302,0.7382545393678304,8.812905551152841
1.8389655076622302,0.8435523836297413,8.813175487518675
1.8389655076622302,0.9638689448990682,8.813422467311014
1.8389655076622302,1.101346354974709,8.813641109960555
1.8389655076622302,1.2584322796530119,8.813825176121306
1.8389655076622302,1.4379234972898627,8.813967440174874
1.8389655076622302,1.6430156930084603,8.814059543974322
1.8389655076622302,1.8773603550953688,8.814091829188792
1.8389655076622302,2.1451297865757275,8.814053145248382
1.8389655076622302,2.451091389442208,8.81393062947343
1.8389655076622302,2.800692544103856,8.813709455498548
1.8389655076622302,3.200157595259617,8.813372545565294
1.8389655076622302,3.656598670945743,8.81290024165427
1.8389655076622302,4.178142307793895,8.81226992975334
1.8389655076622302,4.774074136952592,8.81145561080859
1.8389655076622302,5.455004206679104,8.810427411073544
1.8389655076622302,6.233055885026829,8.80915102365396
1.8389655076622302,7.122081705876312,8.807587072036034
1.8389655076622302,8.137910001260915,8.805690385280958
1.8389655076622302,9.298626711061289,8.803409173369594
1.8389655076622302,10.62489738744535,8.800684089892131
1.8389655076622302,12.140335127062933,8.79744716791511
1.8389655076622302,13.871920981708046,8.79362061344858
1.9921275523508093,0.2540730953940195,8.809386078355587
1.9921275523508093,0.29031174724552056,8.809714381679374
1.9921275523508093,0.33171914742898384,8.810042500689644
1.9921275523508093,0.37903251871496474,8.810368942752325
1.9921275523508093,0.4330942345562576,8.810691933302783
1.9921275523508093,0.49486681681506367,8.811009373638727
1.9921275523508093,0.5654500726281616,8.81131879253854
1.9921275523508093,0.6461006755170664,8.811617290734846
1.9921275523508093,0.7382545393678304,8.81190147713696
1.9921275523508093,0.8435523836297413,8.812167395547693
1.9921275523508093,0.9638689448990682,8.812410440457548
1.9921275523508093,1.101346354974709,8.812625260318056
1.9921275523508093,1.2584322796530119,8.812805646490887
1.9921275523508093,1.4379234972898627,8.812944405834314
1.9921275523508093,1.6430156930084603,8.813033214616938
1.9921275523508093,1.8773603550953688,8.81306245113405
1.9921275523508093,2.1451297865757275,8.813021004038177
1.9921275523508093,2.451091389442208,8.812896052977802
1.9921275523508093,2.800692544103856,8.812672817662078
1.9921275523508093,3.200157595259617,8.812334270931439
1.9921275523508093,3.656598670945743,8.811860810810291
1.9921275523508093,4.178142307793895,8.811229885844666
1.9921275523508093,4.774074136952592,8.81041556727972
1.9921275523508093,5.455004206679104,8.809388060804071
1.9921275523508093,6.233055885026829,8.808113149674302
1.9921275523508093,7.122081705876312,8.806551560029153
1.9921275523508093,8.137910001260915,8.804658238105556
1.9921275523508093,9.298626711061289,8.802381527878984
1.9921275523508093,10.62489738744535,8.799662236374667
1.9921275523508093,12.140335127062933,8.796432572549802
1.9921275523508093,13.871920981708046,8.792614944258474
2.1580460146206,0.2540730953940195,8.808308853859657
2.1580460146206,0.29031174724552056,8.808633612703714
2.1580460146206,0.33171914742898384,8.80895809054957
2.1580460146206,0.37903251871496474,8.809280798582302
2.1580460146206,0.4330942345562576,8.809599967683912
2.1580460146206,0.49486681681506367,8.80991350649839
2.1580460146206,0.5654500726281616,8.810218953295088
2.1580460146206,0.6461006755170664,8.810513420653134
2.1580460146206,0.7382545393678304,8.810793531859545
2.1580460146206,0.8435523836297413,8.811055347771704
2.1580460146206,0.9638689448990682,8.811294282737455
2.1580460146206,1.101346354974709,8.811505007988792
2.1580460146206,1.2584322796530119,8.811681340722497
2.1580460146206,1.4379234972898627,8.811816116846813
2.1580460146206,1.6430156930084603,8.811901045101543
2.1580460146206,1.8773603550953688,8.811926539942778
2.1580460146206,2.1451297865757275,8.811881530217859
2.1580460146206,2.451091389442208,8.811753240235804
2.1580460146206,2.800692544103856,8.811526939360169
2.1580460146206,3.200157595259617,8.811185655711053
2.1580460146206,3.656598670945743,8.810709848958206
2.1580460146206,4.178142307793895,8.810077036514318
2.1580460146206,4.774074136952592,8.809261366691798
2.1580460146206,5.455004206679104,8.80823313156299
2.1580460146206,6.233055885026829,8.806958211357262
2.1580460146206,7.122081705876312,8.805397441233726
2.1580460146206,8.137910001260915,8.80350589018232
2.1580460146206,9.298626711061289,8.801232040629031
2.1580460146206,10.62489738744535,8.798516856059003
2.1580460146206,12.140335127062933,8.795292722639994
2.1580460146206,13.871920981708046,8.791482249457133
2.337783339085981,0.2540730953940195,8.807108221749226
2.337783339085981,0.29031174724552056,8.80742960808233
2.337783339085981,0.33171914742898384,8.80775062851174
2.337783339085981,0.37903251871496474,8.808069797483686
2.337783339085981,0.4330942345562576,8.808385350048008
2.337783339085981,0.49486681681506367,8.80869520010346
2.337783339085981,0.5654500726281616,8.808996892463293
2.337783339085981,0.6461006755170664,8.809287547757028
2.337783339085981,0.7382545393678304,8.8095637990534
2.337783339085981,0.8435523836297413,8.80982171894814
2.337783339085981,0.9638689448990682,8.810056735704846
2.337783339085981,1.101346354974709,8.810263536863252
2.337783339085981,1.2584322796530119,8.81043595853113
2.337783339085981,1.4379234972898627,8.810566858347398
2.337783339085981,1.6430156930084603,8.810647969837786
2.337783339085981,1.8773603550953688,8.810669735573573
2.337783339085981,2.1451297865757275,8.810621116182338
2.337783339085981,2.451091389442208,8.81048937184215
2.337783339085981,2.800692544103856,8.810259812412294
2.337783339085981,3.200157595259617,8.809915511812164
2.337783339085981,3.656598670945743,8.809436981651084
2.337783339085981,4.178142307793895,8.808801798433533
2.337783339085981,4.774074136952592,8.807984177912402
2.337783339085981,5.455004206679104,8.80695448933385
2.337783339085981,6.233055885026829,8.805678701407386
2.337783339085981,7.122081705876312,8.804117750839792
2.337783339085981,8.137910001260915,8.802226823190233
2.337783339085981,9.298626711061289,8.79995453463708
2.337783339085981,10.62489738744535,8.79724200200091
2.337783339085981,12.140335127062933,8.794021787058801
2.337783339085981,13.871920981708046,8.790216699840444
2.5324904582578256,0.2540730953940195,8.805765259352377
2.5324904582578256,0.29031174724552056,8.806083350722199
2.5324904582578256,0.33171914742898384,8.806401000484584
2.5324904582578256,0.37903251871496474,8.806716724499429
2.5324904582578256,0.4330942345562576,8.807028759933049
2.5324904582578256,0.49486681681506367,8.80733502366468
2.5324904582578256,0.5654500726281616,8.80763306454239
2.5324904582578256,0.6461006755170664,8.807920008500487
2.5324904582578256,0.7382545393678304,8.808192495420322
2.5324904582578256,0.8435523836297413,8.808446606475307
2.5324904582578256,0.9638689448990682,8.80867778054607
2.5324904582578256,1.101346354974709,8.808880718117901
2.5324904582578256,1.2584322796530119,8.809049270874983
2.5324904582578256,1.4379234972898627,8.809176314977806
2.5324904582578256,1.6430156930084603,8.80925360574532
2.5324904582578256,1.8773603550953688,8.80927161115482
2.5324904582578256,2.1451297865757275,8.80921932121448
2.5324904582578256,2.451091389442208,8.809084029850219
2.5324904582578256,2.800692544103856,8.808851085475737
2.5324904582578256,3.200157595259617,8.808503605878036
2.5324904582578256,3.656598670945743,8.80802215244692
2.5324904582578256,4.178142307793895,8.807384358102222
2.5324904582578256,4.774074136952592,8.806564502522797
2.5324904582578256,5.455004206679104,8.80553302745295
2.5324904582578256,6.233055885026829,8.80425598395152
2.5324904582578256,7.122081705876312,8.802694402452902
2.5324904582578256,8.137910001260915,8.800803575427816
2.5324904582578256,9.298626711061289,8.798532241265901
2.5324904582578256,10.62489738744535,8.795821656760333
2.5324904582578256,12.140335127062933,8.79260454427302
2.5324904582578256,13.871920981708046,8.788803898327128
2.7434141624409323,0.2540730953940195,8.804268643786116
2.7434141624409323,0.29031174724552056,8.804582470763282
2.7434141624409323,0.33171914742898384,8.804895861935064
2.7434141624409323,0.37903251871496474,8.805207334466147
2.7434141624409323,0.4330942345562576,8.805515126747618
2.7434141624409323,0.49486681681506367,8.805817156783196
2.7434141624409323,0.5654500726281616,8.806110974482328
2.7434141624409323,0.6461006755170664,8.806393706884096
2.7434141624409323,0.7382545393678304,8.806661995202543
2.7434141624409323,0.8435523836297413,8.806911922439244
2.7434141624409323,0.9638689448990682,8.807138930149913
2.7434141624409323,1.101346354974709,8.807337722773562
2.7434141624409323,1.2584322796530119,8.807502157730699
2.7434141624409323,1.4379234972898627,8.807625119265216
2.7434141624409323,1.6430156930084603,8.807698373737063
2.7434141624409323,1.8773603550953688,8.807712403763599
2.7434141624409323,2.1451297865757275,8.807656218250575
2.7434141624409323,2.451091389442208,8.807517134944641
2.7434141624409323,2.800692544103856,8.807280531672173
2.7434141624409323,3.200157595259617,8.80692956190063
2.7434141624409323,3.656598670945743,8.806444829663112
2.7434141624409323,4.178142307793895,8.805804018220407
2.7434141624409323,4.774074136952592,8.804981466092508
2.7434141624409323,5.455004206679104,8.803947683269499
2.7434141624409323,6.233055885026829,8.80266879950577
2.7434141624409323,7.122081705876312,8.801105935609895
2.7434141624409323,8.137910001260915,8.799214487564191
2.7434141624409323,9.298626711061289,8.796943312146404
2.7434141624409323,10.62489738744535,8.794233801489208
2.7434141624409323,12.140335127062933,8.791018832718775
2.7434141624409323,13.871920981708046,8.787221577491763
2.9719050834485903,0.2540730953940195,8.802646737135182
2.9719050834485903,0.29031174724552056,8.802955898194204
2.9719050834485903,0.33171914742898384,8.80326453887316
2.9719050834485903,0.37903251871496474,8.803571178577283
2.9719050834485903,0.4330942345562576,8.803874059105
2.9719050834485903,0.49486681681506367,8.80417110306977
2.9719050834485903,0.5654500726281616,8.80445986617493
2.9719050834485903,0.6461006755170664,8.80473748237503
2.9719050834485903,0.7382545393678304,8.805000600831264
2.9719050834485903,0.8435523836297413,8.805245313429959
2.9719050834485903,0.9638689448990682,8.805467071478141
2.9719050834485903,1.101346354974709,8.805660590013549
2.9719050834485903,1.2584322796530119,8.80581973796318
2.9719050834485903,1.4379234972898627,8.805937412148579
2.9719050834485903,1.6430156930084603,8.806005392862506
2.9719050834485903,1.8773603550953688,8.80601417842473
2.9719050834485903,2.1451297865757275,8.80595279576061
2.9719050834485903,2.451091389442208,8.805808583630022
2.9719050834485903,2.800692544103856,8.805566944662752
2.9719050834485903,3.200157595259617,8.805211061825469
2.9719050834485903,3.656598670945743,8.804721574350054
2.9719050834485903,4.178142307793895,8.804076207489459
2.9719050834485903,4.774074136952592,8.803249349729393
2.9719050834485903,5.455004206679104,8.802211570268197
2.9719050834485903,6.233055885026829,8.800929068678418
2.9719050834485903,7.122081705876312,8.799363047680114
2.9719050834485903,8.137910001260915,8.79746899888631
2.9719050834485903,9.298626711061289,8.79519589022943
2.9719050834485903,10.62489738744535,8.792485242551646
2.9719050834485903,12.140335127062933,8.7892700815604
2.9719050834485903,13.871920981708046,8.785473750043336
3.2194263432573247,0.2540730953940195,8.800833022310988
3.2194263432573247,0.29031174724552056,8.801137736135109
3.2194263432573247,0.33171914742898384,8.801441887638353
3.2194263432573247,0.37903251871496474,8.801744003173349
3.2194263432573247,0.4330942345562576,8.802042331820289
3.2194263432573247,0.49486681681506367,8.80233480376806
3.2194263432573247,0.5654500726281616,8.802618982575503
3.2194263432573247,0.6461006755170664,8.802892010348511
3.2194263432573247,0.7382545393678304,8.803150544740877
3.2194263432573247,0.8435523836297413,8.803390686547093
3.2194263432573247,0.9638689448990682,8.803607896499926
3.2194263432573247,1.101346354974709,8.803796899710035
3.2194263432573247,1.2584322796530119,8.80395157598325
3.2194263432573247,1.4379234972898627,8.804064834017831
3.2194263432573247,1.6430156930084603,8.804128467213278
3.2194263432573247,1.8773603550953688,8.80413298850807
3.2194263432573247,2.1451297865757275,8.80406744130185
3.2194263432573247,2.451091389442208,8.803919183103234
3.2194263432573247,2.800692544103856,8.803673638073642
3.2194263432573247,3.200157595259617,8.803314014106563
3.2194263432573247,3.656598670945743,8.802820979485881
3.2194263432573247,4.178142307793895,8.802172293501888
3.2194263432573247,4.774074136952592,8.801342384664942
3.2194263432573247,5.455004206679104,8.800301869339737
3.2194263432573247,6.233055885026829,8.799017002724767
3.2194263432573247,7.122081705876312,8.797449053119397
3.2194263432573247,8.137910001260915,8.795553589355068
3.2194263432573247,9.298626711061289,8.793279670121255
3.2194263432573247,10.62489738744535,8.790568922699547
3.2194263432573247,12.140335127062933,8.787354497348893
3.2194263432573247,13.871920981708046,8.783559882292332
3.4875629229827423,0.2540730953940195,8.798793567702015
3.4875629229827423,0.29031174724552056,8.799093503859794
3.4875629229827423,0.33171914742898384,8.799392803876287
3.4875629229827423,0.37903251871496474,8.799689995250533
3.4875629229827423,0.4330942345562576,8.799983329388922
3.4875629229827423,0.49486681681506367,8.800270740144123
3.4875629229827423,0.5654500726281616,8.800549796214852
3.4875629229827423,0.6461006755170664,8.800817646436034
3.4875629229827423,0.7382545393678304,8.801070956863654
3.4875629229827423,0.8435523836297413,8.801305838422332
3.4875629229827423,0.9638689448990682,8.801517763732122
3.4875629229827423,1.101346354974709,8.801701471559252
3.4875629229827423,1.2584322796530119,8.801850857137483
3.4875629229827423,1.4379234972898627,8.801958846376568
3.4875629229827423,1.6430156930084603,8.802017251705573
3.4875629229827423,1.8773603550953688,8.802016606986474
3.4875629229827423,2.1451297865757275,8.801945978572235
3.4875629229827423,2.451091389442208,8.801792749169545
3.4875629229827423,2.800692544103856,8.801542370695318
3.4875629229827423,3.200157595259617,8.801178081784037
3.4875629229827423,3.656598670945743,8.800680585005882
3.4875629229827423,4.178142307793895,8.800027678188528
3.4875629229827423,4.774074136952592,8.79919383349476
3.4875629229827423,5.455004206679104,8.798149717089105
3.4875629229827423,6.233055885026829,8.796861641327075
3.4875629229827423,7.122081705876312,8.795290940418367
3.4875629229827423,8.137910001260915,8.793393259451253
3.4875629229827423,9.298626711061289,8.79111774552331
3.4875629229827423,10.62489738744535,8.788406128512989
3.4875629229827423,12.140335127062933,8.785191677765525
3.4875629229827423,13.871920981708046,8.78139801968681
