window_days,start_utc,end_utc,nobs,theta,kappa,sigma,lambda,half_life_minutes,effective_half_life_minutes,conditional_mixed_loglik
30,2021-01-01 00:00:00+00:00,2021-01-31 00:00:00+00:00,8541,0.0007103200788785602,3.388930424543321,0.002755500213253679,2.4098014799338467,294.5271265463721,172.12934766576623,63172.93266911343
30,2021-01-31 00:00:00+00:00,2021-03-02 00:00:00+00:00,8627,0.0007164532666401053,9.289857684228421,0.00253526246820229,2.7687226497820454,107.443189544321,82.77358630610544,64787.103644158975
30,2021-03-02 00:00:00+00:00,2021-04-01 00:00:00+00:00,8611,0.00013966353879299906,12.9559104415224,0.00165724862429702,0.7380541475088428,77.04066375817233,72.88845633541487,67541.66407916283
30,2021-04-01 00:00:00+00:00,2021-05-01 00:00:00+00:00,8633,0.0004621432025065777,3.251734842838647,0.0017860937598812479,0.966244009283535,306.95366880990457,236.63749274231978,67577.05742898422
30,2021-05-01 00:00:00+00:00,2021-05-31 00:00:00+00:00,8623,0.0009763442403124724,6.812513575279507,0.001780476500229725,1.1992528049170152,146.5144882247621,124.58325575662101,67357.92185853452
30,2021-05-31 00:00:00+00:00,2021-06-30 00:00:00+00:00,8589,0.00023321301038390765,10.702535162678734,0.0011627043638447311,0.3689337718711647,93.26126238640632,90.15352397291439,70335.88015353016
30,2021-06-30 00:00:00+00:00,2021-07-30 00:00:00+00:00,8535,0.00015438355036414249,18.67718221379286,0.0011721846678106882,0.35065580888820674,53.441248716265854,52.45640302469224,70451.3738359046
30,2021-07-30 00:00:00+00:00,2021-08-29 00:00:00+00:00,8630,0.0003781674418356452,9.454209019636025,0.001094661613723909,0.22711645847074519,105.57540434458768,103.09868646224987,71168.98414356667
30,2021-08-29 00:00:00+00:00,2021-09-28 00:00:00+00:00,8615,0.00030510389719911517,11.876775474649664,0.0011217713217017884,0.10559700113177234,84.04065077569075,83.3000261028213,70869.28115742089
30,2021-09-28 00:00:00+00:00,2021-10-28 00:00:00+00:00,8633,0.00013544066194539467,13.995320431146268,0.0011645005154936826,0.07953620249912235,71.31897729079509,70.91595786633636,70727.57832501983
30,2021-10-28 00:00:00+00:00,2021-11-27 00:00:00+00:00,8637,0.0005137500888874785,9.955910076906427,0.0011767315483236268,0.39375398791163524,100.25521848791828,96.44099883389475,70635.37444453007
30,2021-11-27 00:00:00+00:00,2021-12-27 00:00:00+00:00,8628,0.0006232192575449598,8.820839160219732,0.0014134850372675254,0.25782255741280696,113.15612062259359,109.94262932693633,69750.88083452404
30,2021-12-27 00:00:00+00:00,2022-01-26 00:00:00+00:00,8628,0.0001749715661763184,17.1426542257042,0.0011735304218569,6.1442180947646736e-06,58.22505236731036,58.2250314984713,70661.13417435263
30,2022-01-26 00:00:00+00:00,2022-02-25 00:00:00+00:00,8630,0.0005361691470461388,27.132930510035923,0.0011616228026446473,6.144215601065196e-06,36.786735573480804,36.786727243175925,70911.37523708798
30,2022-02-25 00:00:00+00:00,2022-03-27 00:00:00+00:00,8610,0.00034249174248210965,21.74452488420339,0.0010829930492981432,0.08911404101432846,45.9026787350699,45.71532685985225,71273.07207823485
30,2022-03-27 00:00:00+00:00,2022-04-26 00:00:00+00:00,8639,0.00024365362290013783,46.318426454942404,0.0010789213374021386,6.1442167974553186e-06,21.549349069042382,21.549346210485538,71898.9027626281
30,2022-04-26 00:00:00+00:00,2022-05-26 00:00:00+00:00,8632,-0.000942158411549486,2.7411074016651225,0.004935401443066071,0.3813756588861171,364.13456087127145,319.6596813018778,60374.10110298015
30,2022-05-26 00:00:00+00:00,2022-06-25 00:00:00+00:00,8607,-0.0010514307434071346,11.690759116807401,0.0012275128408232572,0.15089190873121855,85.37785528155663,84.28993033603784,70029.84355005171
30,2022-06-25 00:00:00+00:00,2022-07-25 00:00:00+00:00,8596,-0.000666329848569079,2.8997823652234267,0.0011994053997236031,6.144217643737145e-06,344.20925927984797,344.20852995196867,70001.49964833907
30,2022-07-25 00:00:00+00:00,2022-08-24 00:00:00+00:00,8602,0.00017635398772713513,28.572925213574457,0.0012115079463078885,0.5521656694290416,34.93278803432165,34.270517610257485,70379.09940319325
30,2022-08-24 00:00:00+00:00,2022-09-23 00:00:00+00:00,8599,3.8667522700519255e-05,49.970898989763924,0.001217156239066281,0.21236259719414002,19.9742642254801,19.88973830002556,70583.01608129231
30,2022-09-23 00:00:00+00:00,2022-10-23 00:00:00+00:00,8625,1.8858517181531997e-05,69.8210111828263,0.0011900183199575966,6.144217523631657e-06,14.295581274134129,14.295580016129529,71265.41677011234
30,2022-10-23 00:00:00+00:00,2022-11-22 00:00:00+00:00,8623,-0.0006282256922337573,3.519715016889332,0.002936641261919122,1.3187988109814803,283.5831694375229,206.28895059819413,64533.924870695424
30,2022-11-22 00:00:00+00:00,2022-12-22 00:00:00+00:00,8601,-0.0001943038615345316,4.885812080489615,0.0012470383760949115,0.17449407458853247,204.29192190836307,197.24734223929715,69800.7125862246
30,2022-12-22 00:00:00+00:00,2023-01-21 00:00:00+00:00,8634,-0.00018821609803766452,13.955440076804196,0.0012267176450141267,0.15995239604922842,71.52278498657665,70.71230516090276,70291.26052667471
30,2023-01-21 00:00:00+00:00,2023-02-20 00:00:00+00:00,8635,0.00014101887758041662,32.5129654995832,0.0013222916448260313,0.4676226230657187,30.699504787378334,30.264225013042417,69961.71329219226
30,2023-02-20 00:00:00+00:00,2023-03-22 00:00:00+00:00,8619,0.001535128335386087,0.8596762576819853,0.0032833077453888696,3.1817580312602045,1161.0556079537025,246.97467993908012,62823.3644898095
30,2023-03-22 00:00:00+00:00,2023-04-21 00:00:00+00:00,8639,0.0004643870116681507,1.598640044811243,0.0008116227123058507,3.4370719979204107,624.3631536980384,198.21068630145066,74337.03665213169
30,2023-04-21 00:00:00+00:00,2023-05-21 00:00:00+00:00,8617,0.0003411894090448069,1.060008319970368,0.0005601721050730268,3.7404075110809383,941.6265148128492,207.92614122092152,77362.27648812915
30,2023-05-21 00:00:00+00:00,2023-06-20 00:00:00+00:00,8635,-6.543294675054819e-05,1.1847576796023973,0.0005594898221277197,1.6217270480155614,842.4777126925167,355.6520119934873,77516.33129833628
30,2023-06-20 00:00:00+00:00,2023-07-20 00:00:00+00:00,8617,3.6472620023240344e-06,5.896743944879867,0.0006451712521115877,3.9329384949382273,169.26831982809728,101.54264353068892,75872.02423762107
30,2023-07-20 00:00:00+00:00,2023-08-19 00:00:00+00:00,8616,-0.0006353305029554691,0.58130876074188,0.0005732969897990305,2.872492772040514,1717.0426585907317,288.9951638889403,77197.50186566327
30,2023-08-19 00:00:00+00:00,2023-09-18 00:00:00+00:00,8636,-0.00027939689780037073,2.257703870303514,0.0005567324626480949,2.4215319145072374,442.1004690363301,213.3108879117298,77135.17257731453
30,2023-09-18 00:00:00+00:00,2023-10-18 00:00:00+00:00,8627,3.0297039604604784e-05,1.3120209777651268,0.00047446383432584095,2.840047444272482,760.7591318444629,240.39390456780873,78507.80196749086
30,2023-10-18 00:00:00+00:00,2023-11-17 00:00:00+00:00,8633,0.0003096089837048801,4.1373605515726615,0.0006225136101175644,4.643665283397855,241.24847896732592,113.66917245946954,76674.14660295853
30,2023-11-17 00:00:00+00:00,2023-12-17 00:00:00+00:00,8637,0.0001838852257677268,3.3671188615037844,0.0007442812145272227,3.9101219617368765,296.43501790743045,137.1580196739784,74769.46986356784
30,2023-12-17 00:00:00+00:00,2024-01-16 00:00:00+00:00,8589,0.00020955607164993906,1.8837199128196556,0.0009307413625492994,2.950934655760859,529.8727975499619,206.4536205943208,72685.48783318592
30,2024-01-16 00:00:00+00:00,2024-02-15 00:00:00+00:00,8571,-0.00028126016948229303,1.207456171912831,0.000794239984000679,2.897807523164841,826.6403064759676,243.13467152015346,73938.4178588575
30,2024-02-15 00:00:00+00:00,2024-03-16 00:00:00+00:00,8633,0.0005237301754916913,2.267993584104363,0.0014085225413892517,2.395352201018075,440.0946929488279,214.03772870343025,70301.61543944328
30,2024-03-16 00:00:00+00:00,2024-04-15 00:00:00+00:00,8550,0.00012131581593096454,3.275079544199578,0.0009991123068953333,1.6053682142521202,304.76570920974757,204.51646844857825,72064.8908100021
30,2024-04-15 00:00:00+00:00,2024-05-15 00:00:00+00:00,8635,-9.984850420320745e-05,1.1181392804961807,0.0006598104190515727,2.588933566079074,892.672279220344,269.2506949056683,75700.09269858188
30,2024-05-15 00:00:00+00:00,2024-06-14 00:00:00+00:00,8626,-0.00031302266718738773,1.2201099067680294,0.0006017451411055322,3.8181565151000685,818.0672367871272,198.11019434661654,76843.43594799229
30,2024-06-14 00:00:00+00:00,2024-07-14 00:00:00+00:00,8630,-0.0005339456301051653,0.7784469819845381,0.0006886309899717086,2.951940408652134,1282.2092744989877,267.56790528287956,75827.79794917957
30,2024-07-14 00:00:00+00:00,2024-08-13 00:00:00+00:00,8632,5.995739710913594e-05,1.7036456310409849,0.0007213012218105925,3.643277029385126,585.8800221243364,186.67409337968192,75133.27787086931
30,2024-08-13 00:00:00+00:00,2024-09-12 00:00:00+00:00,8633,0.00011136080752243883,3.121220495007575,0.0005543778855038793,2.697398994037552,319.78898690523266,171.5410230700824,78496.6468097355
30,2024-09-12 00:00:00+00:00,2024-10-12 00:00:00+00:00,8609,-7.851765747017736e-05,1.2800866093889596,0.0004912451675964235,5.3802772919412805,779.7378182736968,149.86147225483722,78127.54419799232
30,2024-10-12 00:00:00+00:00,2024-11-11 00:00:00+00:00,8636,-0.00036430494205795343,1.1795892899399913,0.0009636989698622565,2.9685895045193833,846.1690424953745,240.61931499662037,73310.92985081358
30,2024-11-11 00:00:00+00:00,2024-12-11 00:00:00+00:00,8631,0.0006405347991342102,3.2758817597315275,0.0012500780801362014,2.0703817330840306,304.6910765448758,186.697109363883,70631.47812337407
30,2024-12-11 00:00:00+00:00,2025-01-10 00:00:00+00:00,8639,-0.0007027977740618402,0.861544515593148,0.0009289195493949489,2.1331255493303414,1158.5378607153418,333.30280744360476,72947.13813431247
30,2025-01-10 00:00:00+00:00,2025-02-09 00:00:00+00:00,8578,-0.00016856923592498688,1.6581434989839692,0.0009064841865337028,1.6721258182721104,601.9575149062362,299.71508155043614,72512.29791745785
30,2025-02-09 00:00:00+00:00,2025-03-11 00:00:00+00:00,8629,-0.00022711459591946928,1.167699915034959,0.0005977142204789681,3.045812937356688,854.7846301559754,236.88831029428758,76788.96823022852
30,2025-03-11 00:00:00+00:00,2025-04-10 00:00:00+00:00,8637,-0.00023846881504104066,2.0990902636715396,0.0004956609644982979,4.190983680616292,475.5069171063081,158.68365759241178,78448.00025017692
30,2025-04-10 00:00:00+00:00,2025-05-10 00:00:00+00:00,8639,5.810603782107407e-05,1.6661888981852178,0.00048223411107348304,3.3476266631455074,599.0508885838022,199.0763177856916,78833.79577386491
30,2025-05-10 00:00:00+00:00,2025-06-09 00:00:00+00:00,8639,0.00022195982762401403,7.212238965340792,0.0005637333806694644,5.990350863045256,138.39418588360064,75.6012231676168,77163.99569634213
30,2025-06-09 00:00:00+00:00,2025-07-09 00:00:00+00:00,8637,0.00017696196552753182,5.578157920330689,0.000534001772286936,6.054526150877913,178.9357623541696,85.80409593317687,77730.6081721653
30,2025-07-09 00:00:00+00:00,2025-08-08 00:00:00+00:00,8637,0.00012802964988004224,3.655929443581356,0.0006953982953642374,3.8456594954720695,273.0172875077559,133.05606960280454,75313.62864776091
30,2025-08-08 00:00:00+00:00,2025-09-07 00:00:00+00:00,8604,4.9623359326624596e-05,3.338738252891901,0.0006755211785970999,3.4399673076568273,298.95483395314784,147.24521239207263,75167.4473896076
30,2025-09-07 00:00:00+00:00,2025-10-07 00:00:00+00:00,8639,0.00023314397895622487,5.673185346892553,0.0006029935251913699,4.190638094140322,175.93853875284384,101.19118067889944,76560.60970327737
30,2025-10-07 00:00:00+00:00,2025-11-06 00:00:00+00:00,8554,0.00015391088948374414,4.1425400980765605,0.001120346855254371,1.1068102404729527,240.94683850369194,190.1438988890428,72291.85156373034
30,2025-11-06 00:00:00+00:00,2025-12-06 00:00:00+00:00,8617,-0.00042109816079996076,1.1862560252621943,0.0006014107960648927,3.2130343487257274,841.4135892677193,226.88475984855768,76863.85729717597
90,2020-11-02 00:00:00+00:00,2021-01-31 00:00:00+00:00,8541,0.0007103200788785602,3.388930424543321,0.002755500213253679,2.4098014799338467,294.5271265463721,172.12934766576623,63172.93266911343
90,2020-12-02 00:00:00+00:00,2021-03-02 00:00:00+00:00,17169,0.0007138542034921775,4.80895366309456,0.0026441742385631198,2.501593929119511,207.55698847054882,136.5331293471584,127891.71357406637
90,2021-01-01 00:00:00+00:00,2021-04-01 00:00:00+00:00,25781,0.0005215789941109641,4.68813588679465,0.002357872927819332,2.1433968290397503,212.90593193294984,146.10658859801856,194802.9172626803
90,2021-01-31 00:00:00+00:00,2021-05-01 00:00:00+00:00,25873,0.00043846704778124267,5.549749264069097,0.0020250000915326425,1.6641326473025488,179.85171807104078,138.36266690655276,199397.26956646118
90,2021-03-02 00:00:00+00:00,2021-05-31 00:00:00+00:00,25869,0.0005246347025518257,3.818546048992701,0.0017369093362116746,0.8817937854825072,261.390573061079,212.3531436355734,202452.44248586416
90,2021-04-01 00:00:00+00:00,2021-06-30 00:00:00+00:00,25847,0.0005552791699258822,3.5646559714784183,0.0016005051830695397,0.9256879101353112,280.0079300758868,222.28407585737392,204663.77319768196
90,2021-05-01 00:00:00+00:00,2021-07-30 00:00:00+00:00,25749,0.00045338229947796934,3.908244664689502,0.0013950226967795762,0.6989918475721012,255.39136508630523,216.64438917991592,207181.6513935082
90,2021-05-31 00:00:00+00:00,2021-08-29 00:00:00+00:00,25756,0.00025551871094944573,10.338695664770816,0.0011409003016906063,0.27484121275135315,96.54331381544225,94.04329127269632,211947.27419805032
90,2021-06-30 00:00:00+00:00,2021-09-28 00:00:00+00:00,25782,0.0002795119961362756,10.644246168220585,0.0011270672461964214,0.19491659865044075,93.7719707184469,92.08570453956335,212496.278535838
90,2021-07-30 00:00:00+00:00,2021-10-28 00:00:00+00:00,25880,0.0002729936702389309,9.695098324767361,0.0011251841016450797,0.11995253060460863,102.95222457481078,101.6940161303417,212727.54706662268
90,2021-08-29 00:00:00+00:00,2021-11-27 00:00:00+00:00,25887,0.0003183215402912844,8.168701189016943,0.0011507875477883304,0.18031761976536922,122.1897969959213,119.55080745013879,212163.01541965455
90,2021-09-28 00:00:00+00:00,2021-12-27 00:00:00+00:00,25900,0.0004246848811970988,6.486872697586683,0.0012521909882851744,0.24019417963024464,153.86951255844087,148.37550424640062,211091.5358308402
90,2021-10-28 00:00:00+00:00,2022-01-26 00:00:00+00:00,25895,0.00043737751278616186,7.105249077952686,0.0012547329405282754,0.21811000533143302,140.4781069679156,136.29427816595805,210989.35920852498
90,2021-11-27 00:00:00+00:00,2022-02-25 00:00:00+00:00,25888,0.00044457390811083173,7.990916341014549,0.0012458551809613092,0.11751685582599053,124.908320574358,123.0980037419861,211121.1841058378
90,2021-12-27 00:00:00+00:00,2022-03-27 00:00:00+00:00,25870,0.0003512674068393551,12.17389743947708,0.0011305924599444251,6.1442162073476795e-06,81.98951444831583,81.98947306789088,212613.66946181972
90,2022-01-26 00:00:00+00:00,2022-04-26 00:00:00+00:00,25881,0.00037386243963578294,16.52220309753066,0.0010945245950244294,0.0007065873845550253,60.41155250993724,60.40896906418229,213735.31481034975
90,2022-02-25 00:00:00+00:00,2022-05-26 00:00:00+00:00,25883,-0.0001193715734669899,2.4175070626741078,0.002976052207392844,0.18435691447349578,412.87653526118135,383.62187599851507,193820.0260917807
90,2022-03-27 00:00:00+00:00,2022-06-25 00:00:00+00:00,25880,-0.0005837212731184458,2.4278017141429147,0.0029956350817901692,0.2093047989140212,411.12580742974353,378.4951176846042,193596.16655348675
90,2022-04-26 00:00:00+00:00,2022-07-25 00:00:00+00:00,25837,-0.0008858176738357322,2.8234727482486193,0.0030186415439587247,0.18275139397077153,353.5121564836975,332.021796375248,192786.96022649898
90,2022-05-26 00:00:00+00:00,2022-08-24 00:00:00+00:00,25807,-0.0005111635699849793,1.9189357214702185,0.0011999714197420757,0.11966221889083391,520.148709953447,489.6168686551032,210156.8330223165
90,2022-06-25 00:00:00+00:00,2022-09-23 00:00:00+00:00,25799,-0.00015150182384957288,2.997492552671888,0.001184668089298781,0.10883525303427423,332.98896409821333,321.32215349996375,210464.7634942766
90,2022-07-25 00:00:00+00:00,2022-10-23 00:00:00+00:00,25828,7.789857496801408e-05,32.47029068627569,0.0011895147177065767,0.1935723555960723,30.73985230530149,30.557682008610467,211877.9856271684
90,2022-08-24 00:00:00+00:00,2022-11-22 00:00:00+00:00,25849,-0.0001905234322215826,3.6735269914858844,0.0019378521519278064,0.5872696828204644,271.70943409962325,234.25946279607805,202969.32298197315
90,2022-09-23 00:00:00+00:00,2022-12-22 00:00:00+00:00,25851,-0.0002664097876035667,3.5639326627998904,0.0019533085040544444,0.6109800761386233,280.0647583566213,239.07851550930852,202770.33639061562
90,2022-10-23 00:00:00+00:00,2023-01-21 00:00:00+00:00,25860,-0.00033534038634298034,3.738760952166396,0.001971509384446658,0.6064215882911498,266.9686435630396,229.71001349490334,202463.68034365962
90,2022-11-22 00:00:00+00:00,2023-02-20 00:00:00+00:00,25872,-8.130476603535142e-05,7.478492388768375,0.0012550188621822432,0.2652863642274077,133.46699951254513,128.8946871861726,209941.26024503988
90,2022-12-22 00:00:00+00:00,2023-03-22 00:00:00+00:00,25890,0.0004986799400003869,0.8738994816975896,0.0021521897942396347,1.5983963939740893,1142.158750417616,403.7267342587571,199474.0766593699
90,2023-01-21 00:00:00+00:00,2023-04-21 00:00:00+00:00,25895,0.0007033900805192805,0.8723139921331138,0.002088058601470217,1.7643446532965428,1144.234701045593,378.55940955287014,200673.70820663514
90,2023-02-20 00:00:00+00:00,2023-05-21 00:00:00+00:00,25877,0.0007715669663309159,0.7908392667805206,0.0019784829528688656,1.9180594873217558,1262.117325142038,368.4640994776123,202627.03894735582
90,2023-03-22 00:00:00+00:00,2023-06-20 00:00:00+00:00,25893,0.00024182518626446334,1.0168368665737164,0.0006545027048790048,3.211883176547445,981.6047911102767,236.03641996352485,228520.13336047038
90,2023-04-21 00:00:00+00:00,2023-07-20 00:00:00+00:00,25871,9.369510653349018e-05,1.2629996156914773,0.0005887304578825273,2.8663442383352242,790.2868121300701,241.71683814439422,230508.73350506183
90,2023-05-21 00:00:00+00:00,2023-08-19 00:00:00+00:00,25870,-0.00022943771062773995,0.774712062727649,0.0005927715103670223,2.473758665747596,1288.3908590399938,307.26210067308216,230485.285792384
90,2023-06-20 00:00:00+00:00,2023-09-18 00:00:00+00:00,25871,-0.0002983209799921519,0.8766642682603821,0.0005917619061496694,2.4922714303433855,1138.5566586248287,296.2751531351549,230034.79887815766
90,2023-07-20 00:00:00+00:00,2023-10-18 00:00:00+00:00,25881,-0.0002870490434231841,0.6486377536694649,0.0005362180668971933,2.1897887679661836,1538.8125873952024,351.6497370631761,232672.75654932557
90,2023-08-19 00:00:00+00:00,2023-11-17 00:00:00+00:00,25898,2.0384614517279666e-05,1.2194937882746084,0.0005537630383835265,2.720110606379837,818.4805446352626,253.35841876932173,232116.7049518489
90,2023-09-18 00:00:00+00:00,2023-12-17 00:00:00+00:00,25899,0.00017249738569206457,2.271821955536433,0.0006230865788309088,3.9153915443026643,439.35306531124604,161.32172261912058,229307.85068237636
90,2023-10-18 00:00:00+00:00,2024-01-16 00:00:00+00:00,25861,0.0002333943371745665,2.4446174064148374,0.0007756750248896065,3.361320155366716,408.2978127322325,171.9157206540892,223449.08217674456
90,2023-11-17 00:00:00+00:00,2024-02-15 00:00:00+00:00,25799,3.282658413164761e-05,1.3790654479736355,0.0008261635634722514,2.869783643209477,723.7741627657712,234.91819045246123,221202.00196871435
90,2023-12-17 00:00:00+00:00,2024-03-16 00:00:00+00:00,25795,0.00014720550342781416,1.3622824786881222,0.0010773764589824648,2.564021304657469,732.6908740450967,254.21668701238806,216024.30769044178
90,2024-01-16 00:00:00+00:00,2024-04-15 00:00:00+00:00,25756,0.00011995408245249661,1.506599954605812,0.001097468210696873,2.2288469958894113,662.506285729627,267.2054919355754,215444.5702897867
90,2024-02-15 00:00:00+00:00,2024-05-15 00:00:00+00:00,25820,0.00018766543050176713,1.7420768591908764,0.0010668463875938665,2.055937291382985,572.9551682753612,262.80363906898776,216802.2830719732
90,2024-03-16 00:00:00+00:00,2024-06-14 00:00:00+00:00,25813,-9.201750942323924e-05,1.49745392051037,0.0007722820264299875,2.3168484200456643,666.552690760683,261.6813904324158,223646.64564989615
90,2024-04-15 00:00:00+00:00,2024-07-14 00:00:00+00:00,25893,-0.00032060322275007493,0.8476936976048987,0.0006509465176136938,2.9141993294383357,1177.467690070689,265.3270395598758,228260.94208817123
90,2024-05-15 00:00:00+00:00,2024-08-13 00:00:00+00:00,25890,-0.0002622467717957773,0.8555088061809161,0.000672211426558803,3.1913171836500127,1166.7114736808967,246.645628577675,227604.06135315695
90,2024-06-14 00:00:00+00:00,2024-09-12 00:00:00+00:00,25897,-0.00012134356572900874,0.8403388084127785,0.0006582154254013863,2.88484775211602,1187.7732290997965,267.9414638134618,228872.21872376086
90,2024-07-14 00:00:00+00:00,2024-10-12 00:00:00+00:00,25876,3.194428265881742e-05,1.7028622638577815,0.0005968206262043521,3.6568965542832967,586.1495443237343,186.22702510940647,231106.84632098614
90,2024-08-13 00:00:00+00:00,2024-11-11 00:00:00+00:00,25880,-0.00011073650399898909,1.1171907169450244,0.0007016256492537045,2.4017833829360744,893.4302128250123,283.6428776330143,228113.21333533758
90,2024-09-12 00:00:00+00:00,2024-12-11 00:00:00+00:00,25878,6.627761874611526e-05,1.069290360383748,0.000953581042436792,2.2838102269637006,933.452668223915,297.674320827911,219216.48770598235
90,2024-10-12 00:00:00+00:00,2025-01-10 00:00:00+00:00,25908,-0.0001380457003572897,0.7943064033942105,0.0010561344705172985,2.1200791767792504,1256.6082002375008,342.4845177647748,216381.8313950843
90,2024-11-11 00:00:00+00:00,2025-02-09 00:00:00+00:00,25850,-7.50008562666563e-05,0.859116463340207,0.0010393747396153044,1.7104370272878582,1161.8121437524642,388.44567495746196,215701.49384925392
90,2024-12-11 00:00:00+00:00,2025-03-11 00:00:00+00:00,25848,-0.0003660957470822556,0.9564471470000496,0.0008246652111336527,2.2758651632194513,1043.582955040452,308.7981123762573,221289.29163743902
90,2025-01-10 00:00:00+00:00,2025-04-10 00:00:00+00:00,25846,-0.00020933712443757006,1.543441153707349,0.0006885159565451459,2.6329654366637594,646.6925788578374,238.99299994103995,225993.60154099774
90,2025-02-09 00:00:00+00:00,2025-05-10 00:00:00+00:00,25907,-0.00013371237016591094,1.248886095698687,0.0005275483740131253,3.2368610964614564,799.2177536798648,222.51185750074865,233805.70510933315
90,2025-03-11 00:00:00+00:00,2025-06-09 00:00:00+00:00,25917,1.6266012567628287e-05,1.5243444191752695,0.0005140083408588994,3.5573345464809023,654.7942364274538,196.417748297769,234125.61621361505
90,2025-04-10 00:00:00+00:00,2025-07-09 00:00:00+00:00,25917,0.00015121871977453487,3.1260390996625214,0.0005268248639288014,4.8148063985345955,319.29605106797186,125.69592749700725,233531.80886682746
90,2025-05-10 00:00:00+00:00,2025-08-08 00:00:00+00:00,25915,0.00017581071412454754,4.595919686113596,0.0006014810259082953,4.908292133369035,217.17784647589482,105.01995946263067,229865.91053938822
90,2025-06-09 00:00:00+00:00,2025-09-07 00:00:00+00:00,25880,0.00011820012856743491,3.6397693951037335,0.0006387745635547626,4.15538181794081,274.22944468652923,128.04523128891066,227838.13151859777
90,2025-07-09 00:00:00+00:00,2025-10-07 00:00:00+00:00,25882,0.00013724474625397045,3.551893038841743,0.0006588111412821979,3.6264309828424324,281.01407590015936,139.04804756530618,226947.51353045966
90,2025-08-08 00:00:00+00:00,2025-11-06 00:00:00+00:00,25799,0.0001456188278989985,3.8574982447423216,0.0008304602315737951,0.9098867748886654,258.75110672227817,209.3667568061411,223592.8122193293
90,2025-09-07 00:00:00+00:00,2025-12-06 00:00:00+00:00,25812,-1.383628410924217e-05,1.6597246319190253,0.0008098515463727717,0.9775571960070033,601.3840614344863,378.46995699782946,225128.08351744592
180,2020-08-04 00:00:00+00:00,2021-01-31 00:00:00+00:00,8541,0.0007103200788785602,3.388930424543321,0.002755500213253679,2.4098014799338467,294.5271265463721,172.12934766576623,63172.93266911343
180,2020-09-03 00:00:00+00:00,2021-03-02 00:00:00+00:00,17169,0.0007138542034921775,4.80895366309456,0.0026441742385631198,2.501593929119511,207.55698847054882,136.5331293471584,127891.71357406637
180,2020-10-03 00:00:00+00:00,2021-04-01 00:00:00+00:00,25781,0.0005215789941109641,4.68813588679465,0.002357872927819332,2.1433968290397503,212.90593193294984,146.10658859801856,194802.9172626803
180,2020-11-02 00:00:00+00:00,2021-05-01 00:00:00+00:00,34415,0.000506285147787717,4.368154613277368,0.0022280595347829134,1.940610465028972,228.501971283804,158.21352160322968,262013.12386465713
180,2020-12-02 00:00:00+00:00,2021-05-31 00:00:00+00:00,43039,0.000600115695574042,4.287992670354744,0.0021450692866266494,1.8536568100124886,232.7737047936106,162.51854541634293,329190.6907990091
180,2021-01-01 00:00:00+00:00,2021-06-30 00:00:00+00:00,51629,0.0005385686180952331,4.257783414092088,0.002014459840153868,1.7651772224265212,234.42524969747876,165.72114616761988,398126.97026157845
180,2021-01-31 00:00:00+00:00,2021-07-30 00:00:00+00:00,51623,0.0004463501080496703,4.888695342534011,0.001739306374450364,1.4364618891525904,204.17143431338238,157.8034985448369,405284.41550509783
180,2021-03-02 00:00:00+00:00,2021-08-29 00:00:00+00:00,51626,0.00039037120313942285,4.352155127403705,0.0014682814957528761,0.7635575176778101,229.34199512363446,195.11102543376273,412480.89896824094
180,2021-04-01 00:00:00+00:00,2021-09-28 00:00:00+00:00,51630,0.0004178494935938457,4.173319935789609,0.0013823895630156464,0.6759668508225336,239.16976300966743,205.83066828754139,415867.14442731196
180,2021-05-01 00:00:00+00:00,2021-10-28 00:00:00+00:00,51630,0.0003640311527237362,4.8426608257995465,0.0012654884813721732,0.4896229731886104,206.11229568024203,187.1865747647799,419518.5040211201
180,2021-05-31 00:00:00+00:00,2021-11-27 00:00:00+00:00,51644,0.0002869710243292302,8.988307440750857,0.0011456079790994654,0.21799334169499132,111.04781924581567,108.41834995327474,424113.9182980151
180,2021-06-30 00:00:00+00:00,2021-12-27 00:00:00+00:00,51683,0.00035222155512404184,7.413394065669097,0.0011904526349673227,0.21059375920529602,134.63899681639742,130.91992838049498,423422.73481326154
180,2021-07-30 00:00:00+00:00,2022-01-26 00:00:00+00:00,51776,0.00035536530869075656,7.476668776235506,0.0011909174470399497,0.16688432856028204,133.49955306016372,130.584811320283,423600.9063470988
180,2021-08-29 00:00:00+00:00,2022-02-25 00:00:00+00:00,51776,0.00038146055901241115,7.72017019998085,0.0011988864366057118,0.14906472471665314,129.28885168992738,126.83976899376782,423253.3492666947
180,2021-09-28 00:00:00+00:00,2022-03-27 00:00:00+00:00,51771,0.0003879217827456286,8.06890377831654,0.0011919963330262603,0.13074674325802405,123.70105870993133,121.72859530782192,423755.5560189269
180,2021-10-28 00:00:00+00:00,2022-04-26 00:00:00+00:00,51777,0.0004055023523752682,9.268541373258147,0.001175477182001268,0.12124056953673013,107.69029341403807,106.29979972774812,424444.27741179714
180,2021-11-27 00:00:00+00:00,2022-05-26 00:00:00+00:00,51772,0.00016234667118704513,2.4919153564453396,0.0022797718989903937,0.14796302413071447,400.5480914207831,378.09769849644226,400166.76359055954
180,2021-12-27 00:00:00+00:00,2022-06-25 00:00:00+00:00,51751,-0.00011582191659255793,2.1890494798967084,0.002261395093175056,0.15378315080293492,455.9659108543397,426.03638302077417,400377.9582196773
180,2022-01-26 00:00:00+00:00,2022-07-25 00:00:00+00:00,51719,-0.0002557015186775,2.1011326514542565,0.002265217647593608,0.1620371758025776,475.044704728892,441.0327179097059,400384.4791058863
180,2022-02-25 00:00:00+00:00,2022-08-24 00:00:00+00:00,51691,-0.00031597965733726863,2.2507934311464686,0.0022700062926291702,0.15711648968744688,443.4578163389746,414.52212616850915,399573.5399157072
180,2022-03-27 00:00:00+00:00,2022-09-23 00:00:00+00:00,51680,-0.000367915695659688,2.386371025122448,0.00227892177519225,0.15391164514818256,418.26351791004737,392.9216034450153,398896.8140967344
180,2022-04-26 00:00:00+00:00,2022-10-23 00:00:00+00:00,51666,-0.00040469673187827984,2.4892621206218952,0.002286050058172472,0.13432388956303606,400.97502458156424,380.44567097533997,398460.6530103785
180,2022-05-26 00:00:00+00:00,2022-11-22 00:00:00+00:00,51657,-0.00035247303262596303,2.7606980149143867,0.0016113777318846783,0.3827421649815249,361.5505696798477,317.5285301721162,413159.1731869134
180,2022-06-25 00:00:00+00:00,2022-12-22 00:00:00+00:00,51651,-0.00020913239807286664,3.3627698921940405,0.00161566339586575,0.3771431296893432,296.8183884134545,266.88640462116194,412560.9361650035
180,2022-07-25 00:00:00+00:00,2023-01-21 00:00:00+00:00,51689,-0.0001291256076977686,4.175342451970592,0.0016184963013514955,0.3798035429268987,239.05391030506814,219.12183300478014,412309.73521059565
180,2022-08-24 00:00:00+00:00,2023-02-20 00:00:00+00:00,51722,-0.00013459039015527405,4.2884748377522826,0.001631686122233676,0.404902056831527,232.74753327676558,212.668183788558,412203.92248201283
180,2022-09-23 00:00:00+00:00,2023-03-22 00:00:00+00:00,51742,0.00011333927726622625,1.216454614161611,0.0020536797601363147,1.0280072521537722,820.5254255985873,444.70879857045765,402432.1183469844
180,2022-10-23 00:00:00+00:00,2023-04-21 00:00:00+00:00,51756,0.000185853853773559,1.1562908726863856,0.002028779650061977,1.0670721833819434,863.2187311894825,448.9289040231522,403726.6410161103
180,2022-11-22 00:00:00+00:00,2023-05-21 00:00:00+00:00,51750,0.00035333760784514093,0.9335532588816398,0.0016542249065042663,1.1188209759828585,1069.1751440105775,486.33037925084847,411815.6888437487
180,2022-12-22 00:00:00+00:00,2023-06-20 00:00:00+00:00,51784,0.00036871722360631073,0.8771316563019291,0.001590595142528707,1.229827201395582,1137.9499677557424,473.73110127887446,415018.1592173257
180,2023-01-21 00:00:00+00:00,2023-07-20 00:00:00+00:00,51767,0.00039996149288586575,0.8353381464601236,0.0015342537524286558,1.3535502225128013,1194.883705761627,455.99947176596623,417366.1210261047
180,2023-02-20 00:00:00+00:00,2023-08-19 00:00:00+00:00,51748,0.0002716117250690676,0.6664116203279734,0.001460353884241473,1.4511112417094592,1497.770911490247,471.3677277826135,421369.97292657546
180,2023-03-22 00:00:00+00:00,2023-09-18 00:00:00+00:00,51765,-2.9345510228023424e-05,0.7081416546479319,0.0006238118896674765,2.72236201705046,1409.5088651472768,290.9578404596666,458565.8544820917
180,2023-04-21 00:00:00+00:00,2023-10-18 00:00:00+00:00,51753,-9.613312558387725e-05,0.744133535233309,0.0005629694859752301,2.451443271735342,1341.3344416649302,312.34797355822496,463273.24800485437
180,2023-05-21 00:00:00+00:00,2023-11-17 00:00:00+00:00,51769,-0.0001042090525589018,0.8525125123349591,0.0005735248649165946,2.4706984463992665,1170.812070866295,300.35166361707553,462542.0569638318
180,2023-06-20 00:00:00+00:00,2023-12-17 00:00:00+00:00,51771,-6.587301650625484e-05,0.9213489877925714,0.0006072531377899829,2.8607247854899596,1083.3375335850876,263.9112824972804,459248.3192807453
180,2023-07-20 00:00:00+00:00,2024-01-16 00:00:00+00:00,51743,-3.312436936685313e-05,0.9139434872054676,0.0006661711241005395,2.8813859111324627,1092.1156001212653,262.989541946854,454874.60170147
180,2023-08-19 00:00:00+00:00,2024-02-15 00:00:00+00:00,51698,2.6541838427313452e-05,1.3244273920078786,0.0007030123259509363,2.902066024845469,753.632812209598,236.16077006679382,451773.5325001759
180,2023-09-18 00:00:00+00:00,2024-03-16 00:00:00+00:00,51695,0.00015863481972553357,1.5096042088201331,0.0008795341781814693,2.642723012320941,661.187835973533,240.3789217103249,442750.7938453531
180,2023-10-18 00:00:00+00:00,2024-04-15 00:00:00+00:00,51618,0.00017499210315093808,1.7017989550318275,0.0009498575188121888,2.442933240976241,586.5157791142573,240.81940468135812,438056.53885375784
180,2023-11-17 00:00:00+00:00,2024-05-15 00:00:00+00:00,51620,0.00010942994256430625,1.5506907235607839,0.0009541165403541669,2.256143512084022,643.669253217917,262.194747189263,437766.2084815694
180,2023-12-17 00:00:00+00:00,2024-06-14 00:00:00+00:00,51609,2.7255115984624664e-05,1.3461961513152052,0.0009372164519360698,2.2731556282378844,741.4461399486006,275.77643755025343,438832.2838285617
180,2024-01-16 00:00:00+00:00,2024-07-14 00:00:00+00:00,51650,-9.769044935250278e-05,1.0914151182564584,0.0009015026402258905,2.1705371143541488,914.5300658844111,305.99220001682727,441560.15429595235
180,2024-02-15 00:00:00+00:00,2024-08-13 00:00:00+00:00,51711,-4.144294611985526e-05,1.1419940853656565,0.0008910930790864128,2.10565625507843,874.0254899715422,307.33971806516456,442633.9142570701
180,2024-03-16 00:00:00+00:00,2024-09-12 00:00:00+00:00,51711,-0.00010880094448806857,1.124093487346153,0.0007173598885224545,2.550533470411763,887.9438865559024,271.6281003433704,452167.1750822269
180,2024-04-15 00:00:00+00:00,2024-10-12 00:00:00+00:00,51770,-0.00014506866506147395,0.9377565457798345,0.0006243108789599681,3.0125829391409997,1064.382802229633,252.66991452668125,459182.9896620227
180,2024-05-15 00:00:00+00:00,2024-11-11 00:00:00+00:00,51771,-0.00018650683677747204,0.9498849422912189,0.0006870404814945298,2.7162234612706375,1050.792465031318,272.2592542644328,455829.4596493178
180,2024-06-14 00:00:00+00:00,2024-12-11 00:00:00+00:00,51776,-2.768345119198695e-05,0.9569651233270349,0.0008192295069874182,2.3374130189729936,1043.0180950964686,302.98037957156237,446563.47999015794
180,2024-07-14 00:00:00+00:00,2025-01-10 00:00:00+00:00,51785,-5.460888358539304e-05,0.8956217167465398,0.000857832766443118,2.2302441593910167,1114.4570540698398,319.3137452332576,443717.64328558
180,2024-08-13 00:00:00+00:00,2025-02-09 00:00:00+00:00,51731,-9.209409489436463e-05,0.9239600201594887,0.0008866112357434461,2.1045032686148053,1080.2761139318877,329.5836352734174,441262.52463625756
180,2024-09-12 00:00:00+00:00,2025-03-11 00:00:00+00:00,51727,-0.00014948363978065053,0.9127235402669381,0.0008914049732623135,2.156273835144291,1093.5753226156567,325.23062678493716,440409.0658668307
180,2024-10-12 00:00:00+00:00,2025-04-10 00:00:00+00:00,51755,-0.00017466106642734377,0.9270283237593917,0.0008916264722143743,2.184607915673102,1076.7005866213256,320.77397973368585,440656.0499480747
180,2024-11-11 00:00:00+00:00,2025-05-10 00:00:00+00:00,51758,-0.00010461605308470597,0.9154203844644482,0.0008239069995143584,2.1288443488929696,1090.353630906157,327.87291100847034,444308.12375545444
180,2024-12-11 00:00:00+00:00,2025-06-09 00:00:00+00:00,51766,-0.0001728607329676333,0.9220234672009012,0.0006868096134608054,2.477121116416232,1082.5450495706707,293.6420959605603,452956.5935547704
180,2025-01-10 00:00:00+00:00,2025-07-09 00:00:00+00:00,51764,-2.802861076433275e-05,1.4307138985889234,0.0006125432452575713,2.7079986247862062,697.6460779410568,241.16967157514537,458537.0738533543
180,2025-02-09 00:00:00+00:00,2025-08-08 00:00:00+00:00,51823,2.1277400895072537e-05,1.6085318468346468,0.0005649837822444373,3.538516082245954,620.5235799157458,193.92318738026867,463200.62687207496
180,2025-03-11 00:00:00+00:00,2025-09-07 00:00:00+00:00,51798,6.578779522255466e-05,2.260244283873959,0.0005794320916292681,3.947811854454863,441.6035678654906,160.78010858242874,461298.3329003453
180,2025-04-10 00:00:00+00:00,2025-10-07 00:00:00+00:00,51800,0.00014422493946825464,3.368932177380123,0.0005964228224208598,4.161887340077537,296.27546280332854,132.53961772586499,459820.2067272168
180,2025-05-10 00:00:00+00:00,2025-11-06 00:00:00+00:00,51715,0.00016085127447571873,4.07068231570268,0.0007247845167541795,1.6237627046741352,245.20015628731863,175.28168880982057,452919.05023560865
180,2025-06-09 00:00:00+00:00,2025-12-06 00:00:00+00:00,51693,5.212933078356084e-05,2.0291648767197907,0.0007289822042834112,1.5036016348612637,491.89297107282533,282.5354963975859,452965.2610054662
365,2020-02-01 00:00:00+00:00,2021-01-31 00:00:00+00:00,8541,0.0007103200788785602,3.388930424543321,0.002755500213253679,2.4098014799338467,294.5271265463721,172.12934766576623,63172.93266911343
365,2020-03-02 00:00:00+00:00,2021-03-02 00:00:00+00:00,17169,0.0007138542034921775,4.80895366309456,0.0026441742385631198,2.501593929119511,207.55698847054882,136.5331293471584,127891.71357406637
365,2020-04-01 00:00:00+00:00,2021-04-01 00:00:00+00:00,25781,0.0005215789941109641,4.68813588679465,0.002357872927819332,2.1433968290397503,212.90593193294984,146.10658859801856,194802.9172626803
365,2020-05-01 00:00:00+00:00,2021-05-01 00:00:00+00:00,34415,0.000506285147787717,4.368154613277368,0.0022280595347829134,1.940610465028972,228.501971283804,158.21352160322968,262013.12386465713
365,2020-05-31 00:00:00+00:00,2021-05-31 00:00:00+00:00,43039,0.000600115695574042,4.287992670354744,0.0021450692866266494,1.8536568100124886,232.7737047936106,162.51854541634293,329190.6907990091
365,2020-06-30 00:00:00+00:00,2021-06-30 00:00:00+00:00,51629,0.0005385686180952331,4.257783414092088,0.002014459840153868,1.7651772224265212,234.42524969747876,165.72114616761988,398126.97026157845
365,2020-07-30 00:00:00+00:00,2021-07-30 00:00:00+00:00,60165,0.00048379474820915903,4.247368644075363,0.0019163423046055907,1.6997743892192363,235.00007266819455,167.8338547464489,466980.9607475753
365,2020-08-29 00:00:00+00:00,2021-08-29 00:00:00+00:00,68796,0.0004710469727617038,4.3404278218558225,0.0018333547882167793,1.7195164968262313,229.9616491674669,164.70975433374934,536769.0216970871
365,2020-09-28 00:00:00+00:00,2021-09-28 00:00:00+00:00,77412,0.00045239495928440506,4.431307780996407,0.0017679977887003497,1.631185039423654,225.24545559367238,164.64051497831912,607097.856747604
365,2020-10-28 00:00:00+00:00,2021-10-28 00:00:00+00:00,86046,0.0004209054359681801,4.445977088644904,0.001716401841657219,1.6207704656486865,224.50226802912817,164.5250492250857,676827.2775352532
365,2020-11-27 00:00:00+00:00,2021-11-27 00:00:00+00:00,94684,0.00042939460464540155,4.5485948208277085,0.0016741814951050384,1.5601192555416774,219.4374261334385,163.3947713918122,746961.3103754418
365,2020-12-27 00:00:00+00:00,2021-12-27 00:00:00+00:00,103313,0.00044559756794255876,4.64079450422496,0.0016537369916757977,1.562870114421561,215.07781460644853,160.89392340878797,816343.6626879695
365,2021-01-26 00:00:00+00:00,2022-01-26 00:00:00+00:00,104785,0.0004115201686988984,5.3203968035286096,0.0015119939678509672,1.1347239653154448,187.60479281250923,154.6263773752851,836752.5630101169
365,2021-02-25 00:00:00+00:00,2022-02-25 00:00:00+00:00,104839,0.00038960671864727355,5.238130124872407,0.0013504489856281834,0.6037139011959338,190.55119216432874,170.85905333184337,845001.7680114039
365,2021-03-27 00:00:00+00:00,2022-03-27 00:00:00+00:00,104840,0.000398317522074996,5.260272792396975,0.0012941003565790888,0.5052346053543858,189.74908325077516,173.12126603039457,849654.8432647211
365,2021-04-26 00:00:00+00:00,2022-04-26 00:00:00+00:00,104845,0.0003929726112943513,6.012528869752289,0.001223490977340848,0.2895578952706793,166.00867316042397,158.38118026968857,855664.0664165865
365,2021-05-26 00:00:00+00:00,2022-05-26 00:00:00+00:00,104854,0.00023374252667658513,2.8700617588162354,0.001796478368378255,0.09813609813809478,347.77368010993723,336.2754061922628,830334.1004282614
365,2021-06-25 00:00:00+00:00,2022-06-25 00:00:00+00:00,104875,0.0001183258062340157,2.3870408172791486,0.001798510929534209,0.1071826425256818,418.14615518139095,400.1774324119394,829283.578492017
365,2021-07-25 00:00:00+00:00,2022-07-25 00:00:00+00:00,104931,5.459190311930397e-05,2.1813109055448243,0.0017997969290917879,0.1045509430098897,457.58352808354874,436.6545338850691,833155.6537037526
365,2021-08-24 00:00:00+00:00,2022-08-24 00:00:00+00:00,104908,3.743432905282821e-05,2.2259381029367638,0.0018047292795893243,0.12322787614662699,448.4095665955168,424.8877894936046,831644.6847338935
365,2021-09-23 00:00:00+00:00,2022-09-23 00:00:00+00:00,104879,1.7496103570195314e-05,2.2588627494926654,0.001808125546150883,0.14337874982336585,441.87365532965606,415.5002485347582,830563.6452333211
365,2021-10-23 00:00:00+00:00,2022-10-23 00:00:00+00:00,104884,2.4103702018551463e-06,2.278684408063174,0.0018075069671251913,0.12829253671118937,438.029916066661,414.6828004203791,830557.5132178211
365,2021-11-22 00:00:00+00:00,2022-11-22 00:00:00+00:00,104870,-8.649874730900841e-05,2.3586938887026103,0.0019649042917050294,0.22420009809765645,423.1714614546017,386.4393757959939,824541.0615467437
365,2021-12-22 00:00:00+00:00,2022-12-22 00:00:00+00:00,104843,-0.0001537281239447409,2.469651529427861,0.0019566863154195204,0.26651737436243605,404.1590192433166,364.791785559602,823573.6410457286
365,2022-01-21 00:00:00+00:00,2023-01-21 00:00:00+00:00,104849,-0.00018549487562623615,2.51191187381707,0.0019595220469140998,0.21029601832605932,397.35945771440316,366.6626428081199,823859.2201434133
365,2022-02-20 00:00:00+00:00,2023-02-20 00:00:00+00:00,104852,-0.0002160285960674889,2.6431580102286536,0.0019665701843583515,0.23417895999004573,377.62855498751475,346.8943506920761,823020.4643875457
365,2022-03-22 00:00:00+00:00,2023-03-22 00:00:00+00:00,104849,-0.00012012782556125816,1.602226901402478,0.0021570142686298368,0.46896532219288617,622.9654109119164,481.91178425422675,815064.3480213621
365,2022-04-21 00:00:00+00:00,2023-04-21 00:00:00+00:00,104863,-0.00010593090380599153,1.558514404256788,0.0021496419092743232,0.5274863035203822,640.4380590131937,478.4907005472326,814851.1729656071
365,2022-05-21 00:00:00+00:00,2023-05-21 00:00:00+00:00,104848,-1.6198830291037136e-05,1.209770483721112,0.0016269837176497125,0.6580930641121445,825.0589293071397,534.3709079628252,837274.6598920419
365,2022-06-20 00:00:00+00:00,2023-06-20 00:00:00+00:00,104874,6.53691984830729e-05,1.271165529114144,0.0015972451467414553,0.7519161897326445,785.2100431813191,493.3720327299895,839901.8873080374
365,2022-07-20 00:00:00+00:00,2023-07-20 00:00:00+00:00,104881,0.00013479063492281593,1.3400129157480427,0.0015704889692787,0.6771865629595659,744.8674026019581,494.81072672386887,841929.4822969482
365,2022-08-19 00:00:00+00:00,2023-08-19 00:00:00+00:00,104907,6.701566688187625e-05,1.205776241783095,0.0015416527750900047,0.7365438815365823,827.7920110038737,513.8864227490905,845855.393971992
365,2022-09-18 00:00:00+00:00,2023-09-18 00:00:00+00:00,104948,4.2065681160707704e-05,1.1461431768989963,0.0015129863415059648,0.7243122290853021,870.8614771034679,533.6304393106178,848888.9681562649
365,2022-10-18 00:00:00+00:00,2023-10-18 00:00:00+00:00,104950,4.28596756753837e-05,1.0961032483960775,0.0014840170661975214,0.7080175155513818,910.6185402396013,553.2511791629651,852567.4347265558
365,2022-11-17 00:00:00+00:00,2023-11-17 00:00:00+00:00,104958,0.00010652520149871169,0.8592363159912491,0.0012379221636940434,0.7885307010292293,1161.650085581912,605.7482214998824,866394.1898551477
365,2022-12-17 00:00:00+00:00,2023-12-17 00:00:00+00:00,104992,0.00014973993978898497,0.8466805996158754,0.0012040908649388546,0.9893198539109688,1178.8765922582338,543.6447132074347,868062.8988916508
365,2023-01-16 00:00:00+00:00,2024-01-16 00:00:00+00:00,104951,0.00018122319140514957,0.8145072132846461,0.001184082697167576,1.0502933233167857,1225.4427262604286,535.2486340578816,871477.6955001771
365,2023-02-15 00:00:00+00:00,2024-02-15 00:00:00+00:00,104887,0.00015025018122725916,0.7342925156992112,0.00114787295333808,1.1596084347572986,1359.3110629159494,527.0243619476137,876608.6168231526
365,2023-03-17 00:00:00+00:00,2024-03-16 00:00:00+00:00,104901,9.39812703097906e-05,0.8842186484715749,0.0007803617910364316,2.542882507865787,1128.8293248866128,291.2467109879688,909868.3200584619
365,2023-04-16 00:00:00+00:00,2024-04-15 00:00:00+00:00,104812,4.12820784491118e-05,1.1790340784855031,0.0007798681128217953,2.5703009428657686,846.5675065884822,266.21572474112793,909261.2107177525
365,2023-05-16 00:00:00+00:00,2024-05-15 00:00:00+00:00,104830,2.2158244228366063e-06,1.2107805546200139,0.0007829772414537428,2.567406639284255,824.3706394174546,264.1827651146318,908157.8476349971
365,2023-06-15 00:00:00+00:00,2024-06-14 00:00:00+00:00,104819,-2.6175327788738317e-05,1.161553615086715,0.0007914767457227883,2.3929453306511133,859.3076781322801,280.8080562812301,907469.5748661801
365,2023-07-15 00:00:00+00:00,2024-07-14 00:00:00+00:00,104831,-6.430635289462356e-05,1.019157361618058,0.0007880428289180075,2.4569610495253826,979.3697986164217,287.13979846215705,907983.7464724814
365,2023-08-14 00:00:00+00:00,2024-08-13 00:00:00+00:00,104836,-2.026008781221201e-05,1.1522907266755988,0.0008037798433208051,2.592558959557942,866.2153716067546,266.5345804600806,905611.8517979574
365,2023-09-13 00:00:00+00:00,2024-09-12 00:00:00+00:00,104847,2.645238156776985e-05,1.2411832464878298,0.000799190489776959,2.560340208444717,804.1777415468105,262.5610368683183,907106.3647486574
365,2023-10-13 00:00:00+00:00,2024-10-12 00:00:00+00:00,104829,1.83309759647739e-05,1.2336047732966613,0.000799854108350522,2.5723213602121398,809.1180916388098,262.2573074181323,906332.8744238471
365,2023-11-12 00:00:00+00:00,2024-11-11 00:00:00+00:00,104830,-3.486853058534386e-05,1.1851682638419299,0.0008318220289923676,2.5203755990240713,842.1858485905641,269.3617932872963,902851.7508563823
365,2023-12-12 00:00:00+00:00,2024-12-11 00:00:00+00:00,104826,-3.940950786331388e-06,1.1489395645365323,0.0008794562288645934,2.2985625993082404,868.7418997612419,289.5232236469927,897480.1858780592
365,2024-01-11 00:00:00+00:00,2025-01-10 00:00:00+00:00,104874,-7.825114086928918e-05,1.0033146503182804,0.0008826859555180081,2.2546983821351394,994.8344118065902,306.36216923131406,897463.6751040838
365,2024-02-10 00:00:00+00:00,2025-02-09 00:00:00+00:00,104883,-5.940399691991689e-05,1.015939979270032,0.0008858359909067991,2.092834915387694,982.4713667863467,321.06922303109206,896582.3474600817
365,2024-03-11 00:00:00+00:00,2025-03-11 00:00:00+00:00,104877,-0.00012558394103868021,1.0167510496384773,0.0008208762818615464,2.252411516160545,981.6876415925251,305.3173159537772,902826.9795746813
365,2024-04-10 00:00:00+00:00,2025-04-10 00:00:00+00:00,104883,-0.00015274904100624808,0.9566640011160196,0.0007810728724527209,2.3004333521595646,1043.346398361312,306.44829790013,907833.7025750346
365,2024-05-10 00:00:00+00:00,2025-05-10 00:00:00+00:00,104968,-0.0001487253009989397,0.9244019464325244,0.0007547492501830348,2.4952072183864704,1079.7596693281937,291.88480083487957,911749.7010859858
365,2024-06-09 00:00:00+00:00,2025-06-09 00:00:00+00:00,104980,-0.00010303672108120181,0.9317387012992642,0.000753801667957672,2.2582730137013165,1071.2573585431999,312.8928760081809,911754.3575970927
365,2024-07-09 00:00:00+00:00,2025-07-09 00:00:00+00:00,104990,-3.887059098997194e-05,1.0295265721932743,0.0007426850869657383,2.2888763002390986,969.5057582437422,300.78684788345043,913369.1725670579
365,2024-08-08 00:00:00+00:00,2025-08-08 00:00:00+00:00,104993,-3.1111087830957216e-05,1.0418997273544488,0.0007407556096411567,2.1770228962154947,957.9923228703965,310.0826135731538,913665.4648550506
365,2024-09-07 00:00:00+00:00,2025-09-07 00:00:00+00:00,104966,-3.987540739789403e-05,1.0650294458960443,0.0007474891375493628,2.335456617650521,937.1871771738291,293.5262551746238,911156.4364836088
365,2024-10-07 00:00:00+00:00,2025-10-07 00:00:00+00:00,104996,-2.2517012120475828e-05,1.0646370729254764,0.0007560233630611486,2.215530937378254,937.5325783683184,304.2929316031889,910457.1946845328
365,2024-11-06 00:00:00+00:00,2025-11-06 00:00:00+00:00,104914,3.7765506379292774e-05,1.2799422716364919,0.0007822269558868607,1.6407006737525913,779.8257484926587,341.75075785354227,908609.5760446965
365,2024-12-06 00:00:00+00:00,2025-12-06 00:00:00+00:00,104900,-5.2429928635923376e-05,1.1997015758889966,0.0007138605021961843,1.7733715314652525,831.9835199571949,335.72398120225273,918018.2800221764
