asset,frequency_minutes,price_proxy,period,start_utc,end_utc,observations,theoretical_bars,bar_coverage,exact_pairs,exact_pair_share_of_adjacent,tie_count,tie_rate,min_nonzero_price_change,p01_nonzero_price_change,modal_nonzero_price_change,zero_volume_rate,one_trade_or_less_rate,continuous_segments,median_segment_bars,p90_segment_bars,max_segment_bars
USDT,1,close,full,2017-03-29 17:05:00+00:00,2025-12-31 23:59:00+00:00,3388608,4606975,0.7355386126471275,3118363,0.9202492351576916,1508809,0.4838464925347049,9.99999993922529e-09,9.999999999843467e-06,0.0001,0.0,0.0835800423064574,270245,2.0,13.0,11273
USDT,1,ohlc_average,full,2017-03-29 17:05:00+00:00,2025-12-31 23:59:00+00:00,3388608,4606975,0.7355386126471275,3118363,0.9202492351576916,730425,0.2342334744223171,1.1102230246251565e-16,1.1102230246251565e-16,2.5e-05,0.0,0.0835800423064574,270245,2.0,13.0,11273
USDT,1,typical_price,full,2017-03-29 17:05:00+00:00,2025-12-31 23:59:00+00:00,3388608,4606975,0.7355386126471275,3118363,0.9202492351576916,910520,0.2919865326775619,1.1102230246251565e-16,3.333333333133126e-06,3.33333e-05,0.0,0.0835800423064574,270245,2.0,13.0,11273
USDT,1,close,2017,2017-03-29 17:05:00+00:00,2017-12-31 23:58:00+00:00,120248,399294,0.3011515324547827,85121,0.7078846041897096,27374,0.3215892670433853,5.0000000000105516e-05,9.999999999998899e-05,0.0001,0.0,0.18787838467167853,35127,1.0,5.0,1456
USDT,1,ohlc_average,2017,2017-03-29 17:05:00+00:00,2017-12-31 23:58:00+00:00,120248,399294,0.3011515324547827,85121,0.7078846041897096,13382,0.15721149892505962,1.1102230246251565e-16,2.220446049250313e-16,5e-05,0.0,0.18787838467167853,35127,1.0,5.0,1456
USDT,1,typical_price,2017,2017-03-29 17:05:00+00:00,2017-12-31 23:58:00+00:00,120248,399294,0.3011515324547827,85121,0.7078846041897096,16371,0.19232621797206328,1.1102230246251565e-16,3.333333333310762e-05,3.33333e-05,0.0,0.18787838467167853,35127,1.0,5.0,1456
USDT,1,close,2018,2018-01-01 00:00:00+00:00,2018-12-31 23:59:00+00:00,118121,525600,0.2247355403348554,64081,0.542507619370132,22444,0.3502442221563334,4.999999998478444e-07,9.999999999998899e-05,0.0001,0.0,0.2619855910464693,54040,1.0,4.0,319
USDT,1,ohlc_average,2018,2018-01-01 00:00:00+00:00,2018-12-31 23:59:00+00:00,118121,525600,0.2247355403348554,64081,0.542507619370132,11213,0.17498166383171299,1.1102230246251565e-16,2.4999999999941735e-05,5e-05,0.0,0.2619855910464693,54040,1.0,4.0,319
USDT,1,typical_price,2018,2018-01-01 00:00:00+00:00,2018-12-31 23:59:00+00:00,118121,525600,0.2247355403348554,64081,0.542507619370132,12103,0.188870335981024,1.1102230246251565e-16,3.333333333321864e-05,3.33333e-05,0.0,0.2619855910464693,54040,1.0,4.0,319
USDT,1,close,2019,2019-01-01 00:00:00+00:00,2019-12-31 23:56:00+00:00,161357,525597,0.30699756657667376,83459,0.5172351818339572,38857,0.46558190249104353,2.8840000000029953e-05,9.999999999998899e-05,0.0001,0.0,0.3649485302775832,77898,1.0,4.0,127
USDT,1,ohlc_average,2019,2019-01-01 00:00:00+00:00,2019-12-31 23:56:00+00:00,161357,525597,0.30699756657667376,83459,0.5172351818339572,26850,0.32171485400016775,1.1102230246251565e-16,2.4999999999941735e-05,0.0001,0.0,0.3649485302775832,77898,1.0,4.0,127
USDT,1,typical_price,2019,2019-01-01 00:00:00+00:00,2019-12-31 23:56:00+00:00,161357,525597,0.30699756657667376,83459,0.5172351818339572,26890,0.3221941312500749,1.1102230246251565e-16,3.333333333321864e-05,0.0001,0.0,0.3649485302775832,77898,1.0,4.0,127
USDT,1,close,2020,2020-01-01 00:05:00+00:00,2020-12-31 23:59:00+00:00,417797,527035,0.7927310330433462,359636,0.8607933058238949,183543,0.510357695002725,9.99999993922529e-09,9.999999999998899e-05,0.0001,0.0,0.16684179158778067,58161,2.0,13.0,3960
USDT,1,ohlc_average,2020,2020-01-01 00:05:00+00:00,2020-12-31 23:59:00+00:00,417797,527035,0.7927310330433462,359636,0.8607933058238949,93933,0.26118909119220546,1.1102230246251565e-16,1.1102230246251565e-16,5e-05,0.0,0.16684179158778067,58161,2.0,13.0,3960
USDT,1,typical_price,2020,2020-01-01 00:05:00+00:00,2020-12-31 23:59:00+00:00,417797,527035,0.7927310330433462,359636,0.8607933058238949,106082,0.2949704701420325,1.1102230246251565e-16,3.333000000016462e-05,3.33333e-05,0.0,0.16684179158778067,58161,2.0,13.0,3960
USDT,1,close,2021,2021-01-01 00:00:00+00:00,2021-12-31 23:59:00+00:00,513629,525600,0.9772241248097413,505172,0.9835367230758447,300926,0.5956901807701139,9.999999999998899e-05,9.999999999998899e-05,0.0001,0.0,0.03075955602195359,8457,8.0,116.0,8398
USDT,1,ohlc_average,2021,2021-01-01 00:00:00+00:00,2021-12-31 23:59:00+00:00,513629,525600,0.9772241248097413,505172,0.9835367230758447,153042,0.3029502822800947,1.1102230246251565e-16,1.1102230246251565e-16,2.5e-05,0.0,0.03075955602195359,8457,8.0,116.0,8398
USDT,1,typical_price,2021,2021-01-01 00:00:00+00:00,2021-12-31 23:59:00+00:00,513629,525600,0.9772241248097413,505172,0.9835367230758447,197735,0.3914211397306264,1.1102230246251565e-16,3.333333333310762e-05,3.33333e-05,0.0,0.03075955602195359,8457,8.0,116.0,8398
USDT,1,close,2022,2022-01-01 00:00:00+00:00,2022-12-31 23:59:00+00:00,503321,525600,0.9576122526636225,485811,0.9652129857744576,293648,0.6044490552910494,9.999999999998899e-05,9.999999999998899e-05,0.0001,0.0,0.07226004875616157,17510,7.0,50.0,5557
USDT,1,ohlc_average,2022,2022-01-01 00:00:00+00:00,2022-12-31 23:59:00+00:00,503321,525600,0.9576122526636225,485811,0.9652129857744576,149990,0.3087414653023501,1.1102230246251565e-16,1.1102230246251565e-16,2.5e-05,0.0,0.07226004875616157,17510,7.0,50.0,5557
USDT,1,typical_price,2022,2022-01-01 00:00:00+00:00,2022-12-31 23:59:00+00:00,503321,525600,0.9576122526636225,485811,0.9652129857744576,189206,0.38946421550767685,1.1102230246251565e-16,3.333333333310762e-05,3.33333e-05,0.0,0.07226004875616157,17510,7.0,50.0,5557
USDT,1,close,2023,2023-01-01 00:00:00+00:00,2023-12-31 23:59:00+00:00,518949,525600,0.9873458904109589,513370,0.9892513315399616,220515,0.429543993610846,9.999999999843467e-06,9.999999999843467e-06,1e-05,0.0,0.029526986274181086,5579,19.0,165.0,5440
USDT,1,ohlc_average,2023,2023-01-01 00:00:00+00:00,2023-12-31 23:59:00+00:00,518949,525600,0.9873458904109589,513370,0.9892513315399616,97513,0.18994682198024818,1.1102230246251565e-16,1.1102230246251565e-16,2.5e-06,0.0,0.029526986274181086,5579,19.0,165.0,5440
USDT,1,typical_price,2023,2023-01-01 00:00:00+00:00,2023-12-31 23:59:00+00:00,518949,525600,0.9873458904109589,513370,0.9892513315399616,129280,0.25182616826070864,1.1102230246251565e-16,2.220446049250313e-16,3.3333e-06,0.0,0.029526986274181086,5579,19.0,165.0,5440
USDT,1,close,2024,2024-01-01 00:00:00+00:00,2024-12-31 23:59:00+00:00,518998,527040,0.9847411961141469,512937,0.9883236319285083,202338,0.3944694962539259,9.999999999843467e-06,9.999999999843467e-06,1e-05,0.0,0.029456760912373457,6061,15.0,132.0,11273
USDT,1,ohlc_average,2024,2024-01-01 00:00:00+00:00,2024-12-31 23:59:00+00:00,518998,527040,0.9847411961141469,512937,0.9883236319285083,86038,0.16773599876787987,1.1102230246251565e-16,1.1102230246251565e-16,2.5e-06,0.0,0.029456760912373457,6061,15.0,132.0,11273
USDT,1,typical_price,2024,2024-01-01 00:00:00+00:00,2024-12-31 23:59:00+00:00,518998,527040,0.9847411961141469,512937,0.9883236319285083,110209,0.21485874483611048,1.1102230246251565e-16,2.220446049250313e-16,3.3333e-06,0.0,0.029456760912373457,6061,15.0,132.0,11273
USDT,1,close,2025,2025-01-01 00:00:00+00:00,2025-12-31 23:59:00+00:00,516188,525600,0.9820928462709284,508770,0.9856311762985119,219161,0.43076635807928926,9.999999999843467e-06,9.999999999843467e-06,1e-05,0.0,0.03546963509419049,7418,13.0,132.0,5924
USDT,1,ohlc_average,2025,2025-01-01 00:00:00+00:00,2025-12-31 23:59:00+00:00,516188,525600,0.9820928462709284,508770,0.9856311762985119,98462,0.19352949269807576,1.1102230246251565e-16,1.1102230246251565e-16,2.5e-06,0.0,0.03546963509419049,7418,13.0,132.0,5924
USDT,1,typical_price,2025,2025-01-01 00:00:00+00:00,2025-12-31 23:59:00+00:00,516188,525600,0.9820928462709284,508770,0.9856311762985119,122642,0.24105587986713053,1.1102230246251565e-16,2.220446049250313e-16,3.3333e-06,0.0,0.03546963509419049,7418,13.0,132.0,5924
USDC,1,close,full,2020-01-08 15:17:00+00:00,2025-12-31 23:59:00+00:00,1999855,3145483,0.6357863005458939,1564468,0.7822911072508293,927441,0.592815576924552,9.999000000004976e-05,9.999999999998899e-05,0.0001,0.0,0.27151218463338594,435387,2.0,9.0,5073
USDC,1,ohlc_average,full,2020-01-08 15:17:00+00:00,2025-12-31 23:59:00+00:00,1999855,3145483,0.6357863005458939,1564468,0.7822911072508293,513031,0.32792680962474147,1.1102230246251565e-16,1.1102230246251565e-16,5e-05,0.0,0.27151218463338594,435387,2.0,9.0,5073
USDC,1,typical_price,full,2020-01-08 15:17:00+00:00,2025-12-31 23:59:00+00:00,1999855,3145483,0.6357863005458939,1564468,0.7822911072508293,588251,0.37600705159837083,1.1102230246251565e-16,3.333333333310762e-05,3.33333e-05,0.0,0.27151218463338594,435387,2.0,9.0,5073
USDC,1,close,2020,2020-01-08 15:17:00+00:00,2020-12-31 23:58:00+00:00,171098,516042,0.33155828401564214,94538,0.5525403718358592,53180,0.5625251221730945,9.999000000004976e-05,9.999999999998899e-05,0.0001,0.0,0.39853183555623095,76560,1.0,4.0,115
USDC,1,ohlc_average,2020,2020-01-08 15:17:00+00:00,2020-12-31 23:58:00+00:00,171098,516042,0.33155828401564214,94538,0.5525403718358592,36974,0.3911019907338848,1.1102230246251565e-16,1.1102230246251565e-16,5e-05,0.0,0.39853183555623095,76560,1.0,4.0,115
USDC,1,typical_price,2020,2020-01-08 15:17:00+00:00,2020-12-31 23:58:00+00:00,171098,516042,0.33155828401564214,94538,0.5525403718358592,37673,0.3984958429414627,1.1102230246251565e-16,3.333333333310762e-05,3.33333e-05,0.0,0.39853183555623095,76560,1.0,4.0,115
USDC,1,close,2021,2021-01-01 00:00:00+00:00,2021-12-31 23:59:00+00:00,412560,525600,0.7849315068493151,343844,0.8334420046587276,201338,0.5855504240295017,9.999999999998899e-05,9.999999999998899e-05,0.0001,0.0,0.21726536746170255,68716,3.0,13.0,524
USDC,1,ohlc_average,2021,2021-01-01 00:00:00+00:00,2021-12-31 23:59:00+00:00,412560,525600,0.7849315068493151,343844,0.8334420046587276,111754,0.32501366898942546,1.1102230246251565e-16,1.1102230246251565e-16,5e-05,0.0,0.21726536746170255,68716,3.0,13.0,524
USDC,1,typical_price,2021,2021-01-01 00:00:00+00:00,2021-12-31 23:59:00+00:00,412560,525600,0.7849315068493151,343844,0.8334420046587276,122054,0.35496911390048974,1.1102230246251565e-16,3.333333333310762e-05,3.33333e-05,0.0,0.21726536746170255,68716,3.0,13.0,524
USDC,1,close,2022,2022-01-01 00:00:00+00:00,2022-12-31 23:59:00+00:00,350335,525600,0.66654299847793,260251,0.7428653798946149,163106,0.6267257378453878,9.999999999998899e-05,9.999999999998899e-05,0.0001,0.0,0.3318823411877203,90084,2.0,8.0,1006
USDC,1,ohlc_average,2022,2022-01-01 00:00:00+00:00,2022-12-31 23:59:00+00:00,350335,525600,0.66654299847793,260251,0.7428653798946149,101548,0.39019254488935684,1.1102230246251565e-16,1.1102230246251565e-16,5e-05,0.0,0.3318823411877203,90084,2.0,8.0,1006
USDC,1,typical_price,2022,2022-01-01 00:00:00+00:00,2022-12-31 23:59:00+00:00,350335,525600,0.66654299847793,260251,0.7428653798946149,107719,0.4139042693399833,2.220446049250313e-16,3.333333333310762e-05,3.33333e-05,0.0,0.3318823411877203,90084,2.0,8.0,1006
USDC,1,close,2023,2023-01-01 00:00:00+00:00,2023-12-31 23:58:00+00:00,307151,525599,0.5843827708956828,207050,0.6741006023115742,123340,0.5957015213716493,9.999999999998899e-05,9.999999999998899e-05,0.0001,0.0,0.38456980442844074,100101,2.0,6.0,1052
USDC,1,ohlc_average,2023,2023-01-01 00:00:00+00:00,2023-12-31 23:58:00+00:00,307151,525599,0.5843827708956828,207050,0.6741006023115742,75433,0.3643226273846897,1.1102230246251565e-16,1.1102230246251565e-16,5e-05,0.0,0.38456980442844074,100101,2.0,6.0,1052
USDC,1,typical_price,2023,2023-01-01 00:00:00+00:00,2023-12-31 23:58:00+00:00,307151,525599,0.5843827708956828,207050,0.6741006023115742,79782,0.3853272156483941,1.1102230246251565e-16,3.333333333310762e-05,3.33333e-05,0.0,0.38456980442844074,100101,2.0,6.0,1052
USDC,1,close,2024,2024-01-01 00:00:00+00:00,2024-12-31 23:59:00+00:00,384600,527040,0.729735883424408,300451,0.7812058793704612,172781,0.5750721415472073,9.999999999998899e-05,9.999999999998899e-05,0.0001,0.0,0.3062402496099844,84149,2.0,9.0,1066
USDC,1,ohlc_average,2024,2024-01-01 00:00:00+00:00,2024-12-31 23:59:00+00:00,384600,527040,0.729735883424408,300451,0.7812058793704612,92236,0.3069918222938183,1.1102230246251565e-16,1.1102230246251565e-16,5e-05,0.0,0.3062402496099844,84149,2.0,9.0,1066
USDC,1,typical_price,2024,2024-01-01 00:00:00+00:00,2024-12-31 23:59:00+00:00,384600,527040,0.729735883424408,300451,0.7812058793704612,103230,0.34358347950248125,1.1102230246251565e-16,3.333333333310762e-05,3.33333e-05,0.0,0.3062402496099844,84149,2.0,9.0,1066
USDC,1,close,2025,2025-01-01 00:00:00+00:00,2025-12-31 23:59:00+00:00,374111,525600,0.7117789193302891,358331,0.9578225655555852,213694,0.5963592321066277,9.999999999998899e-05,9.999999999998899e-05,0.0001,0.0,0.08818505737601942,15780,6.0,43.100000000000364,5073
USDC,1,ohlc_average,2025,2025-01-01 00:00:00+00:00,2025-12-31 23:59:00+00:00,374111,525600,0.7117789193302891,358331,0.9578225655555852,95086,0.26535800698237105,1.1102230246251565e-16,1.1102230246251565e-16,2.5e-05,0.0,0.08818505737601942,15780,6.0,43.100000000000364,5073
USDC,1,typical_price,2025,2025-01-01 00:00:00+00:00,2025-12-31 23:59:00+00:00,374111,525600,0.7117789193302891,358331,0.9578225655555852,137792,0.3845383179239307,1.1102230246251565e-16,3.333333333321864e-05,3.33333e-05,0.0,0.08818505737601942,15780,6.0,43.100000000000364,5073
DAI,1,close,full,2019-09-25 14:10:00+00:00,2025-12-31 22:55:00+00:00,882474,3296686,0.26768518445493444,525500,0.5954856409204587,138683,0.26390675547098,9.989999999904242e-06,9.999999999843467e-06,1e-05,0.0,0.27622683501156975,356974,1.0,5.0,300
DAI,1,ohlc_average,full,2019-09-25 14:10:00+00:00,2025-12-31 22:55:00+00:00,882474,3296686,0.26768518445493444,525500,0.5954856409204587,60109,0.11438439581351094,1.1102230246251565e-16,2.220446049250313e-16,5e-06,0.0,0.27622683501156975,356974,1.0,5.0,300
DAI,1,typical_price,full,2019-09-25 14:10:00+00:00,2025-12-31 22:55:00+00:00,882474,3296686,0.26768518445493444,525500,0.5954856409204587,63188,0.12024357754519505,1.1102230246251565e-16,3.333333333133126e-06,3.3333e-06,0.0,0.27622683501156975,356974,1.0,5.0,300
DAI,1,close,2019,2019-09-25 14:10:00+00:00,2019-12-31 23:45:00+00:00,8829,140256,0.06294917864476386,2765,0.3132079746261894,903,0.3265822784810127,9.999999999843467e-06,9.999999999843467e-06,1e-05,0.0,0.4783101143957413,6064,1.0,2.0,34
DAI,1,ohlc_average,2019,2019-09-25 14:10:00+00:00,2019-12-31 23:45:00+00:00,8829,140256,0.06294917864476386,2765,0.3132079746261894,650,0.23508137432188064,1.1102230246251565e-16,2.5000000001274003e-06,1e-05,0.0,0.4783101143957413,6064,1.0,2.0,34
DAI,1,typical_price,2019,2019-09-25 14:10:00+00:00,2019-12-31 23:45:00+00:00,8829,140256,0.06294917864476386,2765,0.3132079746261894,652,0.23580470162748643,1.1102230246251565e-16,3.3333333333551707e-06,1e-05,0.0,0.4783101143957413,6064,1.0,2.0,34
DAI,1,close,2020,2020-01-01 01:14:00+00:00,2020-12-31 23:58:00+00:00,67881,526965,0.1288150066892488,21909,0.32276075427224515,7201,0.3286777123556529,9.989999999904242e-06,9.999999999843467e-06,1e-05,0.0,0.47836655323286337,45972,1.0,2.0,34
DAI,1,ohlc_average,2020,2020-01-01 01:14:00+00:00,2020-12-31 23:58:00+00:00,67881,526965,0.1288150066892488,21909,0.32276075427224515,5291,0.2414989273814414,1.1102230246251565e-16,4.999999999810711e-06,1e-05,0.0,0.47836655323286337,45972,1.0,2.0,34
DAI,1,typical_price,2020,2020-01-01 01:14:00+00:00,2020-12-31 23:58:00+00:00,67881,526965,0.1288150066892488,21909,0.32276075427224515,5275,0.24076863389474645,1.1102230246251565e-16,3.3333333333551707e-06,1e-05,0.0,0.47836655323286337,45972,1.0,2.0,34
DAI,1,close,2021,2021-01-01 00:00:00+00:00,2021-12-31 23:53:00+00:00,256950,525594,0.4888754437836048,168587,0.6561107457121841,36113,0.21420987383368825,9.999999999843467e-06,9.999999999843467e-06,1e-05,0.0,0.2326328079392878,88363,2.0,6.0,294
DAI,1,ohlc_average,2021,2021-01-01 00:00:00+00:00,2021-12-31 23:53:00+00:00,256950,525594,0.4888754437836048,168587,0.6561107457121841,13832,0.08204665840189339,1.1102230246251565e-16,2.4999999999053557e-06,5e-06,0.0,0.2326328079392878,88363,2.0,6.0,294
DAI,1,typical_price,2021,2021-01-01 00:00:00+00:00,2021-12-31 23:53:00+00:00,256950,525594,0.4888754437836048,168587,0.6561107457121841,14088,0.0835651622011187,1.1102230246251565e-16,3.333333333133126e-06,3.3333e-06,0.0,0.2326328079392878,88363,2.0,6.0,294
DAI,1,close,2022,2022-01-01 00:00:00+00:00,2022-12-31 23:50:00+00:00,283806,525591,0.5399749995719105,203531,0.7171508606261341,57089,0.280492897887791,9.999999999843467e-06,9.999999999843467e-06,1e-05,0.0,0.19843836987237762,80275,2.0,7.0,300
DAI,1,ohlc_average,2022,2022-01-01 00:00:00+00:00,2022-12-31 23:50:00+00:00,283806,525591,0.5399749995719105,203531,0.7171508606261341,22041,0.10829308557418772,1.1102230246251565e-16,1.1102230246251565e-16,5e-06,0.0,0.19843836987237762,80275,2.0,7.0,300
DAI,1,typical_price,2022,2022-01-01 00:00:00+00:00,2022-12-31 23:50:00+00:00,283806,525591,0.5399749995719105,203531,0.7171508606261341,23841,0.11713694719723286,1.1102230246251565e-16,2.220446049250313e-16,3.3333e-06,0.0,0.19843836987237762,80275,2.0,7.0,300
DAI,1,close,2023,2023-01-01 00:03:00+00:00,2023-12-31 23:50:00+00:00,149682,525588,0.2847896070686545,93158,0.6223769215865741,26920,0.2889714248910453,9.999999999843467e-06,9.99999999995449e-06,1e-05,0.0,0.27241752515332507,56524,1.0,5.0,291
DAI,1,ohlc_average,2023,2023-01-01 00:03:00+00:00,2023-12-31 23:50:00+00:00,149682,525588,0.2847896070686545,93158,0.6223769215865741,11857,0.1272783872560596,1.1102230246251565e-16,1.1102230246251565e-16,5e-06,0.0,0.27241752515332507,56524,1.0,5.0,291
DAI,1,typical_price,2023,2023-01-01 00:03:00+00:00,2023-12-31 23:50:00+00:00,149682,525588,0.2847896070686545,93158,0.6223769215865741,12838,0.13780888383176967,1.1102230246251565e-16,3.333333333133126e-06,3.3333e-06,0.0,0.27241752515332507,56524,1.0,5.0,291
DAI,1,close,2024,2024-01-01 00:35:00+00:00,2024-12-31 23:58:00+00:00,70365,527004,0.13351891067240476,23932,0.3401171053379569,7775,0.3248788233327762,9.999999999843467e-06,9.99999999995449e-06,1e-05,0.0,0.41722447239394583,46433,1.0,3.0,63
DAI,1,ohlc_average,2024,2024-01-01 00:35:00+00:00,2024-12-31 23:58:00+00:00,70365,527004,0.13351891067240476,23932,0.3401171053379569,4908,0.20508106301186696,1.1102230246251565e-16,2.4999999999053557e-06,5e-06,0.0,0.41722447239394583,46433,1.0,3.0,63
DAI,1,typical_price,2024,2024-01-01 00:35:00+00:00,2024-12-31 23:58:00+00:00,70365,527004,0.13351891067240476,23932,0.3401171053379569,4926,0.2058331940498078,1.1102230246251565e-16,3.333333333133126e-06,3.3333e-06,0.0,0.41722447239394583,46433,1.0,3.0,63
DAI,1,close,2025,2025-01-01 00:03:00+00:00,2025-12-31 22:55:00+00:00,44961,525533,0.08555314318986629,11618,0.25840747330960856,2682,0.23084868307798245,9.999999999843467e-06,9.999999999843467e-06,1e-05,0.0,0.4635350637218923,33343,1.0,2.0,49
DAI,1,ohlc_average,2025,2025-01-01 00:03:00+00:00,2025-12-31 22:55:00+00:00,44961,525533,0.08555314318986629,11618,0.25840747330960856,1530,0.13169220175589602,1.1102230246251565e-16,2.4999999999053557e-06,1e-05,0.0,0.4635350637218923,33343,1.0,2.0,49
DAI,1,typical_price,2025,2025-01-01 00:03:00+00:00,2025-12-31 22:55:00+00:00,44961,525533,0.08555314318986629,11618,0.25840747330960856,1568,0.1349629884661732,1.1102230246251565e-16,3.333333333133126e-06,1e-05,0.0,0.4635350637218923,33343,1.0,2.0,49
USDT,5,close,full,2017-03-29 17:05:00+00:00,2025-12-31 23:55:00+00:00,797178,921395,0.8651859408831174,750220,0.9410958921293514,269941,0.3598157873690384,9.99999993922529e-09,9.999999999843467e-06,0.0001,0.0,0.03992709281992227,46958,2.0,8.0,21579
USDT,5,ohlc_average,full,2017-03-29 17:05:00+00:00,2025-12-31 23:55:00+00:00,797178,921395,0.8651859408831174,750220,0.9410958921293514,127105,0.16942363573351818,1.1102230246251565e-16,1.1102230246251565e-16,2.5e-05,0.0,0.03992709281992227,46958,2.0,8.0,21579
USDT,5,typical_price,full,2017-03-29 17:05:00+00:00,2025-12-31 23:55:00+00:00,797178,921395,0.8651859408831174,750220,0.9410958921293514,170879,0.22777185358961372,1.1102230246251565e-16,2.220446049250313e-16,3.33333e-05,0.0,0.03992709281992227,46958,2.0,8.0,21579
USDT,5,close,2017,2017-03-29 17:05:00+00:00,2017-12-31 23:55:00+00:00,43706,79859,0.5472895979163275,32295,0.7389314723715822,7926,0.2454249883882954,5.0000000000105516e-05,9.999999999998899e-05,0.0001,0.0,0.16505742918592414,11411,2.0,6.0,627
USDT,5,ohlc_average,2017,2017-03-29 17:05:00+00:00,2017-12-31 23:55:00+00:00,43706,79859,0.5472895979163275,32295,0.7389314723715822,3239,0.10029416318315529,1.1102230246251565e-16,2.4999999999941735e-05,5e-05,0.0,0.16505742918592414,11411,2.0,6.0,627
USDT,5,typical_price,2017,2017-03-29 17:05:00+00:00,2017-12-31 23:55:00+00:00,43706,79859,0.5472895979163275,32295,0.7389314723715822,3810,0.11797491871806781,1.1102230246251565e-16,3.333333333310762e-05,3.33333e-05,0.0,0.16505742918592414,11411,2.0,6.0,627
USDT,5,close,2018,2018-01-01 00:00:00+00:00,2018-12-31 23:55:00+00:00,53635,105120,0.510226407914764,36731,0.6848454338665771,8227,0.22397974462987666,4.999999998478444e-07,9.999999999998899e-05,0.0001,0.0,0.152978465554209,16904,2.0,6.0,310
USDT,5,ohlc_average,2018,2018-01-01 00:00:00+00:00,2018-12-31 23:55:00+00:00,53635,105120,0.510226407914764,36731,0.6848454338665771,3295,0.08970624268329204,1.1102230246251565e-16,2.4999999999941735e-05,5e-05,0.0,0.152978465554209,16904,2.0,6.0,310
USDT,5,typical_price,2018,2018-01-01 00:00:00+00:00,2018-12-31 23:55:00+00:00,53635,105120,0.510226407914764,36731,0.6848454338665771,3592,0.09779205575671776,1.1102230246251565e-16,3.333333333321864e-05,3.33333e-05,0.0,0.152978465554209,16904,2.0,6.0,310
USDT,5,close,2019,2019-01-01 00:00:00+00:00,2019-12-31 23:55:00+00:00,72055,105120,0.6854547184170472,55502,0.7702833985621894,18037,0.324979280025945,8.001999999995846e-05,9.999999999998899e-05,0.0001,0.0,0.18823121226840608,16553,2.0,9.0,251
USDT,5,ohlc_average,2019,2019-01-01 00:00:00+00:00,2019-12-31 23:55:00+00:00,72055,105120,0.6854547184170472,55502,0.7702833985621894,8739,0.157453785449173,1.1102230246251565e-16,2.4999999999899546e-05,5e-05,0.0,0.18823121226840608,16553,2.0,9.0,251
USDT,5,typical_price,2019,2019-01-01 00:00:00+00:00,2019-12-31 23:55:00+00:00,72055,105120,0.6854547184170472,55502,0.7702833985621894,8999,0.16213830132247486,1.1102230246251565e-16,3.333333333310762e-05,3.33333e-05,0.0,0.18823121226840608,16553,2.0,9.0,251
USDT,5,close,2020,2020-01-01 00:05:00+00:00,2020-12-31 23:55:00+00:00,102947,105407,0.9766618915252308,101079,0.9818642783595283,38673,0.38260172736176656,9.99999993922529e-09,9.999999999998899e-05,0.0001,0.0,0.025916248166532294,1868,8.0,90.59999999999991,8477
USDT,5,ohlc_average,2020,2020-01-01 00:05:00+00:00,2020-12-31 23:55:00+00:00,102947,105407,0.9766618915252308,101079,0.9818642783595283,14784,0.14626183480248123,1.1102230246251565e-16,1.1102230246251565e-16,2.5e-05,0.0,0.025916248166532294,1868,8.0,90.59999999999991,8477
USDT,5,typical_price,2020,2020-01-01 00:05:00+00:00,2020-12-31 23:55:00+00:00,102947,105407,0.9766618915252308,101079,0.9818642783595283,20389,0.20171351121400094,1.1102230246251565e-16,2.220446049250313e-16,3.33333e-05,0.0,0.025916248166532294,1868,8.0,90.59999999999991,8477
USDT,5,close,2021,2021-01-01 00:00:00+00:00,2021-12-31 23:55:00+00:00,104822,105120,0.9971651445966514,104753,0.9993512750307667,54630,0.5215125103815642,9.999999999998899e-05,9.999999999998899e-05,0.0001,0.0,0.0005914788880196905,69,1054.0,3870.2000000000007,8224
USDT,5,ohlc_average,2021,2021-01-01 00:00:00+00:00,2021-12-31 23:55:00+00:00,104822,105120,0.9971651445966514,104753,0.9993512750307667,28840,0.2753143108073277,1.1102230246251565e-16,1.1102230246251565e-16,2.5e-05,0.0,0.0005914788880196905,69,1054.0,3870.2000000000007,8224
USDT,5,typical_price,2021,2021-01-01 00:00:00+00:00,2021-12-31 23:55:00+00:00,104822,105120,0.9971651445966514,104753,0.9993512750307667,39583,0.3778698462096551,1.1102230246251565e-16,2.220446049250313e-16,3.33333e-05,0.0,0.0005914788880196905,69,1054.0,3870.2000000000007,8224
USDT,5,close,2022,2022-01-01 00:00:00+00:00,2022-12-31 23:55:00+00:00,104910,105120,0.9980022831050228,104843,0.9993708833369873,59293,0.5655408563280333,9.999999999998899e-05,9.999999999998899e-05,0.0001,0.0,0.0007244304642074159,67,1208.0,4029.4,9720
USDT,5,ohlc_average,2022,2022-01-01 00:00:00+00:00,2022-12-31 23:55:00+00:00,104910,105120,0.9980022831050228,104843,0.9993708833369873,35811,0.34156786814570356,1.1102230246251565e-16,1.1102230246251565e-16,2.5e-05,0.0,0.0007244304642074159,67,1208.0,4029.4,9720
USDT,5,typical_price,2022,2022-01-01 00:00:00+00:00,2022-12-31 23:55:00+00:00,104910,105120,0.9980022831050228,104843,0.9993708833369873,49535,0.4724683574487567,1.1102230246251565e-16,3.333333333310762e-05,3.33333e-05,0.0,0.0007244304642074159,67,1208.0,4029.4,9720
USDT,5,close,2023,2023-01-01 00:00:00+00:00,2023-12-31 23:55:00+00:00,105027,105120,0.999115296803653,104992,0.9996762706377469,30606,0.29150792441328865,9.999999999843467e-06,9.999999999843467e-06,1e-05,0.0,0.00012377769525931428,35,2027.0,6154.8,12095
USDT,5,ohlc_average,2023,2023-01-01 00:00:00+00:00,2023-12-31 23:55:00+00:00,105027,105120,0.999115296803653,104992,0.9996762706377469,12772,0.1216473636086559,1.1102230246251565e-16,1.1102230246251565e-16,2.5e-06,0.0,0.00012377769525931428,35,2027.0,6154.8,12095
USDT,5,typical_price,2023,2023-01-01 00:00:00+00:00,2023-12-31 23:55:00+00:00,105027,105120,0.999115296803653,104992,0.9996762706377469,18349,0.17476569643401402,1.1102230246251565e-16,2.220446049250313e-16,3.3333e-06,0.0,0.00012377769525931428,35,2027.0,6154.8,12095
USDT,5,close,2024,2024-01-01 00:00:00+00:00,2024-12-31 23:55:00+00:00,105153,105408,0.9975808287795993,105118,0.9996766585514303,24272,0.23090241442949827,9.999999999843467e-06,9.999999999843467e-06,1e-05,0.0,8.55895694844655e-05,35,2147.0,6135.000000000004,9520
USDT,5,ohlc_average,2024,2024-01-01 00:00:00+00:00,2024-12-31 23:55:00+00:00,105153,105408,0.9975808287795993,105118,0.9996766585514303,8760,0.08333491885309842,1.1102230246251565e-16,2.220446049250313e-16,2.5e-06,0.0,8.55895694844655e-05,35,2147.0,6135.000000000004,9520
USDT,5,typical_price,2024,2024-01-01 00:00:00+00:00,2024-12-31 23:55:00+00:00,105153,105408,0.9975808287795993,105118,0.9996766585514303,12106,0.11516581365703304,1.1102230246251565e-16,2.220446049250313e-16,3.3333e-06,0.0,8.55895694844655e-05,35,2147.0,6135.000000000004,9520
USDT,5,close,2025,2025-01-01 00:00:00+00:00,2025-12-31 23:55:00+00:00,104923,105120,0.9981259512937595,104900,0.9997903204285088,28277,0.2695614871306006,9.999999999843467e-06,9.999999999843467e-06,1e-05,0.0,0.0001810851767486633,23,2605.0,12205.2,21579
USDT,5,ohlc_average,2025,2025-01-01 00:00:00+00:00,2025-12-31 23:55:00+00:00,104923,105120,0.9981259512937595,104900,0.9997903204285088,10864,0.10356530028598665,1.1102230246251565e-16,2.220446049250313e-16,2.5e-06,0.0,0.0001810851767486633,23,2605.0,12205.2,21579
USDT,5,typical_price,2025,2025-01-01 00:00:00+00:00,2025-12-31 23:55:00+00:00,104923,105120,0.9981259512937595,104900,0.9997903204285088,14516,0.13837940896091516,1.1102230246251565e-16,2.220446049250313e-16,3.3333e-06,0.0,0.0001810851767486633,23,2605.0,12205.2,21579
USDC,5,close,full,2020-01-08 15:15:00+00:00,2025-12-31 23:55:00+00:00,557622,629097,0.886384770552077,534125,0.9578638537644745,283011,0.5298591153756144,9.999000000004976e-05,9.999999999998899e-05,0.0001,0.0,0.06002811940705352,23497,4.0,36.0,13791
USDC,5,ohlc_average,full,2020-01-08 15:15:00+00:00,2025-12-31 23:55:00+00:00,557622,629097,0.886384770552077,534125,0.9578638537644745,133177,0.2493367657383571,1.1102230246251565e-16,1.1102230246251565e-16,2.5e-05,0.0,0.06002811940705352,23497,4.0,36.0,13791
USDC,5,typical_price,full,2020-01-08 15:15:00+00:00,2025-12-31 23:55:00+00:00,557622,629097,0.886384770552077,534125,0.9578638537644745,197561,0.369877837584835,1.1102230246251565e-16,3.333333333310762e-05,3.33333e-05,0.0,0.06002811940705352,23497,4.0,36.0,13791
USDC,5,close,2020,2020-01-08 15:15:00+00:00,2020-12-31 23:55:00+00:00,70553,103209,0.6835934850642871,57276,0.8118267377253657,25013,0.4367099657797332,9.999000000004976e-05,9.999999999998899e-05,0.0001,0.0,0.18003486740464617,13277,2.0,11.0,456
USDC,5,ohlc_average,2020,2020-01-08 15:15:00+00:00,2020-12-31 23:55:00+00:00,70553,103209,0.6835934850642871,57276,0.8118267377253657,12186,0.21275927089880578,1.1102230246251565e-16,1.1102230246251565e-16,5e-05,0.0,0.18003486740464617,13277,2.0,11.0,456
USDC,5,typical_price,2020,2020-01-08 15:15:00+00:00,2020-12-31 23:55:00+00:00,70553,103209,0.6835934850642871,57276,0.8118267377253657,13626,0.23790069138906347,1.1102230246251565e-16,3.333333333310762e-05,3.33333e-05,0.0,0.18003486740464617,13277,2.0,11.0,456
USDC,5,close,2021,2021-01-01 00:00:00+00:00,2021-12-31 23:55:00+00:00,103631,105120,0.9858352359208523,102501,0.9891054713885941,53851,0.5253704841903981,9.999999999998899e-05,9.999999999998899e-05,0.0001,0.0,0.02048614796730708,1130,19.0,266.0,1727
USDC,5,ohlc_average,2021,2021-01-01 00:00:00+00:00,2021-12-31 23:55:00+00:00,103631,105120,0.9858352359208523,102501,0.9891054713885941,26447,0.2580169949561468,1.1102230246251565e-16,1.1102230246251565e-16,2.5e-05,0.0,0.02048614796730708,1130,19.0,266.0,1727
USDC,5,typical_price,2021,2021-01-01 00:00:00+00:00,2021-12-31 23:55:00+00:00,103631,105120,0.9858352359208523,102501,0.9891054713885941,37226,0.36317694461517447,1.1102230246251565e-16,3.333333333310762e-05,3.33333e-05,0.0,0.02048614796730708,1130,19.0,266.0,1727
USDC,5,close,2022,2022-01-01 00:00:00+00:00,2022-12-31 23:55:00+00:00,101438,105120,0.9649733637747336,98425,0.9703066928241174,55207,0.5609042418084836,9.999999999998899e-05,9.999999999998899e-05,0.0001,0.0,0.0592677300419961,3013,8.0,83.0,1833
USDC,5,ohlc_average,2022,2022-01-01 00:00:00+00:00,2022-12-31 23:55:00+00:00,101438,105120,0.9649733637747336,98425,0.9703066928241174,24408,0.24798577597155194,1.1102230246251565e-16,1.1102230246251565e-16,2.5e-05,0.0,0.0592677300419961,3013,8.0,83.0,1833
USDC,5,typical_price,2022,2022-01-01 00:00:00+00:00,2022-12-31 23:55:00+00:00,101438,105120,0.9649733637747336,98425,0.9703066928241174,35950,0.36525273050546103,2.220446049250313e-16,3.333333333310762e-05,3.33333e-05,0.0,0.0592677300419961,3013,8.0,83.0,1833
USDC,5,close,2023,2023-01-01 00:00:00+00:00,2023-12-31 23:55:00+00:00,99457,105120,0.9461282343987824,94721,0.9523910070785071,50962,0.5380221914886878,9.999999999998899e-05,9.999999999998899e-05,0.0001,0.0,0.09045114974310506,4736,7.0,47.0,1334
USDC,5,ohlc_average,2023,2023-01-01 00:00:00+00:00,2023-12-31 23:55:00+00:00,99457,105120,0.9461282343987824,94721,0.9523910070785071,21626,0.22831262338868888,1.1102230246251565e-16,1.1102230246251565e-16,2.5e-05,0.0,0.09045114974310506,4736,7.0,47.0,1334
USDC,5,typical_price,2023,2023-01-01 00:00:00+00:00,2023-12-31 23:55:00+00:00,99457,105120,0.9461282343987824,94721,0.9523910070785071,31127,0.3286177299648441,1.1102230246251565e-16,3.333333333310762e-05,3.33333e-05,0.0,0.09045114974310506,4736,7.0,47.0,1334
USDC,5,close,2024,2024-01-01 00:00:00+00:00,2024-12-31 23:55:00+00:00,103801,105408,0.9847544778384942,102499,0.987466281310212,53533,0.5222782661294256,9.999999999998899e-05,9.999999999998899e-05,0.0001,0.0,0.03384360458955116,1302,17.0,209.0,3129
USDC,5,ohlc_average,2024,2024-01-01 00:00:00+00:00,2024-12-31 23:55:00+00:00,103801,105408,0.9847544778384942,102499,0.987466281310212,24150,0.23561205475175367,1.1102230246251565e-16,1.1102230246251565e-16,2.5e-05,0.0,0.03384360458955116,1302,17.0,209.0,3129
USDC,5,typical_price,2024,2024-01-01 00:00:00+00:00,2024-12-31 23:55:00+00:00,103801,105408,0.9847544778384942,102499,0.987466281310212,38614,0.37672562659147896,1.1102230246251565e-16,3.333333333310762e-05,3.33333e-05,0.0,0.03384360458955116,1302,17.0,209.0,3129
USDC,5,close,2025,2025-01-01 00:00:00+00:00,2025-12-31 23:55:00+00:00,78742,105120,0.7490677321156773,78698,0.9994539058432075,44441,0.5647030420086915,9.999999999998899e-05,9.999999999998899e-05,0.0001,0.0,0.001612862259023139,44,549.0,3452.5000000000005,13791
USDC,5,ohlc_average,2025,2025-01-01 00:00:00+00:00,2025-12-31 23:55:00+00:00,78742,105120,0.7490677321156773,78698,0.9994539058432075,24359,0.30952501969554497,1.1102230246251565e-16,1.1102230246251565e-16,2.5e-05,0.0,0.001612862259023139,44,549.0,3452.5000000000005,13791
USDC,5,typical_price,2025,2025-01-01 00:00:00+00:00,2025-12-31 23:55:00+00:00,78742,105120,0.7490677321156773,78698,0.9994539058432075,41016,0.5211822409718163,2.220446049250313e-16,3.333333333310762e-05,3.33333e-05,0.0,0.001612862259023139,44,549.0,3452.5000000000005,13791
DAI,5,close,full,2019-09-25 14:10:00+00:00,2025-12-31 22:55:00+00:00,358641,659338,0.5439410438955438,266872,0.7441222395717154,46373,0.17376495098773945,9.99999993922529e-09,9.999999999843467e-06,1e-05,0.0,0.17612319840732096,91769,1.0,6.0,826
DAI,5,ohlc_average,full,2019-09-25 14:10:00+00:00,2025-12-31 22:55:00+00:00,358641,659338,0.5439410438955438,266872,0.7441222395717154,15156,0.05679127072154441,1.1102230246251565e-16,2.4999999999053557e-06,5e-06,0.0,0.17612319840732096,91769,1.0,6.0,826
DAI,5,typical_price,full,2019-09-25 14:10:00+00:00,2025-12-31 22:55:00+00:00,358641,659338,0.5439410438955438,266872,0.7441222395717154,17129,0.06418432806738811,1.1102230246251565e-16,3.333333333133126e-06,3.3333e-06,0.0,0.17612319840732096,91769,1.0,6.0,826
DAI,5,close,2019,2019-09-25 14:10:00+00:00,2019-12-31 23:45:00+00:00,5683,28052,0.20258805076286895,2431,0.42784230904611054,586,0.24105306458247636,9.999999999843467e-06,9.999999999843467e-06,1e-05,0.0,0.3753299313742742,3252,1.0,3.0,62
DAI,5,ohlc_average,2019,2019-09-25 14:10:00+00:00,2019-12-31 23:45:00+00:00,5683,28052,0.20258805076286895,2431,0.42784230904611054,373,0.153434800493624,2.220446049250313e-16,2.5000000001274003e-06,1e-05,0.0,0.3753299313742742,3252,1.0,3.0,62
DAI,5,typical_price,2019,2019-09-25 14:10:00+00:00,2019-12-31 23:45:00+00:00,5683,28052,0.20258805076286895,2431,0.42784230904611054,372,0.1530234471410942,3.333333333133126e-06,3.3333333333551707e-06,1e-05,0.0,0.3753299313742742,3252,1.0,3.0,62
DAI,5,close,2020,2020-01-01 01:10:00+00:00,2020-12-31 23:55:00+00:00,40983,105394,0.38885515304476537,22830,0.557073837294422,3945,0.1727989487516426,9.99999993922529e-09,9.999999999843467e-06,1e-05,0.0,0.32040114193690067,18153,1.0,4.0,45
DAI,5,ohlc_average,2020,2020-01-01 01:10:00+00:00,2020-12-31 23:55:00+00:00,40983,105394,0.38885515304476537,22830,0.557073837294422,2320,0.10162067455102934,1.1102230246251565e-16,4.999999999921734e-06,1e-05,0.0,0.32040114193690067,18153,1.0,4.0,45
DAI,5,typical_price,2020,2020-01-01 01:10:00+00:00,2020-12-31 23:55:00+00:00,40983,105394,0.38885515304476537,22830,0.557073837294422,2297,0.1006132282084976,1.1102230246251565e-16,3.3333333333551707e-06,1e-05,0.0,0.32040114193690067,18153,1.0,4.0,45
DAI,5,close,2021,2021-01-01 00:00:00+00:00,2021-12-31 23:50:00+00:00,89166,105119,0.8482386628487714,79643,0.893209218863904,9247,0.11610562133520837,9.999999999843467e-06,9.999999999843467e-06,1e-05,0.0,0.08320436040643295,9523,3.0,20.0,537
DAI,5,ohlc_average,2021,2021-01-01 00:00:00+00:00,2021-12-31 23:50:00+00:00,89166,105119,0.8482386628487714,79643,0.893209218863904,2067,0.025953316675665156,1.1102230246251565e-16,2.4999999999053557e-06,5e-06,0.0,0.08320436040643295,9523,3.0,20.0,537
DAI,5,typical_price,2021,2021-01-01 00:00:00+00:00,2021-12-31 23:50:00+00:00,89166,105119,0.8482386628487714,79643,0.893209218863904,2456,0.030837612847331216,1.1102230246251565e-16,3.333333333133126e-06,3.3333e-06,0.0,0.08320436040643295,9523,3.0,20.0,537
DAI,5,close,2022,2022-01-01 00:00:00+00:00,2022-12-31 23:50:00+00:00,89727,105119,0.8535754716083677,81446,0.9077190557920781,17017,0.20893598212312453,9.999999999843467e-06,9.999999999843467e-06,1e-05,0.0,0.0683963578410066,8281,3.0,22.0,826
DAI,5,ohlc_average,2022,2022-01-01 00:00:00+00:00,2022-12-31 23:50:00+00:00,89727,105119,0.8535754716083677,81446,0.9077190557920781,4416,0.05421997397048351,1.1102230246251565e-16,1.1102230246251565e-16,5e-06,0.0,0.0683963578410066,8281,3.0,22.0,826
DAI,5,typical_price,2022,2022-01-01 00:00:00+00:00,2022-12-31 23:50:00+00:00,89727,105119,0.8535754716083677,81446,0.9077190557920781,5516,0.06772585516784127,1.1102230246251565e-16,2.220446049250313e-16,3.3333e-06,0.0,0.0683963578410066,8281,3.0,22.0,826
DAI,5,close,2023,2023-01-01 00:00:00+00:00,2023-12-31 23:50:00+00:00,59602,105119,0.5669955003377125,44031,0.7387627724367041,9023,0.20492380368376825,9.999999999843467e-06,9.99999999995449e-06,1e-05,0.0,0.17316533002248247,15571,2.0,6.0,523
DAI,5,ohlc_average,2023,2023-01-01 00:00:00+00:00,2023-12-31 23:50:00+00:00,59602,105119,0.5669955003377125,44031,0.7387627724367041,3050,0.0692693783924962,1.1102230246251565e-16,1.1102230246251565e-16,5e-06,0.0,0.17316533002248247,15571,2.0,6.0,523
DAI,5,typical_price,2023,2023-01-01 00:00:00+00:00,2023-12-31 23:50:00+00:00,59602,105119,0.5669955003377125,44031,0.7387627724367041,3481,0.07905793645386205,1.1102230246251565e-16,3.333333333133126e-06,3.3333e-06,0.0,0.17316533002248247,15571,2.0,6.0,523
DAI,5,close,2024,2024-01-01 00:35:00+00:00,2024-12-31 23:55:00+00:00,42617,105401,0.40433202721036804,23199,0.5443730054439647,4628,0.19949135738609422,9.999999999843467e-06,9.99999999995449e-06,1e-05,0.0,0.29140953140765424,19418,1.0,4.0,88
DAI,5,ohlc_average,2024,2024-01-01 00:35:00+00:00,2024-12-31 23:55:00+00:00,42617,105401,0.40433202721036804,23199,0.5443730054439647,2104,0.0906935643777749,1.1102230246251565e-16,2.4999999999053557e-06,5e-06,0.0,0.29140953140765424,19418,1.0,4.0,88
DAI,5,typical_price,2024,2024-01-01 00:35:00+00:00,2024-12-31 23:55:00+00:00,42617,105401,0.40433202721036804,23199,0.5443730054439647,2159,0.09306435622225095,1.1102230246251565e-16,3.333333333133126e-06,3.3333e-06,0.0,0.29140953140765424,19418,1.0,4.0,88
DAI,5,close,2025,2025-01-01 00:00:00+00:00,2025-12-31 22:55:00+00:00,30863,105108,0.29363131255470565,13290,0.430626660618236,1927,0.14499623777276147,9.999999999843467e-06,9.999999999843467e-06,1e-05,0.0,0.3760165894436704,17573,1.0,3.0,43
DAI,5,ohlc_average,2025,2025-01-01 00:00:00+00:00,2025-12-31 22:55:00+00:00,30863,105108,0.29363131255470565,13290,0.430626660618236,826,0.062151993980436415,1.1102230246251565e-16,2.4999999999053557e-06,1e-05,0.0,0.3760165894436704,17573,1.0,3.0,43
DAI,5,typical_price,2025,2025-01-01 00:00:00+00:00,2025-12-31 22:55:00+00:00,30863,105108,0.29363131255470565,13290,0.430626660618236,848,0.0638073739653875,1.1102230246251565e-16,3.3333333332441484e-06,1e-05,0.0,0.3760165894436704,17573,1.0,3.0,43
